Crash_ID,Crash_Fatal_Fl,Cmv_Involv_Fl,Schl_Bus_Fl,Rr_Relat_Fl,Medical_Advisory_Fl,Amend_Supp_Fl,Active_School_Zone_Fl,Crash_Date,Crash_Time,Case_ID,Local_Use,Rpt_CRIS_Cnty_ID,Rpt_City_ID,Rpt_Outside_City_Limit_Fl,Thousand_Damage_Fl,Rpt_Latitude,Rpt_Longitude,Rpt_Rdwy_Sys_ID,Rpt_Hwy_Num,Rpt_Hwy_Sfx,Rpt_Road_Part_ID,Rpt_Block_Num,Rpt_Street_Pfx,Rpt_Street_Name,Rpt_Street_Sfx,Private_Dr_Fl,Toll_Road_Fl,Crash_Speed_Limit,Road_Constr_Zone_Fl,Road_Constr_Zone_Wrkr_Fl,Rpt_Street_Desc,At_Intrsct_Fl,Rpt_Sec_Rdwy_Sys_ID,Rpt_Sec_Hwy_Num,Rpt_Sec_Hwy_Sfx,Rpt_Sec_Road_Part_ID,Rpt_Sec_Block_Num,Rpt_Sec_Street_Pfx,Rpt_Sec_Street_Name,Rpt_Sec_Street_Sfx,Rpt_Ref_Mark_Offset_Amt,Rpt_Ref_Mark_Dist_Uom,Rpt_Ref_Mark_Dir,Rpt_Ref_Mark_Nbr,Rpt_Sec_Street_Desc,Rpt_CrossingNumber,Wthr_Cond_ID,Light_Cond_ID,Entr_Road_ID,Road_Type_ID,Road_Algn_ID,Surf_Cond_ID,Traffic_Cntl_ID,Investigat_Notify_Time,Investigat_Notify_Meth,Investigat_Arrv_Time,Report_Date,Investigat_Comp_Fl,ORI_Number,Investigat_Agency_ID,Investigat_Area_ID,Investigat_District_ID,Investigat_Region_ID,Bridge_Detail_ID,Harm_Evnt_ID,Intrsct_Relat_ID,FHE_Collsn_ID,Obj_Struck_ID,Othr_Factr_ID,Road_Part_Adj_ID,Road_Cls_ID,Road_Relat_ID,Phys_Featr_1_ID,Phys_Featr_2_ID,Cnty_ID,City_ID,Latitude,Longitude,Hwy_Sys,Hwy_Nbr,Hwy_Sfx,Dfo,Street_Name,Street_Nbr,Control,Section,Milepoint,Ref_Mark_Nbr,Ref_Mark_Displ,Hwy_Sys_2,Hwy_Nbr_2,Hwy_Sfx_2,Street_Name_2,Street_Nbr_2,Control_2,Section_2,Milepoint_2,Txdot_Rptable_Fl,Onsys_Fl,Rural_Fl,Crash_Sev_ID,Pop_Group_ID,Located_Fl,Day_of_Week,Hwy_Dsgn_Lane_ID,Hwy_Dsgn_Hrt_ID,Hp_Shldr_Left,Hp_Shldr_Right,Hp_Median_Width,Base_Type_ID,Nbr_Of_Lane,Row_Width_Usual,Roadbed_Width,Surf_Width,Surf_Type_ID,Curb_Type_Left_ID,Curb_Type_Right_ID,Shldr_Type_Left_ID,Shldr_Width_Left,Shldr_Use_Left_ID,Shldr_Type_Right_ID,Shldr_Width_Right,Shldr_Use_Right_ID,Median_Type_ID,Median_Width,Rural_Urban_Type_ID,Func_Sys_ID,Adt_Curnt_Amt,Adt_Curnt_Year,Adt_Adj_Curnt_Amt,Pct_Single_Trk_Adt,Pct_Combo_Trk_Adt,Trk_Aadt_Pct,Curve_Type_ID,Curve_Lngth,Cd_Degr,Delta_Left_Right_ID,Dd_Degr,Feature_Crossed,Structure_Number,I_R_Min_Vert_Clear,Approach_Width,Bridge_Median_ID,Bridge_Loading_Type_ID,Bridge_Loading_In_1000_Lbs,Bridge_Srvc_Type_On_ID,Bridge_Srvc_Type_Under_ID,Culvert_Type_ID,Roadway_Width,Deck_Width,Bridge_Dir_Of_Traffic_ID,Bridge_Rte_Struct_Func_ID,Bridge_IR_Struct_Func_ID,CrossingNumber,RRCo,Poscrossing_ID,WDCode_ID,Standstop,Yield,Incap_Injry_Cnt,Nonincap_Injry_Cnt,Poss_Injry_Cnt,Non_Injry_Cnt,Unkn_Injry_Cnt,Tot_Injry_Cnt,Death_Cnt,MPO_ID,Investigat_Service_ID,Investigat_DA_ID,Investigator_Narrative
13128605,N,N,N,N,N,N,N,2/15/2013,2:10 PM,,,105,383,N,Y,29.82837,-97.98705,15,234,,7,697,,CENTERPOINT,RD,Y,N,5,N,N,,N,1,35,,,,,NOT REPORTED,,,,,,,,11,1,98,,1,1,1,6:45 PM,"TELEPHONE, DPS SA",7:10 PM,2/16/2013,Y,,10000,19,22,1,8,7,4,4,36,12,7,9,5,33,21,105,383,,,,,,,CR0234,,,,,,,,,,,,,,,N,N,N,5,7,N,FRI,,,,,,,,,,,,,,,,,,,,,,,,,,,,,,,,,,,,,,,,,,,,,,,,,,,,,,,,0,0,0,1,0,0,0,,,,
13128639,N,N,N,N,N,N,N,2/12/2013,1:40 PM,SAPD13032491,4250,15,379,N,N,,,19,,,1,1900,S,NEW BRAUNFELS,,N,N,35,N,N,,Y,19,,,1,700,E,DREXEL,,,,,,,,11,1,4,,1,1,8,1:49 PM,DISPATCHED,1:57 PM,2/12/2013,N,TXSPD0000,2473,,9,162,8,2,1,21,64,9,1,5,1,21,21,15,379,29.40055498,-98.46122232,,,,,S NEW BRAUNFELS AVE,1900,,,,,,,,,E DREXEL AVE,,,,,N,N,N,5,9,Y,TUE,,,,,,,,,,,,,,,,,,,,,,,,,,,,,,,,,,,,,,,,,,,,,,,,,,,,,,,,0,0,0,2,1,0,0,28,,,
13128683,N,N,N,N,N,N,N,2/9/2013,10:17 PM,13-13482,,220,156,N,N,32.73594,-97.36139,19,,,1,2400,,UNIVERSITY,DR,N,N,45,N,N,,N,19,,,,3700,,TRINITY PARK,DR,,,,,,,2,4,0,,1,2,1,10:27 PM,DISPATCH,10:34 PM,2/9/2013,Y,TX2201200,1318,885,19,120,8,2,4,22,64,42,1,5,1,21,21,220,156,32.73485542,-97.36126243,,,,,UNIVERSITY DR,,,,,,,,,,,,,,,N,N,N,5,9,Y,SAT,,,,,,,,,,,,,,,,,,,,,,,,,,,,,,,,,,,,,,,,,,,,,,,,,,,,,,,,0,0,0,3,0,0,0,282,,,
13128756,N,N,N,N,N,N,N,2/13/2013,10:31 PM,2013-5899,,101,29,N,Y,,,19,,,1,4900,,GARTH,RD,N,N,-1,N,N,,N,19,,,,1100,,CEDAR BAYOU LYNCHBURG,RD,,,,,LOCAL ROAD,,11,4,0,,1,1,1,10:31 PM,RADIO DISPATCH,10:38 PM,2/14/2013,Y,TX1010100,100,,,29,8,2,3,10,64,14,1,5,1,32,21,101,29,29.77658563,-94.97771683,,,,,GARTH RD,4886,,,,,,,,,,,,,,Y,N,N,5,7,Y,WED,,,,,,,,,,,,,,,,,,,,,,,,,,,,,,,,,,,,,,,,,,,,,,,,,,,,,,,,0,0,0,2,0,0,0,15,,,
13128827,N,N,N,N,N,N,N,2/11/2013,5:49 PM,0017625013J,,101,208,N,Y,,,1,610,,1,800,N,NORTH LP,,N,N,60,N,N,,N,19,,,,,,SHEPHERD,DR,,,,,,,2,1,0,2,1,2,20,5:49 PM,DISPATCHER,6:10 PM,2/15/2013,Y,TXHPD0000,2469,6,152,27,8,2,4,20,64,54,1,1,1,21,21,101,208,29.81283494,-95.41132687,IH,610,,15.703,IH0610,,271,14,3.671,16,-0.433,,,,,,,,,Y,Y,N,5,9,Y,MON,5,0,10,12,26,3,8,350,140,96,5,0,0,2,22,5,2,22,5,2,4,4,11,112193,2014,112193,4.2,5.6,9.8,,,,,,,,,,,,,,,,,,,,,,,,,,,0,0,0,2,0,0,0,15,,,
13128834,N,N,N,N,N,Y,N,2/5/2013,12:53 PM,13020635,,31,53,N,Y,,,4,1847,,1,8000,N,PAREDES LINE,RD,N,N,60,N,N,,N,4,511,,,1800,,FM 511,,,,,,,,11,1,0,3,1,1,20,12:54 PM,RADIO,1:13 PM,3/31/2013,Y,TX0310100,172,,125,17,8,2,3,20,64,46,1,3,1,32,21,31,53,26.0417516,-97.47889458,FM,1847,,19.474,FM1847,,1801,1,6.037,734,-0.798,,,,,,,,,Y,Y,N,5,8,Y,TUE,2,0,8,8,0,2,4,100,64,48,4,0,0,2,8,5,2,8,5,0,0,4,14,9940,2014,9940,2,0.9,2.9,,,,,,,,,,,,,,,,,,,,,,,,,,,0,0,0,6,0,0,0,248,,,
13128991,N,N,N,N,N,N,N,2/17/2013,10:33 PM,0020524713Q,FSRA,101,208,N,Y,,,19,,,1,3400,S,WOODRIDGE,DR,N,N,35,N,N,,Y,19,,,2,7100,S,SOUTH LP E,ST,,,,,,,8,4,3,,1,1,5,10:33 PM,DISP,11:45 PM,2/18/2013,Y,TXHPD0000,2469,16,104,28,8,2,1,10,64,54,2,5,1,21,21,101,208,29.69482482,-95.29830311,,,,,WOODRIDGE DR,3400,,,,,,,,,UNKNOWN,,,,,Y,N,N,3,9,Y,SUN,,,,,,,,,,,,,,,,,,,,,,,,,,,,,,,,,,,,,,,,,,,,,,,,,,,,,,,,0,0,1,2,1,1,0,15,,,
13129462,N,N,N,N,N,N,N,1/10/2013,7:43 AM,,2013006440,246,1811,Y,Y,,,15,311,,1,527,,CR 313,,N,N,40,N,N,,N,19,,,1,,,SHALE,DR,,,,,,,11,1,0,,1,2,1,7:48 AM,DISPATCHED,8:03 AM,1/10/2013,Y,TX2460000,2430,,,119,8,7,4,1,23,21,1,4,2,21,21,246,1811,30.80517843,-97.6066902,,,,,COUNTY ROAD 313,,,,,,,,,,,,,,,Y,N,Y,5,0,Y,THU,,,,,,,,,,,,,,,,,,,,,,,,,,,,,,,,,,,,,,,,,,,,,,,,,,,,,,,,0,0,0,3,0,0,0,90,,,
13129638,N,N,N,N,N,N,N,2/8/2013,4:38 PM,2013-000016,,71,207,N,Y,,,19,,,1,14000,,EASTLAKE BLVD EB,BLVD,N,N,45,N,N,,Y,19,,,1,496,N,N KENAZO AVE NB,AVE,,,,,,,11,1,2,,1,1,8,4:39 PM,DISPATCH,4:43 PM,2/8/2013,Y,,1476,,,,8,2,1,10,64,54,1,5,1,21,21,71,207,,,,,,,EASTLAKE BLVD EB BLVD,,,,,,,,,,N N KENAZO AVE NB AVE,,,,,Y,N,N,5,5,N,FRI,,,,,,,,,,,,,,,,,,,,,,,,,,,,,,,,,,,,,,,,,,,,,,,,,,,,,,,,0,0,0,6,0,0,0,,,,
13130098,N,N,N,N,N,N,N,2/8/2013,9:01 AM,13-024077,,43,336,N,Y,,,19,,,1,300,W,PLANO,PKWY,N,N,40,N,N,,Y,19,,,1,600,,ACCENT,DR,,,,,,,11,1,4,,1,1,5,9:04 AM,RADIO DISPATCHED,9:08 AM,2/8/2013,Y,TX0430600,1938,,,187,8,2,1,10,64,54,1,5,1,21,21,43,336,33.00897421,-96.71023258,,,,,W PLANO PKWY,298,,,,,,,,,ACCENT DR,,,,,Y,N,N,5,9,Y,FRI,,,,,,,,,,,,,,,,,,,,,,,,,,,,,,,,,,,,,,,,,,,,,,,,,,,,,,,,0,0,0,2,0,0,0,282,,,
13130143,N,N,N,N,N,N,N,2/4/2013,11:30 AM,13-00930,,84,165,N,Y,,,14,342,,1,2700,,61ST,ST,N,N,40,N,N,6-LANE DIVIDED,N,19,,,,,,T 12,AVE,,,,,2-LANE ROADWAY,,11,1,0,2,1,1,20,11:31 AM,DISPATCH,11:40 AM,2/4/2013,Y,TX0840400,1341,,,316,8,2,3,10,64,14,1,2,1,32,21,84,165,29.27098074,-94.82867564,SS,342,,1.343,SS0342,2804,51,8,2.342,502,1.284,,,,,,,,,Y,Y,N,3,6,Y,MON,3,0,0,0,12,3,6,120,66,66,4,1,2,1,0,0,1,0,0,1,12,2,14,18620,2014,18620,4.2,0.2,4.4,,,,,,,,,,,,,,,,,,,,,,,,,,,0,0,1,2,0,1,0,15,,,
13130308,N,N,N,N,N,N,N,2/6/2013,12:12 PM,13-00302,,101,447,N,Y,,,19,,,1,500,E,NASA,PKWY,N,N,45,N,N,,N,19,,,1,,N,SARAH DEEL,,,,,,,,2,1,0,,1,2,20,12:13 PM,DISPATCH,12:15 PM,2/6/2013,Y,TX1012500,2391,,,,8,2,4,22,64,42,1,5,1,21,21,101,447,29.53985422,-95.11526496,,,,,E NASA PKWY,,,,,,,,,,,,,,,Y,N,N,5,5,Y,WED,,,,,,,,,,,,,,,,,,,,,,,,,,,,,,,,,,,,,,,,,,,,,,,,,,,,,,,,0,0,0,2,0,0,0,15,,,
13130632,N,N,N,N,N,N,N,2/16/2013,1:25 PM,,,174,1739,Y,Y,31.75397,-94.67758,3,204,,1,,,NOT REPORTED,,N,N,70,N,N,,N,2,259,,,,,NOT REPORTED,,,,,,,,11,1,3,1,5,1,11,1:31 PM,POLICE DISPATCH,2:00 PM,2/16/2013,Y,,10000,19,58,1,8,2,3,22,64,47,1,2,1,32,21,174,1739,31.75404506,-94.678107,SH,204,,37.728,SH0204,274,450,4,18.144,722,1.157,,,,,,,,,Y,Y,Y,5,0,Y,SAT,2,0,10,10,0,2,2,80,44,24,4,0,0,2,10,5,2,10,5,0,0,1,6,2778,2014,2778,7,9.8,16.8,1,190,6,2,69,,,,,,,,,,,,,,,,,,,,,,0,0,0,5,0,0,0,,,,
13130930,N,N,N,N,N,Y,N,2/16/2013,7:30 PM,2013-BCSO-006847,A40,15,1580,Y,Y,29.47065,-98.33703,19,,,1,7703,,SHINING GLOW,TRL,N,N,35,N,N,BLACKTOP,N,19,,,,,,IVAN,DR,,,,,BLACKTOP,,11,3,0,,1,1,8,8:36 PM,DISPATCH,8:38 PM,2/23/2013,Y,TX0150000,120,,,162,8,4,4,4,64,54,1,4,1,21,21,15,1580,29.47060899,-98.33703128,,,,,SHINING GLOW,7712,,,,,,,,,,,,,,Y,N,Y,0,0,Y,SAT,,,,,,,,,,,,,,,,,,,,,,,,,,,,,,,,,,,,,,,,,,,,,,,,,,,,,,,,0,0,0,0,1,0,0,28,,,
13130953,N,N,N,N,N,N,N,2/8/2013,2:30 AM,99829,,241,1806,Y,Y,29.30747999,-96.00668,4,1301,,1,,,NOT REPORTED,,N,N,65,N,N,,N,15,113,,,,,NOT REPORTED,,,,,,,,11,3,0,1,4,1,11,4:37 AM,DROVE UPON,4:37 AM,2/18/2013,Y,,10000,8,52,1,8,7,4,1,33,54,1,3,2,21,21,241,1806,29.30636065,-96.00500579,FM,1301,,5.732,FM1301,6137,1412,3,5.99,642,-0.009,,,,,,,,,Y,Y,Y,2,0,Y,FRI,2,0,8,8,0,9,2,90,40,24,6,0,0,2,8,5,2,8,5,0,0,1,7,4648,2014,4648,3,0.7,3.7,,,,,,,,,,,,,,,,,,,,,,,,,,,0,1,0,0,0,1,0,,,,
13131171,N,N,N,N,N,N,N,2/19/2013,9:49 PM,13-1322,,220,214,N,Y,,,3,121,,3,,,NOT REPORTED,,N,N,-1,Y,Y,,N,19,,,,1400,,PRECINCT LINE,RD,,,,,,,2,4,0,2,1,2,20,9:49 PM,DISPATCH,10:00 PM,2/19/2013,Y,TX2201600,1503,,,35,8,7,4,1,56,49,3,2,1,21,21,220,214,32.83973725,-97.18197322,SH,121,,87.631,SH0121,672,364,1,18.767,296,-0.389,,,,,,,,,Y,Y,N,5,6,Y,TUE,5,0,0,10,20,9,6,350,92,72,6,1,0,1,0,0,2,20,5,2,20,4,12,178299,2014,178299,3,3.2,6.2,,,,,,,,,,,,,,,,,,,,,,,,,,,0,0,0,2,1,0,0,282,,,
13131219,N,N,N,N,N,N,N,2/19/2013,9:07 AM,SAPD13037609,2110,15,379,N,Y,,,1,35,,4,,,NB IH 35 N OFF RAMP,,N,N,50,N,N,DRY ASPHALT,Y,19,,,1,1000,,MCCULLOUGH,,,,,,DRY ASPHALT,,11,1,0,2,1,1,5,9:10 AM,DISPATCH,9:15 AM,2/19/2013,Y,TXSPD0000,2473,,3,122,8,2,1,24,64,42,4,1,1,21,21,15,379,29.43773325,-98.49052284,IH,35,,156.585,IH0035,,17,10,23.532,157,0.095,,,,MCCULLOUGH AVE,,,,,Y,Y,N,5,9,Y,TUE,5,0,3,4,8,9,9,230,165,108,5,0,0,2,25,5,2,32,5,2,3,4,11,153599,2014,153599,3.4,11.2,14.6,,,,,,,,,,,,,,,,,,,,,,,,,,,0,0,0,2,0,0,0,28,,,
13131337,N,N,N,N,N,N,N,2/14/2013,5:59 AM,13-000062,,25,54,N,Y,,,19,,,1,1708,,2ND ST,,N,N,30,N,N,,N,19,,,1,1300,,AVE I,,,,,,,,11,3,4,,2,1,11,6:03 AM,RADIO,6:15 AM,2/14/2013,Y,TX0250200,2550,135,95,89,8,4,4,1,64,29,1,5,1,21,21,25,54,31.70452103,-98.97847699,,,,,2ND ST,1687,,,,,,,,,,,,,,Y,N,N,5,5,Y,THU,,,,,,,,,,,,,,,,,,,,,,,,,,,,,,,,,,,,,,,,,,,,,,,,,,,,,,,,0,0,0,1,0,0,0,,,,
13131356,N,N,N,N,N,N,N,1/27/2013,8:15 PM,13100110,,241,454,N,Y,,,8,59,,1,1700,N,RICHMOND,RD,N,N,35,N,N,,Y,4,102,,1,200,W,BOLING HWY,HWY,,,,,,,11,4,2,1,1,1,5,8:21 PM,DISPATCH,8:24 PM,1/27/2013,Y,TX2410200,2414,,,,8,2,2,22,64,38,1,2,1,21,21,241,454,29.32573686,-96.09706417,SH,60,,22.614,SH0060,50,89,10,36.236,506,-0.008,FM,1301,,FM1301,,,,,Y,Y,N,5,4,Y,SUN,2,0,7,7,0,9,2,100,40,24,6,0,0,2,7,5,2,7,5,0,0,2,17,10512,2014,10512,2.7,6.1,8.8,,,,,,,,,,,,,,,,,,,,,,,,,,,0,0,0,5,0,0,0,,,,
13131425,N,N,N,N,N,N,N,1/30/2013,6:05 AM,,,81,1646,Y,Y,31.5251,-96.05697,4,1848,,1,,,NOT REPORTED,,N,N,60,N,N,,N,15,382,,,,,NOT REPORTED,,,,,,,,11,1,0,1,4,1,12,6:49 AM,FCSO,7:15 AM,1/31/2013,Y,,10000,15,119,1,8,7,4,1,32,3,1,3,2,21,21,81,1646,31.52586775,-96.05720264,FM,1848,,5.356,FM1848,663,2948,2,5.364,350,-0.67,,,,,,,,,Y,Y,Y,5,0,Y,WED,2,0,0,0,0,3,2,100,22,22,2,0,0,1,0,0,1,0,0,0,0,1,8,273,2014,273,18.3,16.7,35,,,,,,,,,,,,,,,,,,,,,,,,,,,0,0,0,1,0,0,0,,,,
13131682,N,N,N,N,N,N,N,2/19/2013,6:10 PM,0021336313U,,101,208,N,Y,,,19,,,1,1600,,HOLMES,RD,N,N,35,N,N,,N,19,,,,1600,,HOLMES,RD,,,,,,,11,4,0,,1,1,20,6:21 PM,DISPATCH,6:26 PM,2/19/2013,Y,TXHPD0000,2469,6,125,40,8,2,4,24,64,54,1,5,1,21,21,101,208,29.66555482,-95.41303308,,,,,HOLMES RD,1600,,,,,,,,,,,,,,Y,N,N,5,9,Y,TUE,,,,,,,,,,,,,,,,,,,,,,,,,,,,,,,,,,,,,,,,,,,,,,,,,,,,,,,,0,0,0,2,0,0,0,15,,,
13131702,N,Y,N,N,N,N,N,2/1/2013,3:51 PM,13-032179,,71,136,N,N,31.74488,-106.32028,19,,,1,11300,,JAMES WATT,DR,N,N,30,N,N,BLACK TOP,N,19,,,1,,,LEE TREVINO,,,,,,BLACK TOP,,11,1,0,,1,1,20,3:56 PM,DISPATCHED,4:13 PM,2/1/2013,Y,TX0710200,1259,,,182,8,2,3,10,64,14,1,5,1,32,21,71,136,31.74480716,-106.3201127,,,,,JAMES WATT DR,11305,,,,,,,,,,,,,,N,N,N,5,9,Y,FRI,,,,,,,,,,,,,,,,,,,,,,,,,,,,,,,,,,,,,,,,,,,,,,,,,,,,,,,,0,0,0,2,0,0,0,66,,,
13132328,N,N,N,N,N,N,N,2/14/2013,6:00 AM,0018687513A,,101,208,N,N,,,1,45,,1,18000,S,GULF,FWY,N,N,65,N,N,CONCRETE,N,19,,,,,,EL DORADO,BLVD,,,,,,,11,4,0,,1,1,20,6:00 AM,HPD DISPATCHER,6:10 AM,2/14/2013,Y,TXHPD0000,2469,9,104,17,8,2,4,20,64,42,1,1,1,21,21,101,208,,,IH,45,,,IH0045,,,,,,,,,,,,,,,Y,Y,N,3,9,N,THU,,,,,,,,,,,,,,,,,,,,,,,,,,,,,,,,,,,,,,,,,,,,,,,,,,,,,,,,0,0,1,1,0,1,0,,,,
13132564,N,N,N,N,N,N,N,2/8/2013,3:41 PM,C1300924,,178,97,N,Y,,,3,358,,1,1000,,NOT REPORTED,,N,N,60,N,N,BLACKTOP,N,19,,,1,5100,,GREENWOOD,ST,,,,,BLACKTOP,,11,1,2,2,1,1,20,3:43 PM,DISPATCH,3:50 PM,2/8/2013,Y,TX1780200,1115,,,51,8,2,4,21,64,9,1,2,1,21,21,178,97,27.74268268,-97.44189537,SH,358,,4.972,SH0358,,617,1,4.766,560,0.771,,,,,,,,,Y,Y,N,5,9,Y,FRI,5,0,10,10,22,8,6,300,112,72,4,0,0,2,20,5,2,20,5,2,2,4,12,63903,2014,63903,3.2,3,6.2,,,,,,,,,,,,,,,,,,,,,,,,,,,0,0,0,3,0,0,0,96,,,
13132745,N,N,N,N,N,N,N,2/4/2013,1:57 PM,2.01E+11,,233,112,N,Y,,,19,,,1,1200,N,BEDELL,AVE,N,N,30,N,N,,N,19,,,1,900,E,11TH,ST,,,,,,,11,1,3,3,1,1,8,1:57 PM,DISPATCHED,2:00 PM,2/4/2013,Y,TX2330100,1191,,,,8,2,4,21,64,9,1,2,1,21,21,233,112,29.37585666,-100.902483,US,90,,302.453,US0090,1294,22,10,73.247,420,-0.664,,,,,,,,,Y,Y,N,5,6,Y,MON,2,0,0,0,0,2,4,80,57,53,4,1,1,1,0,0,1,0,0,0,0,2,14,20456,2014,20456,3.3,11.3,14.7,,,,,,,,,,,,,,,,,,,,,,,,,,,0,0,0,2,0,0,0,,,,
13133028,N,N,N,N,N,N,N,2/3/2013,3:37 AM,13-034047,,71,136,N,Y,,,11,375,,1,24,,SL 375,,N,N,0,Y,N,,N,11,375,,1,24,,RAILROAD,,,,,,,,11,4,4,,1,1,20,3:40 AM,DISPATCHED,3:43 AM,2/3/2013,Y,TX0710200,1259,,,164,8,7,4,1,36,49,1,2,2,21,21,71,136,,,SL,375,,,SL0375,,,,,,,,,,,,,,,Y,Y,N,1,9,N,SUN,,,,,,,,,,,,,,,,,,,,,,,,,,,,,,,,,,,,,,,,,,,,,,,,,,,,,,,,1,0,0,0,0,1,0,,,,
13133053,N,N,N,N,N,N,N,2/11/2013,6:30 AM,34315A,,57,107,N,Y,,,19,,,1,8500,,HARRY HINES,BLVD,N,N,45,N,N,,N,19,,,,1900,,REGAL ROW,,,,,,,,11,4,0,,1,1,20,6:34 AM,DISPATCHED,6:40 AM,2/20/2013,Y,TX0000006,2471,,,87,8,2,4,22,64,38,1,5,1,21,21,57,107,32.83706738,-96.86547256,,,,,HARRY HINES BLVD,,,,,,,,,,,,,,,Y,N,N,5,9,Y,MON,,,,,,,,,,,,,,,,,,,,,,,,,,,,,,,,,,,,,,,,,,,,,,,,,,,,,,,,0,0,0,8,0,0,0,282,,,
13133420,N,N,N,N,N,N,N,2/17/2013,3:02 PM,SAPD13036393,4130,15,379,N,Y,,,2,281,,1,,N,US 281,HWY,N,N,60,N,N,,N,1,35,,,,N,IH 35,FWY,,,,,,,12,1,0,2,5,1,1,3:25 PM,DISPATCHED,3:31 PM,2/17/2013,Y,TXSPD0000,2473,,7,147,8,7,4,1,58,54,1,2,2,21,21,15,379,29.4389187,-98.47830773,US,281,,332.209,US0281,,73,8,26.017,536,0.924,,,,,,,,,Y,Y,N,5,9,Y,SUN,5,0,4,10,15,9,6,200,100,72,6,0,0,2,12,5,2,16,5,2,3,4,12,146357,2014,146357,1.8,0.6,2.3,,,,,,,,,,,,,,,,,,,,,,,,,,,0,0,0,2,0,0,0,28,,,
13133493,N,N,N,N,N,N,N,2/20/2013,4:00 PM,0021708513Y,,101,208,N,Y,,,2,6,,1,2300,S,HWY 6,,N,N,45,N,N,WET,N,19,,,,14500,,PIPING ROCK,,,,,,,,12,1,0,2,1,2,20,4:16 PM,DISPATCHED,4:38 PM,2/20/2013,Y,TXHPD0000,2469,51,128,21,8,2,4,20,64,54,1,2,1,21,21,101,208,29.73752703,-95.64413235,SH,6,,494.281,SH0006,2422,1685,5,13.853,676,0.994,,,,,,,,,Y,Y,N,5,9,Y,WED,3,0,0,0,1,3,6,160,96,84,6,1,1,1,0,0,1,0,0,1,1,4,14,64053,2014,64053,3.9,1.4,5.2,,,,,,,,,,,,,,,,,,,,,,,,,,,0,0,0,2,0,0,0,15,,,
13133622,N,N,N,N,N,N,N,2/20/2013,1:30 AM,SAPD13038247,5310,15,379,N,Y,,,19,,,1,4600,,CALLAGHAN,RD,N,N,40,N,N,,N,19,,,,3900,,THUNDER,DR,,,,,,,12,4,3,,4,1,11,1:31 AM,DISPATCHER,1:33 AM,2/20/2013,Y,TXSPD0000,2473,,19,148,8,7,4,1,21,54,1,5,2,21,21,15,379,29.47247497,-98.60251228,,,,,CALLAGHAN RD,4600,,,,,,,,,,,,,,Y,N,N,5,9,Y,WED,,,,,,,,,,,,,,,,,,,,,,,,,,,,,,,,,,,,,,,,,,,,,,,,,,,,,,,,0,0,0,1,0,0,0,28,,,
13133634,N,N,N,N,N,N,N,2/20/2013,11:50 AM,SAPD12038491,7220,15,379,N,Y,,,19,,,1,11800,,WURZBACH,RD,N,N,40,N,N,,Y,19,,,1,2700,,LOCKHILL SELMA,RD,,,,,,,2,1,0,2,2,2,5,12:19 PM,DISPATCHED,12:33 PM,2/20/2013,Y,TXSPD0000,2473,,61,123,8,2,2,22,64,3,1,3,1,21,21,15,379,29.55130329,-98.54126432,PA,1502,,0,PA1502,,1502,3,23.135,490,-0.04,,,,LOCKHILL SELMA RD,,,,,Y,Y,N,3,9,Y,WED,3,0,0,8,14,2,4,115,80,48,6,1,1,1,8,0,3,16,3,1,6,4,14,15476,2014,15476,1.2,0.4,1.6,,,,,,,,,,,,,,,,,,,,,,,,,,,0,0,1,1,0,1,0,28,,,
13133644,N,N,N,N,N,N,N,2/20/2013,10:30 AM,SAPD13038411,2330,15,379,N,Y,,,1,35,,3,0,S,IH 35,,N,N,60,N,N,,N,19,,,,400,S,FRIO,,,,,,,,12,1,0,,1,1,1,10:45 AM,DISPATCHED,10:48 AM,2/20/2013,N,TXSPD0000,2473,,11,175,8,2,4,21,64,9,1,1,1,21,21,15,379,,,IH,35,,,IH0035,,,,,,,,,,,,,,,Y,Y,N,5,9,N,WED,,,,,,,,,,,,,,,,,,,,,,,,,,,,,,,,,,,,,,,,,,,,,,,,,,,,,,,,0,0,0,1,1,0,0,,,,
13133649,N,N,N,N,N,N,N,2/20/2013,12:00 PM,SAPD13038500,6110,15,379,N,Y,,,17,,,7,3016,S,ZARZAMORA,,Y,N,5,N,N,PARKING LOT,N,19,,,,3000,S,ZARZAMORA,,,,,,,,12,1,0,,1,1,1,12:27 PM,DISPATCHED,12:36 PM,2/20/2013,Y,TXSPD0000,2473,,11,175,8,4,4,4,64,3,7,9,5,33,21,15,379,,,,,,,S ZARZAMORA,,,,,,,,,,,,,,,N,N,N,5,9,N,WED,,,,,,,,,,,,,,,,,,,,,,,,,,,,,,,,,,,,,,,,,,,,,,,,,,,,,,,,0,0,0,1,0,0,0,,,,
13133985,N,N,N,N,N,N,N,2/7/2013,10:30 AM,TX3OYB0NMIO5,,171,1736,Y,Y,35.70927,-101.96465,2,87,,1,,,NOT REPORTED,,N,N,70,N,N,US-0087,N,,,,,,,NOT REPORTED,,0.7,M,N,108,,,6,1,0,2,1,1,11,10:33 AM,DUMAS DISPATCH,10:48 AM,2/7/2013,Y,,10000,12,130,1,8,2,4,20,64,54,1,2,1,21,21,171,1736,35.69327365,-101.9650103,US,87,,87.695,US0087,,66,5,13.231,108,-0.7,,,,NOT REPORTED,,,,,Y,Y,Y,5,0,Y,THU,4,0,5,10,91,2,4,300,78,48,4,0,0,2,15,5,2,15,5,3,76,1,2,9779,2014,9779,11.2,27.1,38.3,1,21,1,1,1,,,,,,,,,,,,,,,,,,,,,,0,0,0,3,0,0,0,,,,