Crash_ID,Crash_Fatal_Fl,Cmv_Involv_Fl,Schl_Bus_Fl,Rr_Relat_Fl,Medical_Advisory_Fl,Amend_Supp_Fl,Active_School_Zone_Fl,Crash_Date,Crash_Time,Case_ID,Local_Use,Rpt_CRIS_Cnty_ID,Rpt_City_ID,Rpt_Outside_City_Limit_Fl,Thousand_Damage_Fl,Rpt_Latitude,Rpt_Longitude,Rpt_Rdwy_Sys_ID,Rpt_Hwy_Num,Rpt_Hwy_Sfx,Rpt_Road_Part_ID,Rpt_Block_Num,Rpt_Street_Pfx,Rpt_Street_Name,Rpt_Street_Sfx,Private_Dr_Fl,Toll_Road_Fl,Crash_Speed_Limit,Road_Constr_Zone_Fl,Road_Constr_Zone_Wrkr_Fl,Rpt_Street_Desc,At_Intrsct_Fl,Rpt_Sec_Rdwy_Sys_ID,Rpt_Sec_Hwy_Num,Rpt_Sec_Hwy_Sfx,Rpt_Sec_Road_Part_ID,Rpt_Sec_Block_Num,Rpt_Sec_Street_Pfx,Rpt_Sec_Street_Name,Rpt_Sec_Street_Sfx,Rpt_Ref_Mark_Offset_Amt,Rpt_Ref_Mark_Dist_Uom,Rpt_Ref_Mark_Dir,Rpt_Ref_Mark_Nbr,Rpt_Sec_Street_Desc,Rpt_CrossingNumber,Wthr_Cond_ID,Light_Cond_ID,Entr_Road_ID,Road_Type_ID,Road_Algn_ID,Surf_Cond_ID,Traffic_Cntl_ID,Investigat_Notify_Time,Investigat_Notify_Meth,Investigat_Arrv_Time,Report_Date,Investigat_Comp_Fl,ORI_Number,Investigat_Agency_ID,Investigat_Area_ID,Investigat_District_ID,Investigat_Region_ID,Bridge_Detail_ID,Harm_Evnt_ID,Intrsct_Relat_ID,FHE_Collsn_ID,Obj_Struck_ID,Othr_Factr_ID,Road_Part_Adj_ID,Road_Cls_ID,Road_Relat_ID,Phys_Featr_1_ID,Phys_Featr_2_ID,Cnty_ID,City_ID,Latitude,Longitude,Hwy_Sys,Hwy_Nbr,Hwy_Sfx,Dfo,Street_Name,Street_Nbr,Control,Section,Milepoint,Ref_Mark_Nbr,Ref_Mark_Displ,Hwy_Sys_2,Hwy_Nbr_2,Hwy_Sfx_2,Street_Name_2,Street_Nbr_2,Control_2,Section_2,Milepoint_2,Txdot_Rptable_Fl,Onsys_Fl,Rural_Fl,Crash_Sev_ID,Pop_Group_ID,Located_Fl,Day_of_Week,Hwy_Dsgn_Lane_ID,Hwy_Dsgn_Hrt_ID,Hp_Shldr_Left,Hp_Shldr_Right,Hp_Median_Width,Base_Type_ID,Nbr_Of_Lane,Row_Width_Usual,Roadbed_Width,Surf_Width,Surf_Type_ID,Curb_Type_Left_ID,Curb_Type_Right_ID,Shldr_Type_Left_ID,Shldr_Width_Left,Shldr_Use_Left_ID,Shldr_Type_Right_ID,Shldr_Width_Right,Shldr_Use_Right_ID,Median_Type_ID,Median_Width,Rural_Urban_Type_ID,Func_Sys_ID,Adt_Curnt_Amt,Adt_Curnt_Year,Adt_Adj_Curnt_Amt,Pct_Single_Trk_Adt,Pct_Combo_Trk_Adt,Trk_Aadt_Pct,Curve_Type_ID,Curve_Lngth,Cd_Degr,Delta_Left_Right_ID,Dd_Degr,Feature_Crossed,Structure_Number,I_R_Min_Vert_Clear,Approach_Width,Bridge_Median_ID,Bridge_Loading_Type_ID,Bridge_Loading_In_1000_Lbs,Bridge_Srvc_Type_On_ID,Bridge_Srvc_Type_Under_ID,Culvert_Type_ID,Roadway_Width,Deck_Width,Bridge_Dir_Of_Traffic_ID,Bridge_Rte_Struct_Func_ID,Bridge_IR_Struct_Func_ID,CrossingNumber,RRCo,Poscrossing_ID,WDCode_ID,Standstop,Yield,Incap_Injry_Cnt,Nonincap_Injry_Cnt,Poss_Injry_Cnt,Non_Injry_Cnt,Unkn_Injry_Cnt,Tot_Injry_Cnt,Death_Cnt,MPO_ID,Investigat_Service_ID,Investigat_DA_ID,Investigator_Narrative
13149609,N,N,N,N,N,N,N,3/1/2013,6:03 PM,SAPD13045327,5110,15,379,N,Y,,,19,,,7,700,,CASTROVILLE,RD,Y,N,10,N,N,707 CASTROVILLE RD,N,19,,,,300,,INCA,RD,,,,,300 INCA,,12,1,0,,1,1,1,6:08 PM,DISPATCH,6:14 PM,3/1/2013,Y,TXSPD0000,2473,,19,148,8,2,4,46,64,12,7,9,5,33,21,15,379,,,,,,,CASTROVILLE RD,,,,,,,,,,,,,,,N,N,N,5,9,N,FRI,,,,,,,,,,,,,,,,,,,,,,,,,,,,,,,,,,,,,,,,,,,,,,,,,,,,,,,,0,0,0,3,0,0,0,,,,
13149662,N,N,N,N,N,N,N,3/1/2013,11:24 PM,0025883413R,FSGI,101,208,N,Y,,,19,,,1,11100,,WESTHEIMER,RD,N,N,10,N,N,LEVEL CONCRETE,N,19,,,,,,MEADOWGLEN,LN,,,,,,,11,4,0,,1,1,1,11:30 PM,DISPATCH,11:52 PM,3/2/2013,Y,TXHPD0000,2469,18,128,21,8,4,4,4,64,12,7,9,5,33,21,101,208,,,,,,,WESTHEIMER RD,,,,,,,,,,,,,,,N,N,N,0,9,N,FRI,,,,,,,,,,,,,,,,,,,,,,,,,,,,,,,,,,,,,,,,,,,,,,,,,,,,,,,,0,0,0,0,1,0,0,,,,
13149666,N,N,N,N,N,N,N,3/1/2013,11:20 PM,SAPD13045543,2270,15,379,N,Y,,,1,35,,2,0,,IH 35,,N,N,35,N,N,,Y,19,,,1,1100,,BROOKLUN,AVE,,,,,,,11,4,98,2,1,1,5,11:23 PM,DISPATCHED,11:25 PM,3/1/2013,Y,TXSPD0000,2473,,3,122,8,2,1,23,64,3,2,1,1,21,21,15,379,29.4383382,-98.4894772,IH,35,,156.66,IH0035,,17,10,23.61,157,0.17,,,,BROOKLYN AVE,,,,,Y,Y,N,5,9,Y,FRI,5,0,3,4,8,9,9,230,165,108,5,0,0,2,25,5,2,32,5,2,3,4,11,153599,2014,153599,3.4,11.2,14.6,,,,,,,,,,,,,,,,,,,,,,,,,,,0,0,0,5,0,0,0,28,,,
13149873,N,N,N,N,N,N,N,3/2/2013,2:07 PM,0026129113E,,101,208,N,Y,,,1,45,,2,3500,S,GULF SER W,FWY,N,N,35,N,N,CONCRETE,Y,19,,,1,,,SCOTT,,,,,,,,11,1,0,,1,1,5,2:19 PM,DISPATCH,2:21 PM,3/2/2013,Y,TXHPD0000,2469,14,113,29,8,2,1,10,64,51,2,1,1,20,21,101,208,,,IH,45,,,IH0045,,,,,,,,,,SCOTT,,,,,Y,Y,N,2,9,N,SAT,,,,,,,,,,,,,,,,,,,,,,,,,,,,,,,,,,,,,,,,,,,,,,,,,,,,,,,,0,2,0,2,0,2,0,,,,
13150004,N,N,N,N,N,N,N,2/28/2013,7:15 AM,,,212,1777,Y,Y,32.37067,-95.3511,3,110,,1,,,NOT REPORTED,,N,N,60,N,N,,N,11,323,,,,,NOT REPORTED,,,,,,,,11,1,0,1,5,1,12,7:51 AM,DPS COMMUNICATIONS,8:04 AM,3/2/2013,Y,,10000,17,28,1,8,2,4,20,64,40,1,2,1,21,21,212,1777,32.37083362,-95.35185386,SH,110,,34.155,SH0110,2646,505,2,20.025,306,-0.047,,,,,,,,,Y,Y,Y,5,0,Y,THU,2,0,3,3,0,2,2,100,60,24,2,0,0,2,3,5,2,3,5,0,0,3,16,8824,2014,8824,5.3,7.8,13.1,,,,,,,,,,,,,,,,,,,,,,,,,,,0,0,0,2,0,0,0,213,,,
13150125,N,N,N,N,N,N,N,3/3/2013,12:13 PM,SAPD13046574,2250,15,379,N,Y,,,17,,,7,2102,,SAN PEDRO,AVE,Y,N,10,N,N,PRIVATE PARKING LOT,N,19,,,,300,W,MISTLETOE,,,,,,,,11,1,0,,1,1,1,12:33 PM,DISPATCHED,12:41 PM,3/3/2013,N,TXSPD0000,2473,,3,122,8,4,4,4,64,54,7,9,5,33,21,15,379,,,,,,,SAN PEDRO AVE,,,,,,,,,,,,,,,N,N,N,0,9,N,SUN,,,,,,,,,,,,,,,,,,,,,,,,,,,,,,,,,,,,,,,,,,,,,,,,,,,,,,,,0,0,0,0,1,0,0,,,,
13150512,N,N,N,N,N,N,N,2/8/2013,7:31 PM,C1300937,,178,97,N,Y,,,19,,,1,4100,S,STAPLES,ST,N,N,35,N,N,,N,19,,,1,4600,,EVERHART,RD,,,,,,,11,4,0,,1,1,20,7:58 PM,DISPATCH,8:02 PM,2/8/2013,Y,TX1780200,1115,,,19,8,2,2,22,64,38,1,5,1,21,21,178,97,27.72497962,-97.37818333,,,,,S STAPLES ST,4190,,,,,,,,,EVERHART RD,,,,,Y,N,N,5,9,Y,FRI,,,,,,,,,,,,,,,,,,,,,,,,,,,,,,,,,,,,,,,,,,,,,,,,,,,,,,,,0,0,0,2,0,0,0,96,,,
13150576,N,N,N,N,N,N,N,2/19/2013,8:00 AM,13-16667,,220,156,N,Y,,,3,183,,1,15200,,STATE HWY 183 WB,,N,N,60,N,N,,N,19,,,,,,COUNTY LINE RD,,,,,,,,11,1,0,,1,1,20,8:10 AM,DISPATCH,8:20 AM,2/19/2013,N,TX2201200,1318,885,9,120,8,2,4,21,64,9,1,2,1,21,21,220,156,,,SH,183,,,SH0183,,,,,,,,,,,,,,,Y,Y,N,5,9,N,TUE,,,,,,,,,,,,,,,,,,,,,,,,,,,,,,,,,,,,,,,,,,,,,,,,,,,,,,,,0,0,0,1,1,0,0,,,,
13150653,N,N,N,N,N,N,N,2/27/2013,11:22 AM,13025176,,170,92,N,Y,,,19,,,1,600,N,CONROE PARK,DR,N,N,35,N,N,,Y,19,,,1,3200,,POLLOCK,,,,,,,,11,1,2,,1,1,8,11:27 AM,DISPATCH,11:42 AM,2/27/2013,Y,TX1700100,325,,,122,8,2,1,10,64,54,1,5,1,21,21,170,92,,,,,,,N CONROE PARK DR,,,,,,,,,,POLLOCK,,,,,Y,N,N,5,7,N,WED,,,,,,,,,,,,,,,,,,,,,,,,,,,,,,,,,,,,,,,,,,,,,,,,,,,,,,,,0,0,0,2,0,0,0,,,,
13150712,N,N,N,N,N,N,N,2/15/2013,10:17 AM,13-046098,,71,136,N,Y,,,19,,,1,12140,,MONTWOOD,DR,N,N,35,N,N,,N,19,,,1,,,ZARAGOSA,,,,,,,,11,1,0,,4,1,9,10:21 AM,DISPATCHED,10:28 AM,2/15/2013,Y,TX0710200,1259,,,213,8,2,2,22,64,38,1,5,1,21,21,71,136,31.76062358,-106.2698148,,,,,MONTWOOD DR,,,,,,,,,,N ZARAGOZA RD,,,,,Y,N,N,5,9,Y,FRI,,,,,,,,,,,,,,,,,,,,,,,,,,,,,,,,,,,,,,,,,,,,,,,,,,,,,,,,0,0,0,2,0,0,0,66,,,
13150762,N,N,N,N,N,N,N,3/1/2013,6:53 AM,13030034,,170,92,N,Y,,,4,1488,,1,200,,FM 1488,,N,N,45,N,N,,N,1,45,,,,,NOT REPORTED,,,,,,,,11,1,0,3,1,1,20,6:54 AM,DISPATCH,7:06 AM,3/1/2013,Y,TX1700100,325,,,122,8,2,3,34,64,13,1,3,1,32,21,170,92,30.23669193,-95.4620317,FM,1488,,40.78,FM1488,,523,10,23.107,680,0.015,,,,,,,,,Y,Y,N,5,7,Y,FRI,2,0,10,10,0,3,4,100,84,64,5,0,0,2,10,5,2,10,5,0,0,4,16,45220,2014,45220,6.8,2.3,9.1,,,,,,,,,,,,,,,,,,,,,,,,,,,0,0,0,2,0,0,0,15,,,
13150778,N,N,N,N,N,N,N,2/18/2013,12:53 AM,13-049007,,71,136,N,N,31.72183,-106.35466,19,,,1,8100,,ALAMEDA,AVE,N,N,40,N,N,,N,19,,,1,8000,,BOWEN,,,,,,,,11,4,98,3,1,1,11,12:53 AM,ROLLED UP,12:53 AM,2/18/2013,Y,TX0710200,1259,,,180,8,7,4,1,20,54,1,2,2,21,21,71,136,31.72105069,-106.3541581,SH,20,,29.506,SH0020,8096,2,1,29.638,338,-0.367,,,,,,,,,N,Y,N,5,9,Y,MON,2,0,0,0,0,3,4,80,68,68,4,1,1,1,0,0,1,0,0,0,0,4,14,11565,2014,11565,1.9,1.5,3.5,,,,,,,,,,,,,,,,,,,,,,,,,,,0,0,0,1,0,0,0,66,,,
13151009,N,N,N,N,N,N,N,2/24/2013,10:45 PM,13022412,,220,277,N,Y,,,19,,,1,600,E,DEBBIE,LN,N,N,45,N,N,,N,19,,,1,1700,N,WALNUT CREEK,DR,,,,,,,11,4,0,,1,1,20,10:45 PM,DISPATCHED,10:55 PM,2/25/2013,Y,TX2202000,1726,,,33,8,7,4,1,29,54,1,5,4,21,21,220,277,32.5990213,-97.13164851,,,,,E DEBBIE LN,,,,,,,,,,,,,,,Y,N,N,5,7,Y,SUN,,,,,,,,,,,,,,,,,,,,,,,,,,,,,,,,,,,,,,,,,,,,,,,,,,,,,,,,0,0,0,1,0,0,0,282,,,
13151113,N,N,N,N,N,N,N,2/22/2013,11:24 PM,13-6402,,152,270,N,N,,,19,,,1,2000,,50TH,ST,N,N,45,N,N,,Y,19,,,1,4900,,U,AVE,,,,,,,11,4,4,,1,1,7,11:24 PM,DISPATCH,11:24 PM,2/22/2013,Y,TX1520200,1706,,,,8,2,1,34,64,54,1,5,1,21,21,152,270,33.54876434,-101.8617313,,,,,50TH ST,2101,,,,,,,,,AVENUE U,,,,,N,N,N,5,8,Y,FRI,,,,,,,,,,,,,,,,,,,,,,,,,,,,,,,,,,,,,,,,,,,,,,,,,,,,,,,,0,0,0,2,0,0,0,122,,,
13151142,N,N,N,N,N,N,N,3/1/2013,5:55 PM,13-0733,,15,193,N,Y,,,3,16,,1,14900,,BANDERA,RD,N,N,55,N,N,,N,19,,,,14900,,SCENIC LOOP,RD,,,,,,,11,1,0,2,1,1,5,5:58 PM,DISPATCH,6:00 PM,3/2/2013,Y,TX0153000,1435,,,35,8,2,2,22,64,38,1,2,1,21,21,15,193,29.58122655,-98.69207942,SH,16,,347.374,SH0016,14798,291,9,10.459,582,-0.957,,,,SCENIC LOOP RD,,,,,Y,Y,N,5,4,Y,FRI,3,0,6,10,39,2,4,180,80,48,4,0,0,2,12,5,2,20,5,3,27,4,14,13479,2014,13479,4.1,1,5.2,,,,,,,,,,,,,,,,,,,,,,,,,,,0,0,0,3,0,0,0,28,,,
13151151,N,N,N,N,N,N,N,2/20/2013,3:07 PM,13-6014,,152,270,N,Y,,,19,,,1,1000,,AVENUE Q,AVE,N,N,35,N,N,,Y,19,,,1,1600,,MAIN,ST,,,,,,,12,1,4,,1,2,5,3:07 PM,POLICE RADIO,3:13 PM,2/20/2013,Y,TX1520200,1706,,,,8,2,1,34,64,54,1,2,1,21,21,152,270,,,,,,,AVENUE Q AVE,,,,,,,,,,MAIN ST,,,,,Y,N,N,5,8,N,WED,,,,,,,,,,,,,,,,,,,,,,,,,,,,,,,,,,,,,,,,,,,,,,,,,,,,,,,,0,0,0,2,0,0,0,,,,
13151500,N,N,N,N,N,N,N,2/25/2013,2:30 PM,1300002998,,225,300,N,N,,,19,,,1,300,S,MADISON,AVE,N,N,30,N,N,"TWO LANE, ONE WAY STREET",Y,19,,,1,200,W,ALABAMA,ST,,,,,"TWO LANE, TWO WAY STREET",,11,1,0,3,1,1,5,2:32 PM,DISPATCHED,2:36 PM,2/26/2013,Y,TX2250100,1813,,8,36,8,2,1,10,64,54,1,2,1,21,21,225,300,33.15587723,-94.96897021,BU,271,E,4.992,BU0271E,199,221,9,18.666,236,0.954,,,,W ALABAMA ST,,,,,Y,Y,N,2,5,Y,MON,0,0,0,8,0,9,4,161,98,48,6,1,1,1,0,0,2,16,1,4,0,2,16,17031,2014,17031,3.8,20.7,24.5,,,,,,,,,,,,,,,,,,,,,,,,,,,0,1,0,2,0,1,0,,,,
13151505,N,N,N,N,N,N,N,1/25/2013,7:23 PM,13012525,,181,441,N,N,,,19,,,1,100,S,MAIN,ST,N,N,0,N,N,,Y,19,,,1,,,ORANGE,ST,,,,,,,11,4,0,3,1,1,5,7:23 PM,DISPATCH,8:07 PM,1/25/2013,Y,TX1810400,2368,,,,8,2,2,22,64,38,1,3,1,21,21,181,441,30.12376959,-94.01233569,FM,105,,17.326,FM0105,199,883,2,0.044,442,0.45,,,,ORANGE ST,,,,,N,Y,N,5,5,Y,FRI,2,0,9,9,0,9,4,80,68,50,5,2,2,2,9,2,2,9,2,0,0,3,14,7550,2014,7550,2.9,1.5,4.4,,,,,,,,,,,,,,,,,,,,,,,,,,,0,0,0,5,0,0,0,135,,,
13151629,N,N,N,N,N,N,N,2/19/2013,7:39 AM,20130011,,210,73,N,Y,,,19,,,1,,,TIMPSON,ST,N,N,25,N,N,TIMPSON AT CVS,N,2,96,,1,800,,HURST,ST,,,,,HURST,,11,1,0,,2,1,1,7:39 AM,DISPATCHED,7:42 AM,2/19/2013,Y,TX2100100,229,158,12,16,8,2,4,22,64,42,1,2,1,21,21,210,73,,,,,,,TIMPSON ST,,,,,,,,,,,,,,,Y,N,N,2,4,N,TUE,,,,,,,,,,,,,,,,,,,,,,,,,,,,,,,,,,,,,,,,,,,,,,,,,,,,,,,,0,4,0,1,0,4,0,,,,
13151727,N,N,N,N,N,N,N,3/3/2013,2:30 PM,,,170,1735,Y,Y,30.16851,-95.458,15,,,1,,,PINECROFT,DR,N,N,35,N,N,,N,15,,,,,,LAKEWOODLANDS,DR,,,,,,,11,1,0,,1,1,11,2:38 PM,DPS HOUSTON,2:39 PM,3/3/2013,Y,,10000,3,52,1,8,2,3,10,64,14,1,4,1,32,21,170,1735,30.16807231,-95.45830055,,,,,PINECROFT DR,,,,,,,,,,,,,,,Y,N,Y,5,0,Y,SUN,,,,,,,,,,,,,,,,,,,,,,,,,,,,,,,,,,,,,,,,,,,,,,,,,,,,,,,,0,0,0,2,0,0,0,15,,,
13151874,N,N,N,N,N,N,N,2/23/2013,9:54 AM,,,101,1666,Y,Y,29.9299,-95.5847,19,,,1,10900,,JONES,RD,N,N,45,N,N,,N,4,1960,,,10900,,NOT REPORTED,,,,,,CYPRESS CREEK PKWY,,11,1,0,,1,1,20,9:54 AM,HARRIS COUNTY DISPAT,9:59 AM,3/4/2013,Y,,10000,7,35,1,8,2,3,10,64,14,1,3,1,32,21,101,1666,29.93127008,-95.58495717,,,,,JONES RD,,,,,,,,,,,,,,,Y,N,Y,5,0,Y,SAT,,,,,,,,,,,,,,,,,,,,,,,,,,,,,,,,,,,,,,,,,,,,,,,,,,,,,,,,0,0,0,2,0,0,0,15,,,
13151884,N,N,N,N,N,N,N,2/22/2013,11:30 PM,13-9699,,108,132,N,N,,,19,,,1,1600,W,KUHN,ST,N,N,30,N,N,,N,19,,,,200,N,SUGAR,RD,,,,,,,11,4,0,,1,1,8,11:30 PM,DISPATCH,11:48 PM,2/27/2013,N,TX1080400,1248,,,35,8,4,4,1,64,54,1,5,1,21,21,108,132,26.30577457,-98.17805847,,,,,W KUHN ST,1611,,,,,,,,,,,,,,N,N,N,0,7,Y,FRI,,,,,,,,,,,,,,,,,,,,,,,,,,,,,,,,,,,,,,,,,,,,,,,,,,,,,,,,0,0,0,0,1,0,0,230,,,
13152130,N,N,N,N,N,N,N,2/15/2013,8:05 PM,2013-BCSO-006737,DS,15,379,N,Y,29.42473,-98.43918,19,,,1,3000,E,HOUSTON,RD,N,N,40,N,N,,Y,19,,,1,100,,COCA COLA,ST,,,,,,,11,4,0,,1,1,5,8:05 PM,ON SCENE,8:05 PM,2/15/2013,Y,TX0150000,120,,,162,8,2,1,34,64,54,1,5,1,21,21,15,379,29.42504497,-98.43936233,,,,,E HOUSTON ST,,,,,,,,,,COCA COLA PL,,,,,Y,N,N,5,9,Y,FRI,,,,,,,,,,,,,,,,,,,,,,,,,,,,,,,,,,,,,,,,,,,,,,,,,,,,,,,,0,0,0,2,0,0,0,28,,,
13152287,N,N,N,N,N,N,N,2/27/2013,5:15 PM,,,212,1777,Y,Y,32.35015,-95.24249,3,31,,1,,,NOT REPORTED,,N,N,60,N,N,,N,15,279,,,,,NOT REPORTED,,,,,,,,11,1,0,1,1,1,11,5:24 PM,DPS COMMUNICATIONS,5:37 PM,2/28/2013,Y,TXDPS5500,10000,3,28,1,8,2,4,20,64,21,1,2,1,21,21,212,1777,32.35013013,-95.24193498,SH,31,,122.739,SH0031,,424,1,12.808,702,0.802,,,,,,,,,Y,Y,Y,5,0,Y,WED,2,0,10,10,0,2,2,140,72,36,3,0,0,2,10,5,2,10,5,0,0,3,16,9571,2014,9571,3.3,3.1,6.5,,,,,,,,,,,,,,,,,,,,,,,,,,,0,0,0,2,0,0,0,213,,,
13152308,N,N,N,N,N,N,N,2/25/2013,4:20 PM,46054A,,57,107,N,Y,,,11,12,,1,6200,E,NORTHWEST,HWY,N,N,40,N,N,,N,19,,,,6000,,ABRAMS,RD,,,,,,,11,1,0,2,1,1,20,4:26 PM,DISPATCH,4:36 PM,2/25/2013,Y,TX0000006,2471,,,33,8,2,4,20,64,3,1,2,1,21,21,57,107,32.85900163,-96.75311403,SL,12,,25.979,SL0012,,353,5,27.707,610,0.022,,,,,,,,,Y,Y,N,5,9,Y,MON,3,0,0,0,15,3,6,160,66,66,6,2,1,1,0,0,1,0,0,1,15,4,14,40765,2014,40765,2.3,0.4,2.7,,,,,,,,,,,,,,,,,,,,,,,,,,,0,0,0,3,0,0,0,282,,,
13152383,N,Y,N,N,N,N,N,2/26/2013,1:05 PM,46707A,,57,107,N,Y,,,2,75,,2,12900,,CENTRAL,EXPY,N,N,50,N,N,SOUTH BOUND SERVICE ROAD,N,1,635,,,8100,,LYNDON B JOHNSON,FWY,,,,,,,11,1,8,2,1,1,9,1:08 PM,DISPATCH,1:20 PM,2/26/2013,Y,TX0000006,2471,,,59,8,2,1,14,64,54,2,2,1,21,21,57,107,32.92416998,-96.76395873,US,75,,66.077,US0075,,47,7,5.454,262,-0.37,IH,635,,IH0635,,,,,Y,Y,N,3,9,Y,TUE,5,0,12,10,28,3,8,300,140,96,5,0,0,2,24,5,2,20,5,2,4,4,12,165434,2014,165434,2.8,5.4,8.3,1,681,0,1,29,,,,,,,,,,,,,,,,,,,,,,0,0,1,1,0,1,0,282,,,
13152410,N,N,N,N,N,N,N,3/4/2013,7:09 PM,SAPD13047583,7330,15,379,N,Y,,,19,,,1,5500,,SILICON,DR,N,N,30,N,N,,N,19,,,,5500,,DEZAVALA,RD,,,,,,,12,1,0,,1,1,8,7:52 PM,FLAGED DOWN,7:52 PM,3/4/2013,N,TXSPD0000,2473,,61,123,8,5,3,1,64,3,1,5,1,32,21,15,379,,,,,,,SILICON DR,,,,,,,,,,,,,,,Y,N,N,3,9,N,MON,,,,,,,,,,,,,,,,,,,,,,,,,,,,,,,,,,,,,,,,,,,,,,,,,,,,,,,,0,0,1,1,0,1,0,,,,
13152599,N,N,N,N,N,N,N,3/4/2013,7:39 AM,SAPD13047032,2370,15,379,N,Y,,,1,35,,1,2300,S,NOT REPORTED,,N,N,60,N,N,,N,19,,,,0,,NOGALITOS,ST,,,,,,,11,1,0,2,5,1,1,7:39 AM,ON SCENE,7:39 AM,3/4/2013,Y,TXSPD0000,2473,,7,147,8,8,4,1,98,54,1,1,1,21,21,15,379,29.40109997,-98.511746,IH,35,,153.58,IH0035,,17,10,20.585,154,0.1,,,,,,,,,Y,Y,N,5,9,Y,MON,5,0,5,8,14,9,9,260,135,108,6,0,0,2,11,5,2,16,5,2,3,4,11,149360,2014,149360,3.4,11.2,14.6,1,19,1,2,0,,,,,,,,,,,,,,,,,,,,,,0,0,0,1,0,0,0,28,,,
13152840,N,N,N,N,N,N,N,2/21/2013,7:10 AM,130520416,,227,22,N,Y,,,1,35,,2,8000,N,SVRD SB,,N,N,55,N,N,,N,19,,,,,E,ANDERSON,LN,,,,,,,12,1,0,2,1,2,1,7:11 AM,DISPATCH,7:18 AM,2/21/2013,Y,TX2270100,74,,,302,8,2,4,22,64,42,2,1,1,21,21,227,22,30.34235672,-97.69810755,IH,35,,239.854,IH0035,,15,13,23.435,240,0.386,,,,,,,,,Y,Y,N,5,9,Y,THU,5,0,10,10,23,2,6,300,112,72,4,0,0,2,20,5,2,20,5,2,3,4,11,130691,2014,130691,3.3,9.4,12.7,,,,,,,,,,,,,,,,,,,,,,,,,,,0,0,0,6,0,0,0,90,,,
13152963,N,Y,N,N,N,N,N,1/17/2013,10:45 PM,13-0038,,28,273,N,Y,,,2,90,,7,190,,US HWY 90,,Y,N,0,N,N,,N,2,183,,,,,NOT REPORTED,,,,,,,,11,4,0,,8,1,1,10:51 PM,RADIO,10:54 PM,1/17/2013,Y,TX0280200,1709,,,,8,4,4,1,64,54,7,9,5,33,21,28,273,,,US,90,,,US0090,,,,,,,,,,,,,,,N,Y,N,5,4,N,THU,,,,,,,,,,,,,,,,,,,,,,,,,,,,,,,,,,,,,,,,,,,,,,,,,,,,,,,,0,0,0,2,0,0,0,,,,
13153145,N,N,N,N,N,N,N,2/21/2013,12:50 PM,13-3882,,108,448,N,Y,26.15916,-97.99055,2,83,,2,200,W,FRONTAGE,RD,N,N,30,N,N,,N,4,88,,,1000,N,TEXAS,BLVD,,,,,,,12,1,0,3,1,1,5,12:51 PM,RADIO DISPATCHED,12:52 PM,2/21/2013,Y,TX1081400,2396,54,14,20,8,2,4,22,64,38,2,2,1,21,21,108,448,26.1597008,-97.9915461,BU,83,S,28.375,BU0083S,,39,4,12.153,526,0.562,,,,,,,,,Y,Y,N,5,6,Y,THU,2,0,0,9,0,2,4,95,70,50,4,2,2,1,0,0,2,9,5,0,0,4,14,14118,2014,14118,1.3,0.2,1.5,,,,,,,,,,,,,,,,,,,,,,,,,,,0,0,0,3,0,0,0,230,,,
13153163,N,N,N,N,N,N,N,2/15/2013,1:14 PM,13-3418,,108,448,N,Y,,,4,88,,1,1300,N,TEXAS,BLVD,N,N,35,N,N,,Y,19,,,1,,,PENA ST,,,,,,,,11,1,4,,1,1,8,1:16 PM,DISPATCHED,1:20 PM,2/15/2013,Y,TX1081400,2396,,,,8,2,3,10,64,14,1,3,1,32,21,108,448,,,FM,88,,,FM0088,,,,,,,,,,,,,,,Y,Y,N,5,6,N,FRI,,,,,,,,,,,,,,,,,,,,,,,,,,,,,,,,,,,,,,,,,,,,,,,,,,,,,,,,0,0,0,3,0,0,0,,,,
13153476,N,N,N,N,N,N,N,2/16/2013,7:24 PM,130009140,,220,19,N,Y,,,4,157,,1,2100,S,COOPER,ST,N,N,40,N,N,,Y,19,,,1,2100,,MATLOCK,RD,,,,,,,11,4,2,,1,1,20,7:26 PM,DISPATCHED,7:35 PM,2/16/2013,Y,TX2200100,59,,8,63,8,2,3,10,64,14,1,3,1,32,21,220,19,,,FM,157,,,FM0157,,,,,,,,,,,,,,,Y,Y,N,3,9,N,SAT,,,,,,,,,,,,,,,,,,,,,,,,,,,,,,,,,,,,,,,,,,,,,,,,,,,,,,,,0,0,1,4,0,1,0,,,,
13153813,N,N,N,N,N,N,N,2/15/2013,3:48 PM,13-2687,,92,268,N,Y,,,19,,,1,100,,HOLLYBROOK,DR,N,N,40,N,N,,N,14,502,,,,,JUDSON,RD,,,,,,,12,1,0,,1,2,5,4:01 PM,DISPATCHED,4:10 PM,2/16/2013,Y,920500,1691,,,,8,2,2,22,64,38,1,2,1,21,21,92,268,32.53194679,-94.74309869,,,,,HOLLYBROOK DR,104,,,,,,SS,502,,SS0502,,,,,Y,N,N,3,7,Y,FRI,,,,,,,,,,,,,,,,,,,,,,,,,,,,,,,,,,,,,,,,,,,,,,,,,,,,,,,,0,0,1,3,0,1,0,361,,,