Crash_ID,Crash_Fatal_Fl,Cmv_Involv_Fl,Schl_Bus_Fl,Rr_Relat_Fl,Medical_Advisory_Fl,Amend_Supp_Fl,Active_School_Zone_Fl,Crash_Date,Crash_Time,Case_ID,Local_Use,Rpt_CRIS_Cnty_ID,Rpt_City_ID,Rpt_Outside_City_Limit_Fl,Thousand_Damage_Fl,Rpt_Latitude,Rpt_Longitude,Rpt_Rdwy_Sys_ID,Rpt_Hwy_Num,Rpt_Hwy_Sfx,Rpt_Road_Part_ID,Rpt_Block_Num,Rpt_Street_Pfx,Rpt_Street_Name,Rpt_Street_Sfx,Private_Dr_Fl,Toll_Road_Fl,Crash_Speed_Limit,Road_Constr_Zone_Fl,Road_Constr_Zone_Wrkr_Fl,Rpt_Street_Desc,At_Intrsct_Fl,Rpt_Sec_Rdwy_Sys_ID,Rpt_Sec_Hwy_Num,Rpt_Sec_Hwy_Sfx,Rpt_Sec_Road_Part_ID,Rpt_Sec_Block_Num,Rpt_Sec_Street_Pfx,Rpt_Sec_Street_Name,Rpt_Sec_Street_Sfx,Rpt_Ref_Mark_Offset_Amt,Rpt_Ref_Mark_Dist_Uom,Rpt_Ref_Mark_Dir,Rpt_Ref_Mark_Nbr,Rpt_Sec_Street_Desc,Rpt_CrossingNumber,Wthr_Cond_ID,Light_Cond_ID,Entr_Road_ID,Road_Type_ID,Road_Algn_ID,Surf_Cond_ID,Traffic_Cntl_ID,Investigat_Notify_Time,Investigat_Notify_Meth,Investigat_Arrv_Time,Report_Date,Investigat_Comp_Fl,ORI_Number,Investigat_Agency_ID,Investigat_Area_ID,Investigat_District_ID,Investigat_Region_ID,Bridge_Detail_ID,Harm_Evnt_ID,Intrsct_Relat_ID,FHE_Collsn_ID,Obj_Struck_ID,Othr_Factr_ID,Road_Part_Adj_ID,Road_Cls_ID,Road_Relat_ID,Phys_Featr_1_ID,Phys_Featr_2_ID,Cnty_ID,City_ID,Latitude,Longitude,Hwy_Sys,Hwy_Nbr,Hwy_Sfx,Dfo,Street_Name,Street_Nbr,Control,Section,Milepoint,Ref_Mark_Nbr,Ref_Mark_Displ,Hwy_Sys_2,Hwy_Nbr_2,Hwy_Sfx_2,Street_Name_2,Street_Nbr_2,Control_2,Section_2,Milepoint_2,Txdot_Rptable_Fl,Onsys_Fl,Rural_Fl,Crash_Sev_ID,Pop_Group_ID,Located_Fl,Day_of_Week,Hwy_Dsgn_Lane_ID,Hwy_Dsgn_Hrt_ID,Hp_Shldr_Left,Hp_Shldr_Right,Hp_Median_Width,Base_Type_ID,Nbr_Of_Lane,Row_Width_Usual,Roadbed_Width,Surf_Width,Surf_Type_ID,Curb_Type_Left_ID,Curb_Type_Right_ID,Shldr_Type_Left_ID,Shldr_Width_Left,Shldr_Use_Left_ID,Shldr_Type_Right_ID,Shldr_Width_Right,Shldr_Use_Right_ID,Median_Type_ID,Median_Width,Rural_Urban_Type_ID,Func_Sys_ID,Adt_Curnt_Amt,Adt_Curnt_Year,Adt_Adj_Curnt_Amt,Pct_Single_Trk_Adt,Pct_Combo_Trk_Adt,Trk_Aadt_Pct,Curve_Type_ID,Curve_Lngth,Cd_Degr,Delta_Left_Right_ID,Dd_Degr,Feature_Crossed,Structure_Number,I_R_Min_Vert_Clear,Approach_Width,Bridge_Median_ID,Bridge_Loading_Type_ID,Bridge_Loading_In_1000_Lbs,Bridge_Srvc_Type_On_ID,Bridge_Srvc_Type_Under_ID,Culvert_Type_ID,Roadway_Width,Deck_Width,Bridge_Dir_Of_Traffic_ID,Bridge_Rte_Struct_Func_ID,Bridge_IR_Struct_Func_ID,CrossingNumber,RRCo,Poscrossing_ID,WDCode_ID,Standstop,Yield,Incap_Injry_Cnt,Nonincap_Injry_Cnt,Poss_Injry_Cnt,Non_Injry_Cnt,Unkn_Injry_Cnt,Tot_Injry_Cnt,Death_Cnt,MPO_ID,Investigat_Service_ID,Investigat_DA_ID,Investigator_Narrative
13153857,N,N,N,N,N,N,N,2/28/2013,5:44 AM,P130590082,,79,1644,Y,Y,,,4,1875,,1,1100,,FM 1875,RD,N,N,55,N,N,TWO LANE BLACK TOP ROAD,N,19,,,,7900,,LEHMANN,RD,,,,,TWO LANE BLACK TOP ROAD,,11,3,0,1,1,1,11,5:49 AM,DISPATCH,6:05 AM,2/28/2013,Y,TX0790000,1312,,,35,8,6,4,1,64,54,1,3,1,21,21,79,1644,29.50081025,-95.94104738,FM,1875,,3.587,FM1875,1158,527,5,3.568,488,0.991,,,,,,,,,Y,Y,Y,2,0,Y,THU,2,0,3,3,0,2,2,80,32,24,2,0,0,2,3,5,2,3,5,0,0,1,7,681,2014,681,10.6,12.8,23.4,,,,,,,,,,,,,,,,,,,,,,,,,,,0,1,0,0,0,1,0,15,,,
13153952,N,N,N,N,N,N,N,2/14/2013,4:12 PM,13-045203,,71,136,N,Y,,,1,10,,1,21,,I 10,HWY,N,N,60,N,N,"FLAT,LEVEL",N,1,10,,1,21,,24,,,,,,"FLAT, LEVEL",,11,1,0,,1,1,20,4:12 PM,DISPATCH,4:20 PM,2/14/2013,Y,TX0710200,1259,,,57,8,2,4,22,64,42,1,1,1,21,21,71,136,,,IH,10,,,IH0010,,,,,,,,,,,,,,,Y,Y,N,5,9,N,THU,,,,,,,,,,,,,,,,,,,,,,,,,,,,,,,,,,,,,,,,,,,,,,,,,,,,,,,,0,0,0,3,0,0,0,,,,
13153976,N,N,N,N,N,N,N,2/14/2013,8:10 AM,13-045062,,71,136,N,Y,,,19,,,7,,,BEN PROCTOR,DR,N,N,0,N,N,,Y,19,,,7,,,PETER COOPER,DR,,,,,,,11,1,98,,7,8,17,9:06 AM,PHONE,9:06 AM,2/14/2013,N,TX0710200,1259,,,197,8,2,2,24,64,54,1,5,1,21,21,71,136,31.73139484,-106.2773704,,,,,BEN PROCTOR DR,12099,,,,,,,,,PETER COOPER DR,,,,,Y,N,N,5,9,Y,THU,,,,,,,,,,,,,,,,,,,,,,,,,,,,,,,,,,,,,,,,,,,,,,,,,,,,,,,,0,0,0,1,1,0,0,66,,,
13153991,N,N,N,N,N,N,N,2/14/2013,9:28 PM,13-045279,,71,136,N,Y,,,19,,,1,1500,N,LEE TREVINO,DR,N,N,45,N,N,8 LANES,N,19,,,1,,,VISTA DEL SOL,,,,,,,,11,4,0,,1,1,5,9:38 PM,DISPATCHED,9:44 PM,2/14/2013,Y,TX0710200,1259,,,182,8,2,2,22,64,38,1,5,1,21,21,71,136,31.75405778,-106.3189789,,,,,N LEE TREVINO DR,,,,,,,,,,VISTA DEL SOL DR,,,,,Y,N,N,5,9,Y,THU,,,,,,,,,,,,,,,,,,,,,,,,,,,,,,,,,,,,,,,,,,,,,,,,,,,,,,,,0,0,0,4,0,0,0,66,,,
13154381,N,N,N,N,N,N,N,2/13/2013,4:38 PM,130441443,,227,22,N,Y,,,1,35,,2,4400,N,NOT REPORTED,,N,N,0,N,N,,N,19,,,,,,BARBARA JORDAN,BLVD,,,,,,,11,1,0,2,2,1,1,4:38 PM,DISPATCHED,4:38 PM,2/13/2013,Y,TX2270100,74,12,81,106,8,2,4,20,64,54,1,1,1,21,21,227,22,30.30465741,-97.71347168,IH,35,,237.063,IH0035,,15,13,20.658,238,-0.373,,,,,,,,,Y,Y,N,5,9,Y,WED,5,0,4,10,32,2,8,300,124,96,4,0,0,2,8,5,2,20,5,2,24,4,11,174473,2014,174473,3.3,9.4,12.7,,,,,,,,,,,,,,,,,,,,,,,,,,,0,0,0,3,0,0,0,90,,,
13154442,N,N,N,N,N,Y,N,2/25/2013,12:35 PM,,,152,1717,Y,Y,33.693,-101.837,1,27,,1,,,NOT REPORTED,,N,N,70,N,N,,N,,,,,,,NOT REPORTED,,200,F,N,11,,,6,1,0,2,1,9,20,12:37 PM,DPS DISPATCH,12:50 PM,3/6/2013,Y,,10000,17,17,1,8,2,4,22,64,10,1,1,1,21,21,152,1717,33.68180846,-101.8360745,IH,27,,11.135,IH0027,,67,7,14.923,11,200,,,,NOT REPORTED,,,,,Y,Y,Y,5,0,Y,MON,5,0,4,10,48,8,4,300,76,48,5,0,0,2,8,5,2,20,5,3,40,4,11,16888,2014,16888,7.4,15.8,23.2,,,,,,,,,,,,,,,,,,,,,,,,,,,0,0,0,2,0,0,0,122,,,
13154498,N,N,N,N,N,N,N,3/1/2013,2:01 PM,13030065,,31,53,N,N,,,19,,,1,1000,E,ELIZABETH,ST,N,N,30,N,N,,N,19,,,,400,E,11TH,ST,,,,,,,11,1,0,3,1,1,5,2:13 PM,DISPATCHED,2:25 PM,3/1/2013,Y,TX0310100,172,,211,44,8,2,4,21,64,11,1,2,1,12,21,31,53,25.9022841,-97.49878554,BU,77,Z,3.626,BU0077Z,544,39,10,4.163,744,1.41,,,,,,,,,N,Y,N,5,8,Y,FRI,0,0,0,0,0,2,4,120,80,48,4,0,0,1,0,0,1,0,0,4,0,4,16,12015,2014,12015,1.3,0.2,1.5,,,,,,,,,,,,,,,,,,,,,,,,,,,0,0,0,2,0,0,0,248,,,
13154532,N,N,N,N,N,N,N,2/18/2013,11:30 PM,2013-BCSO-007028,b10,15,379,N,Y,29.42646,-98.44029,19,,,7,3201,E,HOUSTON,,N,N,-1,N,N,,N,19,,,,100,,ATT CENTER,PKWY,,,,,,,11,4,0,,1,1,1,11:15 PM,DISPATCHED,11:20 PM,2/19/2013,Y,TX0150000,120,,,162,8,2,4,21,64,54,7,9,5,33,21,15,379,,,,,,,E HOUSTON,,,,,,,,,,,,,,,N,N,N,5,9,N,MON,,,,,,,,,,,,,,,,,,,,,,,,,,,,,,,,,,,,,,,,,,,,,,,,,,,,,,,,0,0,0,2,1,0,0,,,,
13154601,N,N,N,N,N,N,N,3/4/2013,4:47 PM,SAPD13047431,6170,15,379,N,Y,,,3,16,,1,12700,S,NOT REPORTED,HWY,N,N,60,N,N,,N,19,,,,12900,SE,ZARZAMORA,ST,,,,,,,12,1,98,2,1,1,5,4:47 PM,DISPATCHED,4:53 PM,3/4/2013,Y,TXSPD0000,2473,,11,175,8,2,4,22,64,42,1,2,1,21,21,15,1580,29.2929219,-98.55793299,SH,16,,375.01,SH0016,,613,1,4.779,608,0.658,,,,,,,,,Y,Y,Y,3,0,Y,MON,4,0,4,10,30,2,4,230,76,48,4,0,0,2,8,5,2,20,5,3,22,4,12,23385,2014,23385,7.5,6.4,13.9,,,,,,,,,,,,,,,,,,,,,,,,,,,0,0,2,1,0,2,0,28,,,
13154647,N,N,N,N,N,N,N,2/23/2013,8:30 PM,0023121013F,,101,208,N,Y,,,19,,,1,1500,,BISSONNET,ST,N,N,30,N,N,CONCRETE,N,19,,,,5300,,MANDELL,RD,,,,,,,11,4,2,,1,1,1,8:34 PM,DISPATCHED,8:39 PM,2/23/2013,Y,TXHPD0000,2469,51,113,29,8,2,3,14,64,14,1,5,1,32,21,101,208,29.72569453,-95.39969465,,,,,BISSONNET ST,1602,,,,,,,,,,,,,,Y,N,N,5,9,Y,SAT,,,,,,,,,,,,,,,,,,,,,,,,,,,,,,,,,,,,,,,,,,,,,,,,,,,,,,,,0,0,0,7,0,0,0,15,,,
13154690,N,N,N,N,N,N,N,2/8/2013,3:22 PM,0016248213V,,101,208,N,Y,,,19,,,1,1900,,CHARTRES,,N,N,30,N,N,,Y,19,,,1,2000,,PIERCE,,,,,,,,12,1,4,,1,1,5,3:23 PM,DISPATCHER,3:29 PM,3/4/2013,Y,TXHPD0000,2469,18,113,29,8,2,1,10,1,54,1,5,1,21,21,101,208,29.7443048,-95.36222309,,,,,CHARTRES ST,1999,,,,,,,,,PIERCE ST,,,,,Y,N,N,3,9,Y,FRI,,,,,,,,,,,,,,,,,,,,,,,,,,,,,,,,,,,,,,,,,,,,,,,,,,,,,,,,0,0,2,1,0,2,0,15,,,
13154714,N,N,N,N,N,N,N,2/28/2013,7:01 PM,,,36,1601,Y,Y,29.79372,-94.83065,19,,,1,6011,,RED FISH RUN,,N,N,30,N,N,,N,19,,,,,,BAYOU BREEZE,,,,,,,,11,3,0,,4,1,1,7:01 PM,CHAMBERS COUNTY SO,7:18 PM,3/3/2013,Y,,10000,16,35,1,8,7,4,1,31,54,1,5,2,21,21,36,1601,29.79370349,-94.83065023,,,,,REDFISH RUN,5902,,,,,,,,,,,,,,Y,N,Y,5,0,Y,THU,,,,,,,,,,,,,,,,,,,,,,,,,,,,,,,,,,,,,,,,,,,,,,,,,,,,,,,,0,0,0,1,0,0,0,15,,,
13154972,N,N,N,N,N,N,N,3/2/2013,3:20 AM,49829A,,57,107,N,Y,,,2,75,,1,4500,N,CENTRAL,EXPY,N,N,60,N,N,,N,19,,,,3000,N,HENDERSON,ST,,,,,,,11,4,0,2,1,1,20,3:25 AM,DISPATCHED,3:34 AM,3/2/2013,Y,TX0000006,2471,,,35,8,2,4,12,64,10,1,2,1,21,21,57,107,32.8219779,-96.78598931,US,75,,73.344,US0075,,47,7,12.571,268,0.846,,,,,,,,,Y,Y,N,3,9,Y,SAT,5,0,10,10,24,3,8,300,136,96,5,0,0,2,20,5,2,20,5,2,4,4,12,229641,2014,229641,2.8,5.4,8.3,,,,,,,,,,,,,,,,,,,,,,,,,,,0,0,2,2,0,2,0,282,,,
13155091,N,N,N,N,N,Y,N,1/29/2013,6:36 PM,2013-001131,,21,85,N,Y,,,19,,,1,300,,HARVEY,RD,N,N,35,N,N,,N,19,,,,,,GEORGE BUSH EAST,DR,,,,,,,2,4,0,3,1,2,20,6:36 PM,DISPATCH,6:39 PM,1/29/2013,Y,,301,,,,8,2,3,13,64,14,1,2,1,32,21,21,85,30.61709077,-96.31670874,SH,30,,0.19,SH0030,344,2446,1,0.191,622,0.163,,,,,,,,,Y,Y,N,5,7,Y,TUE,2,0,0,0,0,2,4,120,64,64,4,1,1,1,0,0,1,0,0,0,0,3,16,19398,2014,19398,2.4,6.6,9,,,,,,,,,,,,,,,,,,,,,,,,,,,0,0,0,1,1,0,0,249,,,
13155552,N,N,N,N,N,N,N,2/23/2013,10:45 AM,TX3PEC0NNHBO,,191,1756,Y,Y,35.05985,-101.93227,15,,,1,14511,,SUZANNA,ST,N,N,45,N,N,,N,4,2219,,,,,NOT REPORTED,,,,,,FM 2219,,11,1,0,,1,1,8,11:16 AM,DPS COMMUNICATIONS,11:39 AM,2/24/2013,Y,,10000,15,130,1,8,7,4,1,31,3,1,3,2,21,21,191,1756,35.05985013,-101.9322398,,,,,SUZANNA ST,14551,,,,,,,,,,,,,,Y,N,Y,5,0,Y,SAT,,,,,,,,,,,,,,,,,,,,,,,,,,,,,,,,,,,,,,,,,,,,,,,,,,,,,,,,0,0,0,1,0,0,0,120,,,
13155619,N,N,N,N,N,N,N,1/11/2013,12:56 PM,,,84,428,N,Y,29.43158,-95.0682,19,,,1,,,HOLLAND,RD,N,N,30,N,N,,N,1,45,,,,,GULF,FWY,,,,,,,12,1,0,,4,1,9,12:58 PM,TEXAS CITY POLICE DE,1:02 PM,1/11/2013,Y,,10000,19,35,1,8,2,2,22,64,3,1,1,1,21,21,84,428,,,,,,,HOLLAND RD,,,,,,,IH,45,,IH0045,,,,,Y,N,N,5,6,N,FRI,,,,,,,,,,,,,,,,,,,,,,,,,,,,,,,,,,,,,,,,,,,,,,,,,,,,,,,,0,0,0,3,0,0,0,,,,
13155621,N,N,N,N,N,N,N,1/27/2013,7:50 PM,,,36,1601,Y,Y,29.88498,-94.81413,4,1409,,1,,,NOT REPORTED,,N,N,50,N,N,,N,15,400,,,,,NOT REPORTED,,,,,,,,11,3,0,1,1,1,20,7:54 PM,CHAMBERS COUNTY SO,8:19 PM,1/27/2013,Y,,10000,16,35,1,8,2,4,21,64,7,1,3,1,21,21,36,1139,29.88501218,-94.81424586,FM,1409,,12.347,FM1409,13730,762,3,0.131,460,0.199,,,,,,,,,Y,Y,Y,5,1,Y,SUN,2,0,10,10,0,2,2,120,44,24,2,0,0,2,10,5,2,10,5,0,0,1,7,5820,2014,5820,5.5,3.7,9.1,1,225,4,2,52,,,,,,,,,,,,,,,,,,,,,,0,0,0,3,0,0,0,15,,,
13155772,N,N,N,N,N,N,N,2/19/2013,10:53 AM,13-0023095,,188,12,N,N,,,1,40W,,2,7200,W,I 40 W,HWY,N,N,45,N,N,NFR,Y,19,,,1,2100,S,COULTER,ST,,,,,,,8,1,4,2,1,1,10,10:54 AM,DISPATCH,11:00 AM,2/19/2013,Y,TX1880100,33,,,124,8,2,2,20,64,54,2,1,1,21,21,188,12,35.18663284,-101.9203701,IH,40,,65.603,IH0040,,275,1,13.743,66,-0.437,SL,335,,SL0335,,,,,N,Y,N,5,8,Y,TUE,5,0,10,10,22,9,6,320,112,72,6,0,2,2,20,5,2,20,5,2,2,3,11,63382,2014,63382,2.3,9.9,12.1,,,,,,,,,,,,,,,,,,,,,,,,,,,0,0,0,2,0,0,0,120,,,
13156081,N,N,N,N,N,N,N,2/23/2013,2:15 PM,130541025,,227,22,N,Y,,,1,35,,1,7300,S,IH 35 NB,EXPY,N,N,70,N,N,,N,19,,,1,,E,WILLIAM CANNON,DR,,,,,,,0,0,0,2,2,1,1,2:33 PM,DISPATCH,2:33 PM,2/23/2013,Y,TX2270100,74,,,,8,2,4,22,64,42,1,1,1,21,21,227,22,30.18570071,-97.77384571,IH,35,,227.918,IH0035,,15,13,11.471,228,0.42,,,,,,,,,Y,Y,N,5,9,Y,SAT,5,0,3,10,36,2,6,300,98,72,4,0,0,2,6,5,2,20,5,,30,4,11,142526,2014,142526,4.9,8,13,,,,,,,,,,,,,,,,,,,,,,,,,,,0,0,0,1,1,0,0,90,,,
13156094,N,N,N,N,N,N,N,2/19/2013,3:25 PM,13-0501241,,227,22,N,Y,,,1,35,,2,3700,N,IH 35 NB SVRD,,N,N,0,N,N,,N,19,,,1,,E,E 38TH HALF,ST,,,,,,,12,1,0,2,1,1,5,3:28 PM,DISPATCHED,3:41 PM,2/19/2013,Y,TX2270100,74,,,92,8,2,4,22,64,54,2,1,1,21,21,227,22,30.2937286,-97.72036098,IH,35,,236.206,IH0035,,15,13,19.792,237,-0.24,,,,,,,,,Y,Y,N,1,9,Y,TUE,5,0,2,10,7,2,8,310,182,96,4,0,0,2,20,5,2,40,5,2,3,4,11,180878,2014,180878,3.3,9.4,12.7,,,,,,,,,,,,,,,,,,,,,,,,,,,1,0,0,3,0,1,0,90,,,
13156096,N,N,N,N,N,N,N,2/18/2013,9:07 PM,13-0491667,,227,22,N,Y,,,11,275,,1,5400,N,LAMAR,BLVD,N,N,40,N,N,,N,19,,,1,700,,NELRAY,BLVD,,,,,,,11,4,2,,2,1,20,9:07 PM,DISPATCHED,9:11 PM,2/18/2013,Y,TX2270100,74,,,,8,1,4,1,64,54,1,2,1,21,21,227,22,30.32288661,-97.72824516,,,,,NELRAY BLVD,797,,,,,,,,,,,,,,Y,N,N,1,9,Y,MON,,,,,,,,,,,,,,,,,,,,,,,,,,,,,,,,,,,,,,,,,,,,,,,,,,,,,,,,1,0,0,1,0,1,0,90,,,
13156145,N,N,N,N,N,N,N,2/26/2013,7:14 PM,13-000671,,101,208,N,Y,,,19,,,1,15300,,GREGORY,BLVD,N,N,35,N,N,,Y,19,,,1,11800,S,NOTTINGHAM,CIR,,,,,,,11,4,4,,1,1,20,7:14 PM,ON VIEW,7:14 PM,2/26/2013,Y,TX0790100,1792,,52,66,8,2,1,34,64,54,1,5,1,21,21,101,296,29.63432483,-95.51737306,,,,,GREGORY BLVD,,,,,,,,,,S NOTTINGHAM CIR,,,,,Y,N,N,5,7,Y,TUE,,,,,,,,,,,,,,,,,,,,,,,,,,,,,,,,,,,,,,,,,,,,,,,,,,,,,,,,0,0,0,2,0,0,0,15,,,
13156215,N,N,N,N,N,N,N,1/29/2013,5:34 AM,,,13,32,N,Y,,,19,,,1,1700,E,HOUSTON,ST,N,N,35,N,N,,N,8,181,,1,,S,NOT REPORTED,HWY,,,,,,,11,4,2,3,1,1,8,5:38 AM,DISPATCHED,5:38 AM,1/29/2013,Y,TX0130100,107,,,44,8,7,4,1,20,54,1,2,2,21,21,13,32,28.40912386,-97.7301174,US,59,,484.418,US0059,1700,88,1,11.161,696,-0.722,,,,,,,,,Y,Y,N,5,5,Y,TUE,2,0,0,0,0,2,4,120,66,62,4,2,2,1,0,0,1,0,0,0,0,2,14,7152,2014,7152,13.7,18.2,31.9,,,,,,,,,,,,,,,,,,,,,,,,,,,0,0,0,1,0,0,0,,,,
13156367,N,N,N,N,N,N,N,3/1/2013,9:21 PM,13-14946,,105,383,N,Y,,,19,,,1,1300,,AQUARENA SPRINGS,DR,N,N,35,N,N,,N,19,,,,100,,MILL,ST,,,,,,,11,3,0,1,1,1,20,9:21 PM,OBSERVED,9:21 PM,3/2/2013,Y,1050100,2084,,,,8,2,4,20,64,42,1,2,1,21,21,105,383,29.89247752,-97.92316011,SL,82,,0.714,SL0082,1209,16,9,0.755,464,0.656,,,,,,,,,Y,Y,N,5,7,Y,FRI,2,0,4,4,0,2,2,120,38,30,4,1,1,2,4,5,2,4,5,0,0,3,14,17061,2014,17061,4.5,23.7,28.2,,,,,,,,,,,,,,,,,,,,,,,,,,,0,0,0,2,0,0,0,90,,,
13156443,N,N,N,N,N,N,N,2/23/2013,5:48 PM,C1301344,,178,97,N,Y,,,19,,,1,1000,,DABNEY,LN,N,N,30,N,N,LOCAL STREET,N,19,,,1,3600,S,STAPLES,ST,,,,,LOCAL STREET,,11,1,0,,1,1,20,6:11 PM,DISPATCHED,6:14 PM,2/23/2013,Y,TX1780200,1115,,,19,8,2,4,11,64,54,1,5,1,21,21,178,97,27.74683036,-97.39209084,,,,,DABNEY ST,1051,,,,,,,,,,,,,,Y,N,N,5,9,Y,SAT,,,,,,,,,,,,,,,,,,,,,,,,,,,,,,,,,,,,,,,,,,,,,,,,,,,,,,,,0,0,0,3,0,0,0,96,,,
13156624,N,N,N,N,N,N,N,3/1/2013,6:55 AM,,,111,1676,Y,Y,32.48905,-97.8527,15,2580,,1,,,NOT REPORTED,,N,N,60,N,N,,N,15,,,,,,ROBERTSON,CT,,,,,,,11,1,0,,6,1,12,6:59 AM,DISPATCH,7:12 AM,3/1/2013,Y,,10000,8,118,1,8,10,4,1,1,54,1,4,2,21,21,111,1676,32.489015,-97.85277637,,,,,TIN TOP HWY,4780,,,,,,,,,,,,,,Y,N,Y,2,0,Y,FRI,,,,,,,,,,,,,,,,,,,,,,,,,,,,,,,,,,,,,,,,,,,,,,,,,,,,,,,,0,1,0,0,0,1,0,282,,,
13156844,N,N,N,N,N,N,N,3/1/2013,7:00 PM,0025788313C,,101,208,N,Y,,,19,,,1,5900,,FAIRBANKS N HOUSTON,RD,N,N,35,N,N,CONCRETE ROADWAY,Y,19,,,1,,,FAWNDALE,,,,,,,,11,4,0,,1,1,8,7:00 PM,HPD DISPATCH,7:02 PM,3/1/2013,Y,TXHPD0000,2469,18,106,87,8,2,1,10,30,54,1,5,1,21,21,101,208,29.85185479,-95.52437304,,,,,FAIRBANKS N HOUSTON RD,,,,,,,,,,FAWNDALE LN,,,,,Y,N,N,3,9,Y,FRI,,,,,,,,,,,,,,,,,,,,,,,,,,,,,,,,,,,,,,,,,,,,,,,,,,,,,,,,0,0,1,1,0,1,0,15,,,
13156858,N,Y,N,N,N,N,N,3/1/2013,4:50 AM,13-20055,,220,156,N,N,32.83891,-97.05527,3,183,,1,14300,,AIRPORT,FWY,N,N,65,N,N,,N,19,,,,5000,,AMON CARTER,BLVD,,,,,,,11,3,0,2,1,1,1,4:57 AM,DISPATCHED,5:00 AM,3/1/2013,Y,TX2201200,1318,885,9,120,8,2,4,21,64,54,1,2,1,21,21,220,156,32.8387721,-97.05527771,SH,183,,31.615,SH0183,,94,2,11.736,584,0.261,,,,,,,,,N,Y,N,5,9,Y,FRI,5,0,10,12,24,3,6,350,116,72,5,0,0,2,22,5,2,22,5,2,2,4,12,147075,2014,147075,3,3.2,6.2,1,413,1,2,32,,,,,,,,,,,,,,,,,,,,,,0,0,0,2,0,0,0,282,,,
13156924,N,N,N,N,N,N,N,3/4/2013,7:10 PM,0027148913K,FSGI,101,208,N,Y,,,19,,,1,8500,,KIRBY,DR,N,N,40,N,N,,N,19,,,,1300,S,LP W,FWY,,,,,,,11,1,0,,1,1,20,7:16 PM,DISPATCH,7:21 PM,3/5/2013,Y,TXHPD0000,2469,6,125,40,8,2,4,20,64,54,1,5,1,21,21,101,208,29.67836222,-95.41239261,,,,,KIRBY DR,,,,,,,,,,,,,,,Y,N,N,5,9,Y,MON,,,,,,,,,,,,,,,,,,,,,,,,,,,,,,,,,,,,,,,,,,,,,,,,,,,,,,,,0,0,0,3,0,0,0,15,,,
13156951,N,N,N,N,N,N,N,3/5/2013,4:00 PM,0027528413J,,101,208,N,Y,,,19,,,1,3300,,RICHMOND,AVE,N,N,30,N,N,,Y,19,,,1,3500,,BUFFALO SPEEDWAY,,,,,,,,11,1,0,,1,1,5,4:03 PM,DISPATCH,4:14 PM,3/5/2013,Y,TXHPD0000,2469,18,121,35,8,2,1,10,64,54,1,5,1,21,21,101,208,29.73396481,-95.42940307,,,,,RICHMOND AVE,,,,,,,,,,BUFFALO SPEEDWAY,,,,,Y,N,N,5,9,Y,TUE,,,,,,,,,,,,,,,,,,,,,,,,,,,,,,,,,,,,,,,,,,,,,,,,,,,,,,,,0,0,0,2,0,0,0,15,,,
13156999,N,N,N,N,N,N,N,3/3/2013,7:10 PM,0026679413V,,101,208,N,Y,,,12,249,,1,17000,,TOMBALL,PKWY,N,Y,45,N,N,STRAIGHT AND LEVEL CONCRETE,Y,19,,,1,7500,W,GREENS,RD,,,,,,,11,4,0,2,1,1,5,7:20 PM,ON-VIEWED,7:20 PM,3/3/2013,Y,TXHPD0000,2469,6,106,87,8,2,2,11,32,54,1,2,1,21,21,101,208,29.95324183,-95.53780694,SH,249,,17.768,SH0249,,720,3,14.154,0462A,0.969,,,,W GREENS RD,,,,,Y,Y,N,0,9,Y,SUN,5,0,10,10,22,3,8,400,136,96,5,0,0,2,20,5,2,20,5,2,2,4,12,101743,2014,101743,5.1,7.4,12.4,1,251,0,2,4,,,,,,,,,,,,,,,,,,,,,,0,0,0,0,2,0,0,15,,,
13157072,N,N,N,N,N,N,N,2/24/2013,2:35 AM,44875A,,57,107,N,Y,,,2,75,,4,13100,N,CENTRAL,EXPY,N,N,60,N,N,,N,1,635,,,8100,,LYNDON B JOHNSON,FWY,,,,,,,11,4,0,2,5,1,20,2:37 AM,DISPATCHED,2:45 AM,3/1/2013,Y,TX0000006,2471,,,59,8,7,4,1,39,54,1,2,4,21,21,57,107,32.927193,-96.76154137,US,75,,65.826,US0075,,47,7,5.196,262,-0.621,,,,,,,,,Y,Y,N,5,9,Y,SUN,5,0,12,10,28,3,8,300,140,96,5,0,0,2,24,5,2,20,5,2,4,4,12,216946,2014,216946,2.8,5.4,8.3,1,681,0,1,29,,,,,,,,,,,,,,,,,,,,,,0,0,0,1,0,0,0,282,,,
13157110,N,N,N,N,N,N,N,2/24/2013,12:56 AM,0023233313K,,101,208,N,Y,,,19,,,1,200,,T C JESTER,BLVD,N,N,30,N,N,,N,19,,,,5500,,ALLEN,ST,,,,,,,11,4,0,,2,1,1,1:03 AM,DISPATCH,1:06 AM,2/24/2013,Y,TXHPD0000,2469,14,121,33,8,2,4,22,64,42,1,5,1,21,21,101,208,29.77422672,-95.41805453,,,,,T C JESTER BLVD,,,,,,,,,,,,,,,Y,N,N,5,9,Y,SUN,,,,,,,,,,,,,,,,,,,,,,,,,,,,,,,,,,,,,,,,,,,,,,,,,,,,,,,,0,0,0,2,0,0,0,15,,,