Crash_ID,Crash_Fatal_Fl,Cmv_Involv_Fl,Schl_Bus_Fl,Rr_Relat_Fl,Medical_Advisory_Fl,Amend_Supp_Fl,Active_School_Zone_Fl,Crash_Date,Crash_Time,Case_ID,Local_Use,Rpt_CRIS_Cnty_ID,Rpt_City_ID,Rpt_Outside_City_Limit_Fl,Thousand_Damage_Fl,Rpt_Latitude,Rpt_Longitude,Rpt_Rdwy_Sys_ID,Rpt_Hwy_Num,Rpt_Hwy_Sfx,Rpt_Road_Part_ID,Rpt_Block_Num,Rpt_Street_Pfx,Rpt_Street_Name,Rpt_Street_Sfx,Private_Dr_Fl,Toll_Road_Fl,Crash_Speed_Limit,Road_Constr_Zone_Fl,Road_Constr_Zone_Wrkr_Fl,Rpt_Street_Desc,At_Intrsct_Fl,Rpt_Sec_Rdwy_Sys_ID,Rpt_Sec_Hwy_Num,Rpt_Sec_Hwy_Sfx,Rpt_Sec_Road_Part_ID,Rpt_Sec_Block_Num,Rpt_Sec_Street_Pfx,Rpt_Sec_Street_Name,Rpt_Sec_Street_Sfx,Rpt_Ref_Mark_Offset_Amt,Rpt_Ref_Mark_Dist_Uom,Rpt_Ref_Mark_Dir,Rpt_Ref_Mark_Nbr,Rpt_Sec_Street_Desc,Rpt_CrossingNumber,Wthr_Cond_ID,Light_Cond_ID,Entr_Road_ID,Road_Type_ID,Road_Algn_ID,Surf_Cond_ID,Traffic_Cntl_ID,Investigat_Notify_Time,Investigat_Notify_Meth,Investigat_Arrv_Time,Report_Date,Investigat_Comp_Fl,ORI_Number,Investigat_Agency_ID,Investigat_Area_ID,Investigat_District_ID,Investigat_Region_ID,Bridge_Detail_ID,Harm_Evnt_ID,Intrsct_Relat_ID,FHE_Collsn_ID,Obj_Struck_ID,Othr_Factr_ID,Road_Part_Adj_ID,Road_Cls_ID,Road_Relat_ID,Phys_Featr_1_ID,Phys_Featr_2_ID,Cnty_ID,City_ID,Latitude,Longitude,Hwy_Sys,Hwy_Nbr,Hwy_Sfx,Dfo,Street_Name,Street_Nbr,Control,Section,Milepoint,Ref_Mark_Nbr,Ref_Mark_Displ,Hwy_Sys_2,Hwy_Nbr_2,Hwy_Sfx_2,Street_Name_2,Street_Nbr_2,Control_2,Section_2,Milepoint_2,Txdot_Rptable_Fl,Onsys_Fl,Rural_Fl,Crash_Sev_ID,Pop_Group_ID,Located_Fl,Day_of_Week,Hwy_Dsgn_Lane_ID,Hwy_Dsgn_Hrt_ID,Hp_Shldr_Left,Hp_Shldr_Right,Hp_Median_Width,Base_Type_ID,Nbr_Of_Lane,Row_Width_Usual,Roadbed_Width,Surf_Width,Surf_Type_ID,Curb_Type_Left_ID,Curb_Type_Right_ID,Shldr_Type_Left_ID,Shldr_Width_Left,Shldr_Use_Left_ID,Shldr_Type_Right_ID,Shldr_Width_Right,Shldr_Use_Right_ID,Median_Type_ID,Median_Width,Rural_Urban_Type_ID,Func_Sys_ID,Adt_Curnt_Amt,Adt_Curnt_Year,Adt_Adj_Curnt_Amt,Pct_Single_Trk_Adt,Pct_Combo_Trk_Adt,Trk_Aadt_Pct,Curve_Type_ID,Curve_Lngth,Cd_Degr,Delta_Left_Right_ID,Dd_Degr,Feature_Crossed,Structure_Number,I_R_Min_Vert_Clear,Approach_Width,Bridge_Median_ID,Bridge_Loading_Type_ID,Bridge_Loading_In_1000_Lbs,Bridge_Srvc_Type_On_ID,Bridge_Srvc_Type_Under_ID,Culvert_Type_ID,Roadway_Width,Deck_Width,Bridge_Dir_Of_Traffic_ID,Bridge_Rte_Struct_Func_ID,Bridge_IR_Struct_Func_ID,CrossingNumber,RRCo,Poscrossing_ID,WDCode_ID,Standstop,Yield,Incap_Injry_Cnt,Nonincap_Injry_Cnt,Poss_Injry_Cnt,Non_Injry_Cnt,Unkn_Injry_Cnt,Tot_Injry_Cnt,Death_Cnt,MPO_ID,Investigat_Service_ID,Investigat_DA_ID,Investigator_Narrative
13184095,N,N,N,N,N,Y,N,3/22/2013,12:01 PM,13-6965,,212,434,N,Y,,,11,323,,1,2100,,NOT REPORTED,,N,N,-1,N,N,LOOP WSW,N,19,,,,4200,,REPUBLIC,DR,,,,,,,11,1,0,2,2,1,20,12:02 PM,DISPATCH,12:13 PM,5/25/2013,Y,TX2120400,2316,,,170,8,2,4,22,64,36,1,2,1,21,21,212,434,32.30357543,-95.32745828,SL,323,,9.445,SL0323,,2075,2,5.173,684,-0.345,,,,,,,,,Y,Y,N,3,8,Y,FRI,3,0,0,12,16,2,6,193,96,72,4,2,0,1,0,0,2,24,5,1,16,3,14,38798,2014,38798,3,17.3,20.3,,,,,,,,,,,,,,,,,,,,,,,,,,,0,0,1,1,0,1,0,213,,,
13184098,N,N,N,N,N,N,N,3/22/2013,3:30 PM,0035194513W,,101,208,N,Y,,,19,,,1,1300,,YALE,ST,N,N,30,N,N,,Y,19,,,1,100,W,13TH,,,,,,,,11,1,4,,1,1,8,3:41 PM,DISPATCHED,4:06 PM,3/22/2013,Y,TXHPD0000,2469,18,121,33,8,2,1,10,64,54,1,5,1,21,21,101,208,29.7943348,-95.39902308,,,,,YALE ST,1300,,,,,,,,,W 13TH ST,,,,,Y,N,N,5,9,Y,FRI,,,,,,,,,,,,,,,,,,,,,,,,,,,,,,,,,,,,,,,,,,,,,,,,,,,,,,,,0,0,0,5,0,0,0,15,,,
13184160,N,N,N,N,N,N,N,3/22/2013,8:18 PM,13-7142,,227,22,N,Y,30.35983,-97.53249,4,973,,1,14300,N,FM 973,HWY,N,N,55,N,N,,Y,15,,,1,13600,,SUNCREST,RD,,,,,,,11,3,2,,1,1,8,8:18 PM,DISPATCH,8:21 PM,3/23/2013,Y,TX2270000,2292,,29,118,8,2,1,14,64,54,1,3,1,21,21,227,22,,,FM,973,,,FM0973,,,,,,,,,,SUNCREST RD,,,,,Y,Y,N,2,9,N,FRI,,,,,,,,,,,,,,,,,,,,,,,,,,,,,,,,,,,,,,,,,,,,,,,,,,,,,,,,0,1,0,1,0,1,0,,,,
13184177,N,N,N,N,N,N,N,3/23/2013,4:00 PM,0035709013T,,101,208,N,Y,,,19,,,1,12600,W,HOUSTON CENTER,BLVD,Y,N,30,N,N,CONCRETE,N,19,,,,12000,,RICHMOND,AVE,,,,,,,12,1,0,,1,1,1,5:03 PM,DISPATCHED,5:10 PM,3/23/2013,Y,TXHPD0000,2469,18,128,21,8,4,4,4,64,54,7,9,5,33,21,101,208,,,,,,,W HOUSTON CENTER BLVD,,,,,,,,,,,,,,,N,N,N,5,9,N,SAT,,,,,,,,,,,,,,,,,,,,,,,,,,,,,,,,,,,,,,,,,,,,,,,,,,,,,,,,0,0,0,1,0,0,0,,,,
13184272,N,N,N,N,N,N,N,3/16/2013,1:38 AM,2013-BCSO-010602,3D30,15,1580,Y,Y,29.48745,-98.7221,17,,,3,11585,,ALAMO RANCH,,Y,N,10,N,N,PAVED ROADWAY,N,17,,,,,,LONESTAR PARKWAY,,,,,,PAVED WITH SIDEWALK,,11,4,0,,1,1,1,1:38 AM,DISPATCHED,2:10 AM,3/16/2013,Y,TX0150000,120,,,148,8,7,4,3,32,54,7,9,5,1,21,15,1580,,,,,,,ALAMO RANCH,,,,,,,,,,,,,,,N,N,Y,3,0,N,SAT,,,,,,,,,,,,,,,,,,,,,,,,,,,,,,,,,,,,,,,,,,,,,,,,,,,,,,,,0,0,1,0,0,1,0,,,,
13184374,N,N,N,N,N,N,N,3/21/2013,7:00 AM,SAPD13059938,7210,15,379,N,Y,,,19,,,1,15900,,HUEBNER,RD,N,N,40,N,N,,N,19,,,,16000,,CHURCHILL ESTATES,,,,,,,,12,2,0,,1,1,20,7:15 AM,DISPATCH,7:30 AM,3/21/2013,Y,TXSPD0000,2473,,61,123,8,2,4,20,64,42,1,5,1,21,21,15,379,29.58592564,-98.53257195,,,,,HUEBNER RD,,,,,,,,,,,,,,,Y,N,N,5,9,Y,THU,,,,,,,,,,,,,,,,,,,,,,,,,,,,,,,,,,,,,,,,,,,,,,,,,,,,,,,,0,0,0,5,0,0,0,28,,,
13184424,N,N,N,N,N,Y,N,3/20/2013,9:35 PM,2013-BCSO-01143,D30,15,1580,Y,N,29.48866,-98.72129,19,,,7,11585,,ALAMO RANCH,,Y,N,20,N,N,,N,19,,,,,,WILD PINE,,,,,,,,11,4,0,,1,1,17,6:10 PM,DISPATCHED,6:26 PM,4/4/2013,Y,TX0150000,120,,,148,8,4,4,4,64,12,7,9,5,33,21,15,1580,,,,,,,ALAMO RANCH,,,,,,,,,,,,,,,N,N,Y,5,0,N,WED,,,,,,,,,,,,,,,,,,,,,,,,,,,,,,,,,,,,,,,,,,,,,,,,,,,,,,,,0,0,0,2,0,0,0,,,,
13184579,N,Y,N,N,N,N,N,3/24/2013,3:45 PM,SAPD13062600,4210,15,379,N,N,,,19,,,1,200,,LYNHAVEN,,N,N,30,N,N,,Y,19,,,1,4900,,MELVIN,,,,,,,,11,1,0,,1,1,1,3:45 PM,DISPATCHED,4:00 PM,3/24/2013,Y,TXSPD0000,2473,,9,162,8,4,4,1,64,3,1,5,1,21,21,15,379,29.42181497,-98.39601234,,,,,LYNHAVEN DR,300,,,,,,,,,,,,,,N,N,N,5,9,Y,SUN,,,,,,,,,,,,,,,,,,,,,,,,,,,,,,,,,,,,,,,,,,,,,,,,,,,,,,,,0,0,0,1,0,0,0,28,,,
13184628,N,N,N,N,N,N,N,3/23/2013,9:46 PM,P130820681,,79,1644,Y,Y,,,4,359,,1,,,NOT REPORTED,,N,N,50,N,N,,N,19,,,,,,ROGERS,RD,,,,,,,12,3,2,1,1,1,1,9:50 PM,DISPATCHED,9:54 PM,3/23/2013,Y,TX0790000,1312,,,35,8,10,4,1,1,54,1,3,2,21,21,79,1644,29.70743354,-95.91663845,FM,359,,29.975,FM0359,6711,543,2,2.941,476,0.965,,,,,,,,,Y,Y,Y,3,0,Y,SAT,2,0,8,8,0,8,2,100,40,24,6,0,0,2,8,5,2,8,5,0,0,1,7,5487,2014,5487,10.6,12.8,23.4,1,168,3,,0,,,,,,,,,,,,,,,,,,,,,,0,0,1,0,0,1,0,15,,,
13184675,N,N,N,N,N,N,N,3/24/2013,7:05 PM,13003061,,61,114,N,Y,,,19,,,1,100,,FRY,ST,N,N,30,N,N,,N,19,,,,1200,W,OAK,ST,,,,,,,11,1,0,,1,1,5,7:35 PM,SELF DISPATCHED,7:37 PM,3/24/2013,Y,TX0610200,1196,,,411,8,4,2,3,64,54,1,5,1,21,21,61,114,33.21562936,-97.14639246,,,,,FRY ST,193,,,,,,,,,W OAK ST,,,,,Y,N,N,5,8,Y,SUN,,,,,,,,,,,,,,,,,,,,,,,,,,,,,,,,,,,,,,,,,,,,,,,,,,,,,,,,0,0,0,1,0,0,0,282,,,
13186029,N,Y,N,N,N,N,N,3/22/2013,3:30 PM,,,123,1688,Y,Y,29.97263,-94.22338,1,10,,1,,,NOT REPORTED,,N,N,75,N,N,,N,19,,,,,,SMITH,RD,,,,,,,11,1,0,2,1,1,20,3:33 PM,DPS LUFKIN,3:38 PM,3/24/2013,Y,,10000,17,58,1,8,2,4,22,39,42,1,1,1,21,21,123,1688,29.97256201,-94.22331282,IH,10,,841.505,IH0010,,739,2,11.59,843,-0.303,,,,,,,,,Y,Y,Y,5,0,Y,FRI,5,0,4,10,43,9,4,300,78,48,6,0,0,2,8,5,2,20,5,,35,1,1,40908,2014,40908,7.1,27.6,34.6,,,,,,,,,,,,,,,,,,,,,,,,,,,0,0,0,6,0,0,0,135,,,
13186372,N,N,N,N,N,N,N,3/25/2013,7:35 AM,SAPD13063021,3330,15,379,N,Y,,,1,410,,1,2600,NE,LOOP 410,,N,N,65,N,N,2600 NE LOOP 410 EB,N,19,,,,8300,,PERRIN BEITEL,,,,,,8300 PERRIN BEITEL,,11,1,0,2,3,1,20,7:41 AM,DISPATCHED,7:45 AM,3/25/2013,Y,TXSPD0000,2473,,7,147,8,2,4,20,64,21,1,1,1,21,21,15,379,29.51599884,-98.41104889,IH,410,,25.446,IH0410,,521,4,25.803,26,-0.234,,,,,,,,,Y,Y,N,3,9,Y,MON,5,0,10,10,23,2,7,300,122,84,4,0,0,2,20,5,2,18,5,2,3,4,11,107186,2014,107186,2.9,1.9,4.7,,,,,,,,,,,,,,,,,,,,,,,,,,,0,0,5,0,0,5,0,28,,,
13186495,N,N,N,N,N,N,N,3/25/2013,12:35 PM,13-2266,,220,214,N,Y,32.8233,-97.2062,1,820,,2,700,,NOT REPORTED,,N,N,35,N,N,,N,19,,,,1500,,GLENVIEW,DR,,,,,,,11,1,0,2,1,1,20,12:35 PM,DISPATCHED,12:44 PM,3/25/2013,Y,TX2201600,1503,,,35,8,2,2,14,64,54,2,1,1,21,21,220,214,32.82316055,-97.20558128,IH,820,,24.003,IH0820,,8,13,25.062,23,0.211,,,,GLENVIEW DR,,,,,Y,Y,N,5,6,Y,MON,5,0,10,22,34,3,4,350,136,72,5,0,0,2,32,5,2,32,5,2,2,4,11,160725,2014,160725,3.6,5,8.5,,,,,,,,,,,,,,,,,,,,,,,,,,,0,0,0,2,0,0,0,282,,,
13186504,N,N,N,N,N,N,N,3/21/2013,9:44 AM,13027149,,220,156,N,Y,,,2,199,,1,10000,,STATE HWY 199,,N,N,40,N,N,,Y,19,,,1,10000,,NINE MILE BRIDGE,RD,,,,,,,12,1,0,2,1,1,5,9:48 AM,OFCR REQUESTED CALL,10:09 AM,3/21/2013,Y,TX2201200,1318,885,29,120,8,2,1,10,64,54,1,2,1,21,21,220,156,32.83838061,-97.49204914,SH,199,,41.483,SH0199,10117,171,4,5.31,560,-0.715,,,,NINE MILE BRIDGE RD,,,,,Y,Y,N,5,9,Y,THU,4,0,0,10,40,2,4,350,68,48,4,1,0,1,0,0,2,20,5,1,40,4,12,29693,2014,29693,2.1,1.6,3.7,,,,,,,,,,,,,,,,,,,,,,,,,,,0,0,0,2,0,0,0,282,,,
13186562,N,N,N,N,N,N,N,3/25/2013,7:12 AM,,,161,1726,Y,Y,31.63563,-97.28497,4,1637,,1,,,NOT REPORTED,,N,N,55,N,N,,Y,19,,,1,,,YANKEE,RD,,,,,,,11,1,0,1,1,1,8,7:25 AM,DISPATCH,7:35 AM,3/25/2013,Y,,10000,22,119,1,8,2,1,10,64,54,1,3,1,21,21,161,1726,31.63579696,-97.28497043,FM,1637,,12.56,FM1637,,833,3,8.48,562,0.507,FM,185,,FM0185,,,,,Y,Y,Y,3,0,Y,MON,2,0,8,8,0,2,2,150,40,24,2,0,0,2,8,5,2,8,5,0,0,1,7,5900,2014,5900,14.9,1.8,16.7,,,,,,,,,,,,,,,,,,,,,,,,,,,0,0,1,2,0,1,0,140,,,
13186740,N,N,N,N,N,N,N,3/23/2013,9:00 PM,130007598,FLID,57,177,N,Y,,,3,161,,2,1400,N,SH 161,HWY,N,N,45,N,N,SERVICE ROADS,Y,19,,,1,1900,W,TARRANT,,,,,,,,12,4,4,,1,1,5,9:04 PM,ON VIEW,9:04 PM,3/23/2013,Y,TX0571200,1372,,,87,8,2,1,10,64,54,2,2,1,21,21,57,177,32.75707427,-97.02998251,,,,,N STATE HIGHWAY 161,,,,,,,,,,W TARRANT RD,,,,,Y,N,N,5,8,Y,SAT,,,,,,,,,,,,,,,,,,,,,,,,,,,,,,,,,,,,,,,,,,,,,,,,,,,,,,,,0,0,0,4,0,0,0,282,,,
13186846,N,N,N,N,N,N,N,3/17/2013,10:00 PM,0034194613H,FSRA,101,208,N,N,,,19,,,1,10300,,COOK,RD,N,N,35,N,N,,Y,19,,,1,12200,,LONGBROOK,,,,,,,,11,6,0,,1,1,8,11:06 AM,DISPATCHED,11:09 AM,3/20/2013,Y,TXHPD0000,2469,6,128,39,8,2,2,22,64,38,1,5,1,21,21,101,208,29.66842483,-95.59860302,,,,,COOK RD,10323,,,,,,,,,LONGBROOK DR,,,,,Y,N,N,1,9,Y,SUN,,,,,,,,,,,,,,,,,,,,,,,,,,,,,,,,,,,,,,,,,,,,,,,,,,,,,,,,1,0,0,1,1,1,0,15,,,
13186904,N,N,N,N,N,N,N,3/25/2013,9:20 PM,13-03096,306,61,259,N,N,,,9,121,,7,1600,S,NOT REPORTED,,Y,N,45,N,N,,N,19,,,,100,E,OAK KNOLL,CIR,,,,,,,11,4,0,,1,1,1,9:22 PM,DISPATCHED,9:30 PM,3/25/2013,Y,TX0610600,1659,,,35,8,4,4,4,64,12,7,9,5,33,21,61,259,,,,,,,BS0121,,,,,,,,,,,,,,,N,Y,N,5,7,N,MON,,,,,,,,,,,,,,,,,,,,,,,,,,,,,,,,,,,,,,,,,,,,,,,,,,,,,,,,0,0,0,2,0,0,0,,,,
13187472,N,N,N,N,N,N,N,3/16/2013,2:10 PM,130035303,0,101,1666,Y,Y,,,2,290,,2,19900,,NORTHWEST,FWY,N,N,50,N,N,,N,4,1960,,,,W,NOT REPORTED,,,,,,,,11,1,0,2,1,1,1,2:23 PM,DISPATCHED,2:40 PM,3/16/2013,N,TX1010000,1419,110,4,5,8,2,4,21,64,9,2,2,1,21,21,101,1666,29.91551719,-95.61517928,US,290,,261.56,US0290,,50,8,20.527,726,0.445,,,,,,,,,Y,Y,Y,5,0,Y,SAT,5,1,8,8,36,3,4,330,80,48,2,0,0,2,16,5,2,16,5,3,20,4,12,117135,2014,117135,5.1,7.4,12.4,,,,,,,,,,,,,,,,,,,,,,,,,,,0,0,0,1,1,0,0,15,,,
13187491,N,N,N,N,N,N,N,3/24/2013,12:58 PM,,,239,1521,N,Y,30.13498,-96.25759,2,290,,7,8990,E,US 290,HWY,Y,N,-1,N,N,CHAPPELL HILL EXXON PARKING LOT,N,4,1155,,,,,NOT REPORTED,,,,,,,,11,1,0,,1,1,1,12:58 PM,BRENHAM COMM.,1:18 PM,3/24/2013,Y,,10000,22,15,1,8,2,4,33,64,13,7,9,5,33,21,239,1521,,,US,290,,,US0290,,,,,,,,,,,,,,,N,Y,Y,5,1,N,SUN,,,,,,,,,,,,,,,,,,,,,,,,,,,,,,,,,,,,,,,,,,,,,,,,,,,,,,,,0,0,0,2,0,0,0,,,,
13187673,N,N,N,N,N,N,N,3/15/2013,11:00 PM,13-4824,,221,2,N,Y,,,3,351,,1,1600,,NOT REPORTED,,N,N,50,N,N,,N,19,,,2,1600,E,OVERLAND,TRL,,,,,,,11,4,4,3,1,1,20,11:04 PM,DISPATCH,11:07 PM,3/15/2013,Y,2210100,10,,,,8,2,3,14,64,14,1,2,1,32,21,221,2,32.47763673,-99.69888265,SH,351,,1.726,SH0351,,11,1,2.765,418,-0.496,,,,,,,,,Y,Y,N,5,8,Y,FRI,2,0,8,8,0,2,4,200,78,48,4,0,0,2,8,5,2,8,5,0,0,3,16,11726,2014,11726,5,5.3,10.3,,,,,,,,,,,,,,,,,,,,,,,,,,,0,0,0,3,0,0,0,166,,,
13188418,N,N,N,N,N,N,N,3/17/2013,2:43 AM,031713-0001,,62,105,N,Y,,,19,,,1,210,W,REUSS,BLVD,N,N,25,N,N,,N,19,,,1,900,N,INDIANOLA,,,,,,,,11,4,0,1,1,1,1,2:44 AM,RADIO,2:45 AM,3/17/2013,Y,TX0620100,1158,,,8,8,7,2,1,32,54,1,3,2,21,21,62,105,29.09943426,-97.28927976,FM,766,,16.576,FM0766,222,1113,1,17.533,522,0.601,,,,N INDIANOLA,,,,,Y,Y,N,5,4,Y,SUN,2,0,12,12,0,2,2,100,48,24,2,1,1,2,12,5,2,12,5,0,0,2,17,3785,2014,3785,9.7,7.4,17.1,1,63,20,1,65,,,,,,,,,,,,,,,,,,,,,,0,0,0,1,1,0,0,,,,
13188718,N,N,N,N,N,N,N,3/15/2013,6:50 PM,130034965,0,101,1666,Y,Y,,,15,,,1,1700,,NORWALK,DR,N,N,30,N,N,,N,15,,,,,,HIGHLAND KNOLLS,DR,,,,,,,11,1,0,,1,1,11,7:01 PM,DISPATCHED,7:20 PM,3/15/2013,Y,TX1010000,1419,100,4,5,8,2,3,23,64,13,1,4,1,32,21,101,1666,29.75902935,-95.73014706,,,,,NORWALK DR,,,,,,,,,,,,,,,Y,N,Y,5,0,Y,FRI,,,,,,,,,,,,,,,,,,,,,,,,,,,,,,,,,,,,,,,,,,,,,,,,,,,,,,,,0,0,0,3,0,0,0,15,,,
13189227,N,N,N,N,N,N,N,3/16/2013,11:47 AM,13-000471,,14,236,N,Y,31.12313,-97.71663,4,439,,1,1300,E,RANCIER,AVE,N,N,30,N,N,BLACKTOP,Y,19,,,1,1000,N,STEWART,ST,,,,,BLACKTOP,,11,1,2,,1,1,8,11:47 AM,OBSERVED,11:47 AM,3/16/2013,Y,TX0140400,1587,,,,8,2,3,14,64,14,1,3,1,32,21,14,236,,,FM,439,,,FM0439,,,,,,,,,,,,,,,Y,Y,N,5,8,N,SAT,,,,,,,,,,,,,,,,,,,,,,,,,,,,,,,,,,,,,,,,,,,,,,,,,,,,,,,,0,0,0,2,0,0,0,,,,
13189398,N,N,N,N,N,N,N,3/23/2013,9:11 PM,,,49,1614,Y,Y,33.6419,-97.24275,2,82,,1,,,NOT REPORTED,,N,N,75,N,N,,N,4,1199,,,,,NOT REPORTED,,,,,,,,11,3,0,2,1,1,20,9:21 PM,CCSO,9:24 PM,3/23/2013,Y,TXDPS5526,10000,19,103,1,8,6,4,1,64,54,1,2,1,21,21,49,979,33.64122202,-97.22233411,US,82,,372.534,US0082,5140,44,8,35.527,606,-0.429,,,,,,,,,Y,Y,Y,5,1,Y,SAT,3,0,4,10,28,2,4,180,79,48,4,0,0,2,8,5,2,20,5,3,20,1,2,9744,2014,9744,5.2,22,27.2,,,,,,,,,,,,,,,,,,,,,,,,,,,0,0,0,1,0,0,0,,,,
13189412,N,N,N,N,N,N,N,3/15/2013,10:35 AM,13-000871,,79,296,N,Y,,,4,2234,,1,1500,,TEXAS,PKWY,N,N,40,N,N,,N,19,,,1,1500,,MISSOURI CITY,DR,,,,,,,11,1,0,3,1,1,11,11:35 AM,DISPATCH,10:40 AM,3/15/2013,N,TX0790100,1792,,28,90,8,2,4,24,64,54,1,3,1,21,21,79,296,29.59599099,-95.526739,FM,2234,,1.854,FM2234,,2105,1,1.743,674,-0.358,,,,,,,,,Y,Y,N,5,7,Y,FRI,2,0,0,0,0,3,4,120,63,51,4,0,0,1,0,0,1,0,0,0,0,4,16,28051,2014,28051,3.9,1.4,5.2,,,,,,,,,,,,,,,,,,,,,,,,,,,0,0,0,3,0,0,0,15,,,
13189536,N,N,N,N,N,N,N,3/19/2013,12:22 PM,130036658,0,101,1666,Y,Y,,,19,,,1,12100,,MURPHY,RD,N,N,45,N,N,,N,19,,,,,,BRIGHTON,LN,,,,,,,11,1,98,,1,1,11,12:22 PM,DISPATCHED,12:41 PM,3/19/2013,Y,TX1010000,1419,125,4,5,8,2,4,22,64,3,1,4,1,21,21,101,1666,29.64678692,-95.56548259,,,,,MURPHY RD,,,,,,,,,,,,,,,Y,N,Y,5,0,Y,TUE,,,,,,,,,,,,,,,,,,,,,,,,,,,,,,,,,,,,,,,,,,,,,,,,,,,,,,,,0,0,0,5,0,0,0,15,,,
13189621,N,N,N,N,N,N,N,3/19/2013,7:42 AM,13-26378,,220,156,N,Y,32.73766,-97.22438,19,,,1,6100,,CRAIG,ST,N,N,-1,N,N,,Y,1,820,,2,2900,E,LOOP,,,,,,,,11,2,2,2,1,1,10,7:50 AM,RADIO DISPATCH,8:01 AM,3/19/2013,Y,TX2201200,1318,885,9,120,8,2,1,10,64,3,2,1,1,21,21,220,156,32.73776226,-97.22509871,IH,820,,30.066,IH0820,,8,13,31.088,30,-0.481,,,,CRAIG ST,,,,,Y,Y,N,3,9,Y,TUE,5,0,6,10,62,3,4,350,80,48,6,0,0,2,16,5,2,16,5,2,46,4,11,101544,2014,101544,3.6,5,8.5,1,369,0,1,0,,,,,,,,,,,,,,,,,,,,,,0,0,1,2,0,1,0,282,,,
13189694,N,Y,Y,N,N,N,N,3/22/2013,6:40 AM,13-27519,,220,156,N,Y,32.73119,-97.24654,19,,,1,5000,E,ROSEDALE,ST,N,N,40,N,N,,N,19,,,,1200,,TIERNEY,RD,,,,,,,12,4,98,,1,1,20,6:41 AM,DISPATCHED,6:48 AM,3/22/2013,N,TX2201200,1318,885,9,120,8,2,3,11,64,48,1,5,1,32,21,220,156,32.73119428,-97.24686264,,,,,E ROSEDALE ST,5038,,,,,,,,,,,,,,Y,N,N,5,9,Y,FRI,,,,,,,,,,,,,,,,,,,,,,,,,,,,,,,,,,,,,,,,,,,,,,,,,,,,,,,,0,0,0,2,1,0,0,282,,,
13189755,N,N,N,N,N,N,N,3/22/2013,5:45 PM,0035271613N,,101,208,N,Y,,,2,59,,2,8900,N,EASTEX SER E,FWY,N,N,40,N,N,,Y,19,,,1,3600,,LAURA KOPPE,RD,,,,,,,11,1,8,,1,1,9,5:50 PM,HPD DISPATCHER,5:56 PM,3/22/2013,Y,TXHPD0000,2469,18,124,113,8,7,2,2,21,35,2,2,2,21,21,101,208,,,US,59,,,US0059,,,,,,,,,,LAURA KOPPE RD,,,,,Y,Y,N,5,9,N,FRI,,,,,,,,,,,,,,,,,,,,,,,,,,,,,,,,,,,,,,,,,,,,,,,,,,,,,,,,0,0,0,4,0,0,0,,,,
13189817,N,N,N,N,N,N,N,3/25/2013,6:52 PM,13033555,,31,53,N,Y,,,4,1419,,1,5400,,SOUTHMOST,BLVD,N,N,40,N,N,,Y,19,,,1,2500,,COTTAGE,DR,,,,,,,11,5,2,,1,1,8,6:53 PM,DISPATCHED,7:04 PM,3/25/2013,Y,TX0310100,172,,125,29,8,2,1,14,64,54,1,3,1,21,21,31,53,,,FM,1419,,,FM1419,,,,,,,,,,COTTAGE DR,,,,,Y,Y,N,3,8,N,MON,,,,,,,,,,,,,,,,,,,,,,,,,,,,,,,,,,,,,,,,,,,,,,,,,,,,,,,,0,0,1,1,0,1,0,,,,
13189941,N,N,N,N,N,N,N,3/26/2013,3:08 PM,SAPD13064135,3260,15,379,N,Y,,,19,,,1,6100,,GRAND PT,,N,N,30,N,N,RESIDENTIAL,N,19,,,,6000,,CROWN WAY,,,,,,RESIDENTIAL,,11,1,2,,1,1,1,3:08 PM,DISPATCHED,3:10 PM,3/26/2013,Y,TXSPD0000,2473,,29,131,8,7,4,1,61,3,1,5,2,21,21,15,379,29.53794495,-98.36871234,,,,,GRAND POINT DR,6100,,,,,,,,,,,,,,Y,N,N,5,9,Y,TUE,,,,,,,,,,,,,,,,,,,,,,,,,,,,,,,,,,,,,,,,,,,,,,,,,,,,,,,,0,0,0,2,0,0,0,28,,,
13189972,N,N,N,N,N,N,N,3/19/2013,5:25 PM,SAPD13058851,6150,15,379,N,Y,,,19,,,1,9400,,NEW LAREDO,HWY,N,N,45,N,N,STRAIGHT,N,19,,,,,,CASSIN,RD,,,,,STRAIGHT,,11,1,0,1,1,1,1,5:25 PM,DISPATCHED,5:42 PM,3/19/2013,Y,TXSPD0000,2473,,11,175,8,2,4,21,64,3,1,2,1,21,21,15,379,29.33104011,-98.59188977,SL,353,,6.867,SL0353,9414,17,1,25.742,508,0.873,,,,,,,,,Y,Y,N,3,9,Y,TUE,2,0,10,10,0,2,2,120,44,24,4,0,0,2,10,5,2,10,5,0,0,4,14,3556,2014,3556,2.8,3.9,6.7,,,,,,,,,,,,,,,,,,,,,,,,,,,0,0,3,1,0,3,0,28,,,
13190592,N,N,N,N,N,N,N,3/18/2013,3:20 PM,2013006568,,123,30,N,Y,,,19,,,1,3100,,CALDER,AVE,N,N,35,N,N,,N,19,,,,500,,15TH,ST,,,,,,,11,1,0,,1,1,1,3:25 PM,DISPATCH,3:31 PM,3/18/2013,Y,1230100,104,,,,8,2,3,23,64,13,1,5,1,32,21,123,30,30.08552387,-94.13440843,,,,,CALDER AVE,3117,,,,,,,,,,,,,,Y,N,N,3,8,Y,MON,,,,,,,,,,,,,,,,,,,,,,,,,,,,,,,,,,,,,,,,,,,,,,,,,,,,,,,,0,0,1,1,0,1,0,135,,,