Crash_ID,Crash_Fatal_Fl,Cmv_Involv_Fl,Schl_Bus_Fl,Rr_Relat_Fl,Medical_Advisory_Fl,Amend_Supp_Fl,Active_School_Zone_Fl,Crash_Date,Crash_Time,Case_ID,Local_Use,Rpt_CRIS_Cnty_ID,Rpt_City_ID,Rpt_Outside_City_Limit_Fl,Thousand_Damage_Fl,Rpt_Latitude,Rpt_Longitude,Rpt_Rdwy_Sys_ID,Rpt_Hwy_Num,Rpt_Hwy_Sfx,Rpt_Road_Part_ID,Rpt_Block_Num,Rpt_Street_Pfx,Rpt_Street_Name,Rpt_Street_Sfx,Private_Dr_Fl,Toll_Road_Fl,Crash_Speed_Limit,Road_Constr_Zone_Fl,Road_Constr_Zone_Wrkr_Fl,Rpt_Street_Desc,At_Intrsct_Fl,Rpt_Sec_Rdwy_Sys_ID,Rpt_Sec_Hwy_Num,Rpt_Sec_Hwy_Sfx,Rpt_Sec_Road_Part_ID,Rpt_Sec_Block_Num,Rpt_Sec_Street_Pfx,Rpt_Sec_Street_Name,Rpt_Sec_Street_Sfx,Rpt_Ref_Mark_Offset_Amt,Rpt_Ref_Mark_Dist_Uom,Rpt_Ref_Mark_Dir,Rpt_Ref_Mark_Nbr,Rpt_Sec_Street_Desc,Rpt_CrossingNumber,Wthr_Cond_ID,Light_Cond_ID,Entr_Road_ID,Road_Type_ID,Road_Algn_ID,Surf_Cond_ID,Traffic_Cntl_ID,Investigat_Notify_Time,Investigat_Notify_Meth,Investigat_Arrv_Time,Report_Date,Investigat_Comp_Fl,ORI_Number,Investigat_Agency_ID,Investigat_Area_ID,Investigat_District_ID,Investigat_Region_ID,Bridge_Detail_ID,Harm_Evnt_ID,Intrsct_Relat_ID,FHE_Collsn_ID,Obj_Struck_ID,Othr_Factr_ID,Road_Part_Adj_ID,Road_Cls_ID,Road_Relat_ID,Phys_Featr_1_ID,Phys_Featr_2_ID,Cnty_ID,City_ID,Latitude,Longitude,Hwy_Sys,Hwy_Nbr,Hwy_Sfx,Dfo,Street_Name,Street_Nbr,Control,Section,Milepoint,Ref_Mark_Nbr,Ref_Mark_Displ,Hwy_Sys_2,Hwy_Nbr_2,Hwy_Sfx_2,Street_Name_2,Street_Nbr_2,Control_2,Section_2,Milepoint_2,Txdot_Rptable_Fl,Onsys_Fl,Rural_Fl,Crash_Sev_ID,Pop_Group_ID,Located_Fl,Day_of_Week,Hwy_Dsgn_Lane_ID,Hwy_Dsgn_Hrt_ID,Hp_Shldr_Left,Hp_Shldr_Right,Hp_Median_Width,Base_Type_ID,Nbr_Of_Lane,Row_Width_Usual,Roadbed_Width,Surf_Width,Surf_Type_ID,Curb_Type_Left_ID,Curb_Type_Right_ID,Shldr_Type_Left_ID,Shldr_Width_Left,Shldr_Use_Left_ID,Shldr_Type_Right_ID,Shldr_Width_Right,Shldr_Use_Right_ID,Median_Type_ID,Median_Width,Rural_Urban_Type_ID,Func_Sys_ID,Adt_Curnt_Amt,Adt_Curnt_Year,Adt_Adj_Curnt_Amt,Pct_Single_Trk_Adt,Pct_Combo_Trk_Adt,Trk_Aadt_Pct,Curve_Type_ID,Curve_Lngth,Cd_Degr,Delta_Left_Right_ID,Dd_Degr,Feature_Crossed,Structure_Number,I_R_Min_Vert_Clear,Approach_Width,Bridge_Median_ID,Bridge_Loading_Type_ID,Bridge_Loading_In_1000_Lbs,Bridge_Srvc_Type_On_ID,Bridge_Srvc_Type_Under_ID,Culvert_Type_ID,Roadway_Width,Deck_Width,Bridge_Dir_Of_Traffic_ID,Bridge_Rte_Struct_Func_ID,Bridge_IR_Struct_Func_ID,CrossingNumber,RRCo,Poscrossing_ID,WDCode_ID,Standstop,Yield,Incap_Injry_Cnt,Nonincap_Injry_Cnt,Poss_Injry_Cnt,Non_Injry_Cnt,Unkn_Injry_Cnt,Tot_Injry_Cnt,Death_Cnt,MPO_ID,Investigat_Service_ID,Investigat_DA_ID,Investigator_Narrative
13195002,N,N,N,N,N,N,N,3/29/2013,9:33 AM,13-03208,504,61,259,N,Y,,,19,,,1,2500,,ROCKBROOK,DR,N,N,35,N,N,,N,4,3040,,,300,E,ROUND GROVE,RD,,,,,,,11,1,98,,1,1,20,9:33 AM,DISPATCHED,9:35 AM,3/29/2013,Y,Tx0610600,1659,,,35,8,2,3,14,64,14,1,3,1,32,21,61,259,33.00462421,-96.98281251,,,,,ROCKBROOK DR,2500,,,,,,,,,,,,,,Y,N,N,5,7,Y,FRI,,,,,,,,,,,,,,,,,,,,,,,,,,,,,,,,,,,,,,,,,,,,,,,,,,,,,,,,0,0,0,6,0,0,0,282,,,
13195228,N,N,N,N,N,N,N,3/29/2013,3:00 AM,0038140713A,,101,208,N,Y,,,17,,,7,2800,N,TERMINAL,RD,Y,N,10,N,N,CONCRETE,N,19,,,,18700,,JOHN F KENNEDY,BLVD,,,,,,,12,4,98,,1,1,17,3:15 AM,DISPATCHED,3:29 AM,3/29/2013,Y,TXHPD0000,2469,14,172,104,8,7,4,1,36,54,7,9,5,33,21,101,208,,,,,,,N TERMINAL RD,,,,,,,,,,,,,,,N,N,N,0,9,N,FRI,,,,,,,,,,,,,,,,,,,,,,,,,,,,,,,,,,,,,,,,,,,,,,,,,,,,,,,,0,0,0,0,1,0,0,,,,
13195545,N,N,N,N,N,N,N,3/30/2013,12:40 PM,SAPD13067215,3230,15,379,N,Y,,,19,,,1,14000,,NACOGDOCHES,RD,N,N,45,N,N,,N,19,,,,5300,,CATTLEMAN,,,,,,,,11,1,0,3,2,1,11,12:45 PM,DISPATCHER,12:52 PM,3/30/2013,Y,TXSPD0000,2473,,29,131,8,2,3,14,64,14,1,3,1,32,21,15,379,29.56911109,-98.38391104,FM,2252,,9.887,FM2252,14048,1433,1,14.307,494,0.393,,,,,,,,,Y,Y,N,3,9,Y,SAT,2,0,0,0,0,2,4,100,60,60,4,1,1,1,0,0,1,0,0,0,0,4,14,26463,2014,26463,1.2,0.4,1.6,,,,,,,,,,,,,,,,,,,,,,,,,,,0,0,1,2,0,1,0,28,,,
13195580,N,N,N,N,N,N,N,3/26/2013,6:10 PM,0037080613H,,101,208,N,Y,,,1,10,,1,13100,W,KATY,FWY,N,N,70,N,N,,N,19,,,,900,N,ELDRIDGE,PKWY,,,,,,,11,1,0,2,1,1,11,6:22 PM,HPD DISPATCHER,6:33 PM,3/26/2013,Y,TXHPD0000,2469,52,128,21,8,2,4,20,64,54,1,1,1,21,21,101,208,29.78482867,-95.61456681,IH,10,,752.159,IH0010,,271,7,12.181,754,-0.413,,,,,,,,,Y,Y,N,5,9,Y,TUE,5,1,10,10,40,9,6,325,112,72,5,0,0,2,20,5,2,20,5,2,20,4,11,183870,2014,183870,4.3,5.2,9.5,,,,,,,,,,,,,,,,,,,,,,,,,,,0,0,0,2,0,0,0,15,,,
13195681,N,N,N,N,N,N,N,3/30/2013,10:19 PM,0038973413H,,101,208,N,Y,,,19,,,1,8400,,NAIRN,,N,N,10,N,N,,N,19,,,,9200,S,GESSNER,RD,,,,,,,11,3,0,,1,1,20,10:24 PM,HPD DISPATCHED,10:26 PM,3/31/2013,Y,TXHPD0000,2469,24,125,55,8,2,4,11,64,12,1,5,1,12,21,101,208,29.68099218,-95.52600553,,,,,NAIRN ST,8432,,,,,,,,,,,,,,Y,N,N,5,9,Y,SAT,,,,,,,,,,,,,,,,,,,,,,,,,,,,,,,,,,,,,,,,,,,,,,,,,,,,,,,,0,0,0,2,0,0,0,15,,,
13195689,N,N,N,N,N,N,N,3/23/2013,11:35 PM,0035879913M,FSRA,101,208,N,Y,,,19,,,7,9555,,CROFTON,ST,Y,N,5,N,N,,N,19,,,,7200,,TIDWELL,RD,,,,,,,12,4,0,,1,1,17,11:56 PM,VCD SGT,12:25 AM,3/24/2013,Y,TXHPD0000,2469,16,124,42,8,1,4,1,64,54,7,9,5,33,21,101,208,,,,,,,CROFTON ST,,,,,,,,,,,,,,,N,N,N,1,9,N,SAT,,,,,,,,,,,,,,,,,,,,,,,,,,,,,,,,,,,,,,,,,,,,,,,,,,,,,,,,1,0,0,0,1,1,0,,,,
13196333,N,N,N,N,N,N,N,3/26/2013,6:50 PM,13-00130,,14,188,N,Y,,,4,2410,,1,400,E,KNIGHTS WAY,,N,N,45,N,N,KNIGHT'S WAY,N,19,,,1,100,,COMMERCIAL,DR,,,,,COMMERCIAL DR,,11,1,2,,1,1,8,6:50 PM,DISPATCHED,6:54 PM,3/26/2013,Y,TX0140300,1415,,,,8,2,2,13,64,3,1,3,1,21,21,14,188,,,FM,2410,,,FM2410,,,,,,,,,,COMMERCIAL DR,,,,,Y,Y,N,5,6,N,TUE,,,,,,,,,,,,,,,,,,,,,,,,,,,,,,,,,,,,,,,,,,,,,,,,,,,,,,,,0,0,0,5,0,0,0,,,,
13196452,N,N,N,N,N,N,N,3/22/2013,5:00 PM,130038317,0,101,1666,Y,Y,,,19,,,2,5800,,E SAM HOUSTON PW N,,N,N,50,N,N,,N,15,,,,,,WALLISVILLE RD,,,,,,,,11,1,0,,1,1,20,5:33 PM,DISPATCHED,5:33 PM,3/22/2013,N,TX1010000,1419,109,4,5,8,2,2,22,64,38,2,4,1,21,21,101,1666,29.80943714,-95.16393574,,,,,E SAM HOUSTON PKWY N,,,,,,,,,,WALLISVILLE RD,,,,,Y,N,Y,5,0,Y,FRI,,,,,,,,,,,,,,,,,,,,,,,,,,,,,,,,,,,,,,,,,,,,,,,,,,,,,,,,0,0,0,2,0,0,0,15,,,
13196498,N,N,N,N,N,N,N,3/17/2013,4:29 AM,130015250,,220,19,N,Y,,,19,,,1,1600,N,COOPER,ST,N,N,40,N,N,,Y,1,30,,2,600,W,NOT REPORTED,FWY,,,,,FRONTAGE RD,,11,4,2,2,1,1,5,4:29 AM,DISPATCH,4:35 AM,3/17/2013,Y,TX2200100,59,,8,227,8,7,2,1,26,3,2,1,2,21,21,220,19,32.75978329,-97.11447658,IH,30,,27.196,IH0030,,1068,2,26.318,27,0.183,,,,N COOPER ST,,,,,Y,Y,N,5,9,Y,SUN,5,0,11,10,0,3,6,330,112,72,6,0,0,2,20,5,2,20,5,2,20,4,11,132398,2014,132398,1.6,7.8,9.4,,,,,,,,,,,,,,,,,,,,,,,,,,,0,0,0,1,0,0,0,282,,,
13196638,N,N,N,N,N,N,N,3/16/2013,2:26 AM,13-008415,,240,254,N,Y,,,19,,,1,150,W,DEL MAR,,N,N,30,N,N,DRY,N,19,,,1,7000,,VILLAGE,,,,,,DRY,,11,4,0,,1,1,20,2:29 AM,MCT DISPATCHED,2:35 AM,3/16/2013,Y,TX2400100,1644,,,29,8,7,4,1,32,54,1,5,2,21,21,240,254,27.56817679,-99.49483384,,,,,W DEL MAR BLVD,,,,,,,,,,,,,,,Y,N,N,3,8,Y,SAT,,,,,,,,,,,,,,,,,,,,,,,,,,,,,,,,,,,,,,,,,,,,,,,,,,,,,,,,0,0,1,0,0,1,0,205,,,
13196645,N,N,N,N,N,N,N,3/15/2013,7:32 PM,13-008380,,240,254,N,Y,,,19,,,1,2800,,IRELAND,,N,N,30,N,N,,Y,19,,,1,3200,S,NEW YORK,AVE,,,,,,,11,1,4,,1,1,8,7:33 PM,DISPATCHED,7:40 PM,3/16/2013,Y,TX2400100,1644,,,40,8,2,1,10,64,54,1,5,1,21,21,240,254,27.46763538,-99.46632215,,,,,IRELAND ST,2901,,,,,,,,,S NEW YORK AVE,,,,,Y,N,N,5,8,Y,FRI,,,,,,,,,,,,,,,,,,,,,,,,,,,,,,,,,,,,,,,,,,,,,,,,,,,,,,,,0,0,0,3,0,0,0,205,,,
13197135,N,N,N,N,N,N,N,3/22/2013,10:40 PM,13-001379,,57,71,N,Y,,,19,,,1,2200,,VALLEY VIEW,DR,N,N,30,N,N,,N,19,,,1,900,,HICKORY KNOB,CIR,,,,,,,12,3,0,,5,1,11,10:44 PM,DISPATCHED,10:51 PM,3/22/2013,Y,TX0570500,223,,,,8,7,4,1,31,3,1,5,2,21,21,57,71,32.57317501,-96.99216265,,,,,VALLEY VIEW DR,2208,,,,,,,,,,,,,,Y,N,N,5,6,Y,FRI,,,,,,,,,,,,,,,,,,,,,,,,,,,,,,,,,,,,,,,,,,,,,,,,,,,,,,,,0,0,0,1,0,0,0,282,,,
13197240,N,N,N,N,N,N,N,3/19/2013,6:55 AM,13-0780340,,227,22,N,Y,,,19,,,1,7700,,ED BLUESTEIN SB,BLVD,N,N,0,N,N,,N,19,,,,,,MANOR,RD,,,,,,,11,3,0,,1,1,11,6:55 AM,DISPATCHED,7:00 AM,3/19/2013,Y,TX2270100,74,,,251,8,2,4,21,39,30,1,5,1,21,21,227,22,30.31579568,-97.66372096,,,,,ED BLUESTEIN BLVD,,,,,,,,,,,,,,,Y,N,N,5,9,Y,TUE,,,,,,,,,,,,,,,,,,,,,,,,,,,,,,,,,,,,,,,,,,,,,,,,,,,,,,,,0,0,0,2,0,0,0,90,,,
13197568,N,Y,N,N,N,N,N,4/1/2013,7:50 AM,79479A,,57,107,N,Y,,,3,180,,1,2700,W,DAVIS,RD,N,N,35,N,N,,N,19,,,,600,N,PLYMOUTH,RD,,,,,,,11,2,0,,1,1,20,8:02 AM,DISPATCHED,8:15 AM,4/1/2013,Y,TX0000006,2471,,,44,8,2,4,22,64,42,1,2,1,21,21,57,107,32.764128,-96.85183836,,,,,FORT WORTH AVE,,,,,,,,,,,,,,,Y,N,N,5,9,Y,MON,,,,,,,,,,,,,,,,,,,,,,,,,,,,,,,,,,,,,,,,,,,,,,,,,,,,,,,,0,0,0,5,0,0,0,282,,,
13197626,N,N,N,N,N,N,N,3/24/2013,4:30 PM,,,68,315,N,Y,31.87886,-102.33294,19,,,1,,,FAIR PALMS,PL,N,N,45,N,N,,N,19,,,,,E,UNIVERSITY,BLVD,,,,,,,11,1,2,,1,1,8,4:34 PM,DROVE UPON,4:34 PM,3/24/2013,Y,TXDPS1800,10000,17,32,1,8,7,2,2,21,54,1,5,2,21,21,68,315,31.87887892,-102.3328691,,,,,FAIR PALMS PL,2713,,,,,,,,,UNKNOWN,,,,,Y,N,N,5,8,Y,SUN,,,,,,,,,,,,,,,,,,,,,,,,,,,,,,,,,,,,,,,,,,,,,,,,,,,,,,,,0,0,0,1,0,0,0,174,,,
13197720,N,Y,N,N,N,N,N,3/18/2013,9:25 AM,,,82,1647,Y,Y,29.05227,-99.01512,1,35,,4,,,NOT REPORTED,,N,N,20,N,N,,N,,,,,,,NOT REPORTED,,0.2,M,S,114,,,11,1,0,2,1,1,10,9:35 AM,FRIO CO. COM.,9:40 AM,3/18/2013,Y,,10000,19,92,1,8,10,4,1,1,54,4,1,2,21,21,82,1647,29.05367623,-99.01391217,IH,35,,113.54,IH0035,,17,6,31.226,114,-0.2,,,,NOT REPORTED,,,,,Y,Y,Y,2,0,Y,MON,5,0,4,10,72,3,4,420,80,48,4,0,0,2,8,5,2,20,5,3,64,1,1,29810,2014,29810,3.4,25.4,28.8,,,,,,,,,,,,,,,,,,,,,,,,,,,0,1,0,0,0,1,0,,,,
13198055,N,N,N,N,N,N,N,3/31/2013,10:26 AM,,,92,1657,Y,Y,32.433,-94.75717,1,20,,1,,,NOT REPORTED,,N,N,75,N,N,,N,,,,,,,NOT REPORTED,,0.4,M,E,593,,,2,1,0,2,1,2,20,10:31 AM,GCSO COMM,10:33 AM,3/31/2013,Y,,10000,19,28,1,8,7,4,1,39,1,1,1,4,21,21,92,1657,32.43328887,-94.75815097,IH,20,,592.113,IH0020,,495,7,13.429,593,0.4,,,,NOT REPORTED,,,,,Y,Y,Y,5,0,Y,SUN,5,0,4,10,463,9,4,720,76,48,5,0,0,2,8,5,2,20,5,3,455,1,1,35541,2014,35541,3.4,35.2,38.5,,,,,,,,,,,,,,,,,,,,,,,,,,,0,0,0,1,0,0,0,361,,,
13198289,N,N,N,N,N,N,N,3/22/2013,10:29 PM,68287A,68288A,57,107,N,Y,,,1,635,,1,6900,,LYNDON B JOHNSON,FWY,N,N,65,Y,Y,,N,19,,,,13000,,HILLCREST,RD,,,,,,,12,4,0,2,1,1,20,10:30 PM,DROVE UP ON,10:34 PM,3/23/2013,N,TX0000006,2471,,,59,8,2,4,20,64,49,1,1,1,21,21,57,107,32.92460076,-96.78463089,IH,635,,20.987,IH0635,,2374,1,7.473,20,0.411,,,,,,,,,Y,Y,N,3,9,Y,FRI,5,1,2,10,12,2,8,800,140,88,5,0,0,2,4,5,2,20,5,2,8,4,11,203189,2014,203189,5.2,8.7,14,,,,,,,,,,,,,,,,,,,,,,,,,,,0,0,1,2,0,1,0,282,,,
13198333,N,N,N,N,N,N,N,3/29/2013,6:12 PM,74463A,,57,107,N,Y,,,3,289,,1,11700,,PRESTON,RD,N,N,40,N,N,,N,19,,,,6000,,FOREST,LN,,,,,,,12,1,0,2,1,1,1,6:16 PM,DISPATCHED,6:26 PM,3/29/2013,Y,TX0000006,2471,,,59,8,2,3,34,64,13,1,2,1,32,21,57,107,32.90803134,-96.80414159,SH,289,,67.947,SH0289,,91,6,6.414,262,-0.479,,,,,,,,,Y,Y,N,5,9,Y,FRI,3,0,0,0,14,3,6,100,66,66,5,1,1,1,0,0,1,0,0,1,14,4,14,26566,2014,26566,6.4,4,10.4,1,138,1,1,7,,,,,,,,,,,,,,,,,,,,,,0,0,0,4,0,0,0,282,,,
13199090,N,N,N,N,N,N,N,3/15/2013,9:30 PM,C1301899,,178,97,N,Y,,,19,,,1,2900,,BLEVINS,ST,N,N,30,N,N,BLACKTOP,Y,19,,,1,1300,,DEVON,DR,,,,,BLACKTOP,,11,4,0,,1,1,8,9:46 PM,DISPATCHED,9:48 PM,3/15/2013,Y,TX1780200,1115,,,25,8,2,1,10,64,54,1,5,1,21,21,178,97,27.75505528,-97.40238264,,,,,BLEVINS ST,1000,,,,,,,,,DEVON DR,,,,,Y,N,N,5,9,Y,FRI,,,,,,,,,,,,,,,,,,,,,,,,,,,,,,,,,,,,,,,,,,,,,,,,,,,,,,,,0,0,0,3,0,0,0,96,,,
13199278,N,N,N,N,N,N,N,3/22/2013,5:45 PM,130322-008,,101,430,N,Y,,,19,,,1,800,W,800 MAIN ST,ST,N,N,30,N,N,,Y,19,,,1,100,,HOLDERRIETH,DR,,,,,,,12,1,0,,1,1,5,5:45 PM,DISPATCH,5:48 PM,3/22/2013,Y,TX1012300,2286,,,,8,2,1,10,64,3,1,5,1,21,21,101,430,,,,,,,W 800 MAIN ST ST,,,,,,,,,,HOLDERRIETH DR,,,,,Y,N,N,3,5,N,FRI,,,,,,,,,,,,,,,,,,,,,,,,,,,,,,,,,,,,,,,,,,,,,,,,,,,,,,,,0,0,1,1,0,1,0,,,,
13199293,N,N,N,N,N,N,N,3/25/2013,8:08 AM,13-08761,13-08761,126,78,N,Y,,,2,67,,1,1600,W,HENDERSON ST,,N,N,40,N,N,BLACK TOP,Y,19,,,1,100,,FAIRCREST DR,,,,,,BLACK TOP,,11,1,2,,1,1,5,8:08 AM,RADIO,8:12 AM,3/25/2013,Y,TX1260300,284,79,2,102,8,2,1,10,64,54,1,2,1,21,21,126,78,,,US,67,,,US0067,,,,,,,,,,FAIRCREST DR,,,,,Y,Y,N,5,6,N,MON,,,,,,,,,,,,,,,,,,,,,,,,,,,,,,,,,,,,,,,,,,,,,,,,,,,,,,,,0,0,0,2,0,0,0,,,,
13199360,N,N,N,N,N,N,N,3/26/2013,3:26 AM,2013-507344,,188,12,N,Y,,,19,,,1,600,N,MIRROR,ST,N,N,40,N,N,4-LANE,N,19,,,1,1400,NE,7TH,AVE,250,F,N,INT,2-LANE,,11,4,0,,5,1,20,3:27 AM,DISPATCHED,3:29 AM,3/26/2013,Y,TX1880100,33,,,133,8,7,4,1,30,3,1,5,2,21,21,188,12,35.21790405,-101.8183912,,,,,N MIRROR ST,700,,,,,,,,,,,,,,Y,N,N,5,8,Y,TUE,,,,,,,,,,,,,,,,,,,,,,,,,,,,,,,,,,,,,,,,,,,,,,,,,,,,,,,,0,0,0,1,0,0,0,120,,,
13199389,N,N,N,N,N,N,N,3/26/2013,5:06 AM,A12-000539,,14,236,N,Y,,,19,,,1,2900,S,WS YOUNG,DR,N,N,30,N,N,,N,2,190,,,1000,E,CENTRAL TEXAS,EXPY,,,,,,,11,4,4,,1,1,21,5:06 AM,DISPATCHED,5:08 AM,3/26/2013,Y,TX0140400,1587,,,,8,2,4,22,64,38,1,2,1,21,21,14,236,31.09019768,-97.72023928,,,,,S WS YOUNG DR,,,,,,,,,,,,,,,Y,N,N,2,8,Y,TUE,,,,,,,,,,,,,,,,,,,,,,,,,,,,,,,,,,,,,,,,,,,,,,,,,,,,,,,,0,1,0,2,0,1,0,277,,,
13199661,N,N,N,N,N,N,N,3/26/2013,12:30 PM,13-20055,,108,132,N,N,,,19,,,1,3500,,DUTCHESS,ST,N,N,30,N,N,,N,19,,,,1000,S,MONMACK,RD,,,,,,,11,1,0,,1,1,20,1:22 PM,DISPATCHED,1:29 PM,3/26/2013,Y,TX1080400,1248,,,35,8,4,4,1,64,7,1,5,1,21,21,108,132,26.29749806,-98.20304754,,,,,DUTCHESS ST,3513,,,,,,,,,,,,,,N,N,N,5,7,Y,TUE,,,,,,,,,,,,,,,,,,,,,,,,,,,,,,,,,,,,,,,,,,,,,,,,,,,,,,,,0,0,0,1,0,0,0,230,,,
13199693,N,N,N,N,N,N,N,4/1/2013,4:50 PM,0039711613F,,101,208,N,Y,,,19,,,1,12200,,BEECHNUT,ST,N,N,35,N,N,DRY / CONCRETE,Y,19,,,1,8000,,COOK,RD,,,,,,,11,1,0,,1,1,5,5:00 PM,ONVIEW,5:00 PM,4/1/2013,Y,TXHPD0000,2469,18,128,39,8,2,1,10,64,54,1,5,1,21,21,101,208,29.68902482,-95.59598303,,,,,BEECHNUT ST,12301,,,,,,,,,COOK RD,,,,,Y,N,N,3,9,Y,MON,,,,,,,,,,,,,,,,,,,,,,,,,,,,,,,,,,,,,,,,,,,,,,,,,,,,,,,,0,0,2,3,0,2,0,15,,,
13199780,N,N,N,N,N,N,N,3/30/2013,11:40 AM,13-30390,,220,156,N,Y,32.7254,-97.42645,19,,,1,6487,,GREENWAY,RD,N,N,30,N,N,ASPHALT,N,19,,,,3250,,BIGHAM,BLVD,,,,,ASPHALT,,12,1,0,,1,1,1,11:51 AM,DISPATCHED,11:58 AM,3/30/2013,Y,TX2201200,1318,885,19,120,8,4,2,2,64,3,1,5,1,21,21,220,156,32.72488732,-97.42733217,,,,,GREENWAY RD,6496,,,,,,,,,BIGHAM BLVD,,,,,Y,N,N,5,9,Y,SAT,,,,,,,,,,,,,,,,,,,,,,,,,,,,,,,,,,,,,,,,,,,,,,,,,,,,,,,,0,0,0,1,0,0,0,282,,,
13199861,N,N,N,N,N,N,N,3/30/2013,7:53 PM,,,232,1797,Y,Y,29.1846,-99.35866,2,90,,1,,,NOT REPORTED,,N,N,75,N,N,,N,15,303,,,,,NOT REPORTED,,,,,,,,11,3,0,3,1,1,11,8:30 PM,PHONE,8:45 PM,4/2/2013,Y,,10000,7,137,1,8,8,4,1,98,54,1,2,1,21,21,232,1797,29.30359557,-99.60973205,US,90,,386.014,US0090,,24,2,3.505,504,-0.85,,,,,,,,,Y,Y,Y,5,0,Y,SAT,2,0,4,4,0,2,4,140,56,48,4,0,0,2,4,5,2,4,5,0,0,1,2,6769,2014,6769,6.9,10.8,17.8,,,,,,,,,,,,,,,,,,,,,,,,,,,0,0,0,5,0,0,0,,,,
13199958,N,N,N,N,N,N,N,3/23/2013,8:54 PM,2013-12508,,79,371,N,Y,,,4,2218,,1,1700,,BF TERRY,BLVD,N,N,-1,N,N,1700 BLOCK FM 2218,Y,19,,,1,5800,,TOWN CENTER,BLVD,,,,,5800 BLOCK TOWN CENTER BLVD,,11,4,4,2,1,1,5,8:54 PM,DISPATCH,9:20 PM,3/29/2013,Y,TX0790300,2045,888,212,44,8,2,1,34,64,54,1,3,1,21,21,79,371,29.55300332,-95.76702082,FM,2218,,0.476,FM2218,1731,2093,1,10.453,484,0.422,,,,TOWN CENTER BLVD,,,,,Y,Y,N,5,6,Y,SAT,3,0,6,6,14,2,4,100,72,48,4,0,0,3,12,5,3,12,5,1,2,4,16,8873,2014,8873,10.6,12.8,23.4,,,,,,,,,,,,,,,,,,,,,,,,,,,0,0,0,3,0,0,0,15,,,
13200010,N,N,N,N,N,Y,N,4/1/2013,7:05 PM,SAPD13068967,2270,15,379,N,Y,,,19,,,1,1100,,MCCULLOUGH,AVE,N,N,35,N,N,,Y,19,,,1,400,E,ELMIRA,,,,,,,,12,1,4,2,1,1,5,7:05 PM,DISPATCH,7:10 PM,4/30/2013,Y,TXSPD0000,2473,,3,122,8,2,1,10,64,54,1,1,1,21,21,15,379,29.43773325,-98.49052284,IH,35,,156.585,IH0035,,17,10,23.532,157,0.095,,,,MCCULLOUGH AVE,,,,,Y,Y,N,2,9,Y,MON,5,0,3,4,8,9,9,230,165,108,5,0,0,2,25,5,2,32,5,2,3,4,11,153599,2014,153599,3.4,11.2,14.6,,,,,,,,,,,,,,,,,,,,,,,,,,,0,1,3,0,0,4,0,28,,,
13200219,N,N,N,N,N,N,N,3/31/2013,8:15 PM,SAPD13068175,2350,15,379,N,Y,,,19,,,1,,W,COMMERCE,,N,N,-1,N,N,,Y,19,,,1,,SW,19 TH,ST,,,,,,,11,4,0,,1,1,5,8:20 PM,DISPATCHED,8:29 PM,3/31/2013,N,TXSPD0000,2473,,3,122,8,2,1,20,64,42,1,5,1,21,21,15,379,29.42898497,-98.5361223,,,,,W COMMERCE ST,3501,,,,,,,,,SW 19TH ST,,,,,Y,N,N,5,9,Y,SUN,,,,,,,,,,,,,,,,,,,,,,,,,,,,,,,,,,,,,,,,,,,,,,,,,,,,,,,,0,0,0,2,1,0,0,28,,,
13200379,N,N,N,N,N,N,N,3/28/2013,12:35 AM,0037643713W,,101,208,N,Y,,,19,,,1,8800,,WESTHEIMER,RD,N,N,35,N,N,LOCAL ROAD,N,19,,,,,,FONDREN,ST,,,,,,,11,4,0,2,1,1,20,1:19 AM,HPD DISPATCH,1:25 AM,3/29/2013,Y,TXHPD0000,2469,6,106,54,8,7,4,1,21,54,1,3,2,21,21,101,208,29.73739895,-95.52030599,FM,1093,,50.649,FM1093,8812,1258,4,10.581,678,0.543,,,,,,,,,Y,Y,N,3,9,Y,THU,3,0,0,0,12,9,8,120,90,90,6,2,2,1,0,0,1,0,0,1,12,4,14,55345,2014,55345,3.9,1.4,5.2,,,,,,,,,,,,,,,,,,,,,,,,,,,0,0,1,0,0,1,0,15,,,
13200381,N,N,N,N,N,N,N,4/3/2013,1:21 AM,2013-BCSO-13091,B10,15,379,N,Y,29.49943,-98.19112,1,1470,,1,14700,W,IH 10,HWY,N,N,70,N,N,,N,5,900,,,99,NE,ZUEHL,RD,,,,,,,2,3,0,,1,2,1,1:21 AM,DISPATCHED,1:30 AM,4/3/2013,Y,TX0150000,120,,,162,8,8,4,1,50,24,1,1,1,21,21,15,379,,,,,,,IH1470,,,,,,,,,,,,,,,Y,Y,N,5,9,N,WED,,,,,,,,,,,,,,,,,,,,,,,,,,,,,,,,,,,,,,,,,,,,,,,,,,,,,,,,0,0,0,1,0,0,0,,,,
13200394,N,N,N,N,N,N,N,4/3/2013,12:47 AM,SAPD13069907,3340,15,379,N,Y,,,1,35,,2,4200,N,IH 35,HWY,N,N,40,N,N,,N,19,,,,3800,,GOERGE C BEACH,AVE,,,,,,,2,3,2,,2,2,8,12:47 AM,DISPATCHED,1:03 AM,4/3/2013,Y,TXSPD0000,2473,,29,131,8,7,3,2,62,14,2,1,2,32,21,15,379,,,IH,35,,,IH0035,,,,,,,,,,,,,,,Y,Y,N,5,9,N,WED,,,,,,,,,,,,,,,,,,,,,,,,,,,,,,,,,,,,,,,,,,,,,,,,,,,,,,,,0,0,0,1,0,0,0,,,,