Crash_ID,Crash_Fatal_Fl,Cmv_Involv_Fl,Schl_Bus_Fl,Rr_Relat_Fl,Medical_Advisory_Fl,Amend_Supp_Fl,Active_School_Zone_Fl,Crash_Date,Crash_Time,Case_ID,Local_Use,Rpt_CRIS_Cnty_ID,Rpt_City_ID,Rpt_Outside_City_Limit_Fl,Thousand_Damage_Fl,Rpt_Latitude,Rpt_Longitude,Rpt_Rdwy_Sys_ID,Rpt_Hwy_Num,Rpt_Hwy_Sfx,Rpt_Road_Part_ID,Rpt_Block_Num,Rpt_Street_Pfx,Rpt_Street_Name,Rpt_Street_Sfx,Private_Dr_Fl,Toll_Road_Fl,Crash_Speed_Limit,Road_Constr_Zone_Fl,Road_Constr_Zone_Wrkr_Fl,Rpt_Street_Desc,At_Intrsct_Fl,Rpt_Sec_Rdwy_Sys_ID,Rpt_Sec_Hwy_Num,Rpt_Sec_Hwy_Sfx,Rpt_Sec_Road_Part_ID,Rpt_Sec_Block_Num,Rpt_Sec_Street_Pfx,Rpt_Sec_Street_Name,Rpt_Sec_Street_Sfx,Rpt_Ref_Mark_Offset_Amt,Rpt_Ref_Mark_Dist_Uom,Rpt_Ref_Mark_Dir,Rpt_Ref_Mark_Nbr,Rpt_Sec_Street_Desc,Rpt_CrossingNumber,Wthr_Cond_ID,Light_Cond_ID,Entr_Road_ID,Road_Type_ID,Road_Algn_ID,Surf_Cond_ID,Traffic_Cntl_ID,Investigat_Notify_Time,Investigat_Notify_Meth,Investigat_Arrv_Time,Report_Date,Investigat_Comp_Fl,ORI_Number,Investigat_Agency_ID,Investigat_Area_ID,Investigat_District_ID,Investigat_Region_ID,Bridge_Detail_ID,Harm_Evnt_ID,Intrsct_Relat_ID,FHE_Collsn_ID,Obj_Struck_ID,Othr_Factr_ID,Road_Part_Adj_ID,Road_Cls_ID,Road_Relat_ID,Phys_Featr_1_ID,Phys_Featr_2_ID,Cnty_ID,City_ID,Latitude,Longitude,Hwy_Sys,Hwy_Nbr,Hwy_Sfx,Dfo,Street_Name,Street_Nbr,Control,Section,Milepoint,Ref_Mark_Nbr,Ref_Mark_Displ,Hwy_Sys_2,Hwy_Nbr_2,Hwy_Sfx_2,Street_Name_2,Street_Nbr_2,Control_2,Section_2,Milepoint_2,Txdot_Rptable_Fl,Onsys_Fl,Rural_Fl,Crash_Sev_ID,Pop_Group_ID,Located_Fl,Day_of_Week,Hwy_Dsgn_Lane_ID,Hwy_Dsgn_Hrt_ID,Hp_Shldr_Left,Hp_Shldr_Right,Hp_Median_Width,Base_Type_ID,Nbr_Of_Lane,Row_Width_Usual,Roadbed_Width,Surf_Width,Surf_Type_ID,Curb_Type_Left_ID,Curb_Type_Right_ID,Shldr_Type_Left_ID,Shldr_Width_Left,Shldr_Use_Left_ID,Shldr_Type_Right_ID,Shldr_Width_Right,Shldr_Use_Right_ID,Median_Type_ID,Median_Width,Rural_Urban_Type_ID,Func_Sys_ID,Adt_Curnt_Amt,Adt_Curnt_Year,Adt_Adj_Curnt_Amt,Pct_Single_Trk_Adt,Pct_Combo_Trk_Adt,Trk_Aadt_Pct,Curve_Type_ID,Curve_Lngth,Cd_Degr,Delta_Left_Right_ID,Dd_Degr,Feature_Crossed,Structure_Number,I_R_Min_Vert_Clear,Approach_Width,Bridge_Median_ID,Bridge_Loading_Type_ID,Bridge_Loading_In_1000_Lbs,Bridge_Srvc_Type_On_ID,Bridge_Srvc_Type_Under_ID,Culvert_Type_ID,Roadway_Width,Deck_Width,Bridge_Dir_Of_Traffic_ID,Bridge_Rte_Struct_Func_ID,Bridge_IR_Struct_Func_ID,CrossingNumber,RRCo,Poscrossing_ID,WDCode_ID,Standstop,Yield,Incap_Injry_Cnt,Nonincap_Injry_Cnt,Poss_Injry_Cnt,Non_Injry_Cnt,Unkn_Injry_Cnt,Tot_Injry_Cnt,Death_Cnt,MPO_ID,Investigat_Service_ID,Investigat_DA_ID,Investigator_Narrative
13225003,N,N,N,N,N,N,N,4/17/2013,4:22 PM,SAPD13081136,3340,15,379,N,Y,,,1,35,,2,4300,N,NOT REPORTED,,N,N,45,N,N,,N,19,,,,500,,PETROLEUM,DR,,,,,,,12,1,0,2,1,1,11,4:32 PM,DISPATCHED,4:38 PM,4/17/2013,Y,txspd0000,2473,,29,131,8,2,4,22,64,42,2,1,1,21,21,15,379,29.46594403,-98.40830663,IH,35,,162.394,IH0035,,17,10,29.617,163,0.126,,,,,,,,,Y,Y,N,2,9,Y,WED,5,0,0,10,22,9,6,230,90,72,6,0,0,1,0,0,2,18,5,2,22,4,11,74711,2014,74711,3.4,11.2,14.6,,,,,,,,,,,,,,,,,,,,,,,,,,,0,1,1,1,0,2,0,28,,,
13225082,N,N,N,N,N,N,N,4/12/2013,7:44 PM,SAPD13077536,3260,15,379,N,Y,,,11,410,,1,3200,NE,LOOP 410,,N,N,60,N,N,STATE LOOP,N,1,35,,,8900,,IH 35 N,,,,,,INTERSTATE,,11,5,0,2,5,1,1,7:58 PM,DISPATCHED,8:03 PM,4/12/2013,N,TXSPD0000,2473,,109,138,8,1,4,1,64,54,1,1,1,21,21,15,379,29.52036339,-98.39706498,IH,410,,26.389,IH0410,,521,4,26.765,26,0.709,,,,,,,,,Y,Y,N,2,9,Y,FRI,5,0,10,12,19,9,5,300,96,60,4,0,0,2,16,5,2,20,5,2,3,4,11,122278,2014,122278,2.9,1.9,4.7,1,232,0,,0,,,,,,,,,,,,,,,,,,,,,,0,1,0,2,0,1,0,28,,,
13225100,N,N,N,N,N,N,N,4/10/2013,12:05 AM,0043451613R,,101,208,N,Y,,,1,10,,2,14799,W,KATY SER S,FWY,N,N,35,N,N,CONCRETE,N,95,,,,300,S,HIGHWAY 6,,,,,,,,11,4,0,2,1,1,5,12:07 AM,DISPATCHED,12:12 AM,4/10/2013,Y,TXHPD0000,2469,52,128,21,8,2,2,22,64,38,2,1,1,21,21,101,208,29.78482514,-95.64504105,IH,10,,750.326,IH0010,,271,7,10.338,752,-0.297,,,,HIGHWAY 6 S,,,,,Y,Y,N,5,9,Y,WED,5,1,10,10,40,9,6,325,112,72,5,0,0,2,20,5,2,20,5,2,20,4,11,183870,2014,183870,4.3,5.2,9.5,1,185,0,1,2,,,,,,,,,,,,,,,,,,,,,,0,0,0,2,0,0,0,15,,,
13225360,N,N,N,N,N,N,N,4/15/2013,6:55 AM,13042719,,170,92,N,Y,,,3,75,,1,1900,N,FRAZIER,ST,N,N,40,N,N,,N,19,,,,,,HILLCREST,DR,,,,,,,12,1,2,3,1,1,5,7:03 AM,DISPATCH,7:05 AM,4/15/2013,N,TX1700100,325,,,122,8,2,2,22,64,38,1,2,1,21,21,170,92,30.33165857,-95.46639817,SH,75,,130.569,SH0075,,110,3,7.577,458,1.037,,,,HILLCREST DR,,,,,Y,Y,N,5,7,Y,MON,2,0,8,8,0,2,4,130,64,48,4,1,1,2,8,2,2,8,2,0,0,4,14,12531,2014,12531,7.7,2.9,10.6,,,,,,,,,,,,,,,,,,,,,,,,,,,0,0,0,1,1,0,0,15,,,
13225416,N,N,N,N,N,N,N,4/15/2013,10:15 AM,,,107,543,N,Y,32.08445,-95.44662,15,4117,,1,,,NOT REPORTED,,N,N,35,N,N,,N,15,,,,,,HILLSIDE,DR,,,,,,,11,1,0,,2,1,1,10:20 AM,DISPATCHED BY HCSO,10:59 AM,4/16/2013,Y,,10000,15,28,1,8,7,4,3,36,3,1,4,2,21,21,107,543,32.08437769,-95.44666132,,,,,UNKNOWN,,,,,,,,,,,,,,,Y,N,Y,5,1,Y,MON,,,,,,,,,,,,,,,,,,,,,,,,,,,,,,,,,,,,,,,,,,,,,,,,,,,,,,,,0,0,0,3,0,0,0,,,,
13225458,N,N,N,N,N,N,N,4/10/2013,9:28 PM,13-7673,,108,448,N,N,,,19,,,7,1000,E,10TH,ST,N,N,30,N,N,,N,19,,,,,,BRIDGE,ST,,,,,,,12,3,98,,1,1,1,9:30 PM,DISPATCH,9:36 PM,4/10/2013,Y,TX1081400,2396,,,,8,4,4,4,64,12,7,9,5,33,21,108,448,,,,,,,E 10TH ST,,,,,,,,,,,,,,,N,N,N,5,6,N,WED,,,,,,,,,,,,,,,,,,,,,,,,,,,,,,,,,,,,,,,,,,,,,,,,,,,,,,,,0,0,0,2,0,0,0,,,,
13225808,N,N,N,N,N,N,N,4/1/2013,10:00 AM,130043162,0,101,1666,Y,Y,,,19,,,1,21110,,MARCIN,LN,N,N,30,N,N,,N,19,,,1,5000,,BOWMAN,ST,,,,,,,11,1,98,,1,1,8,6:59 PM,DISPATCHED,7:08 PM,4/1/2013,Y,TX1014900,2744,49,209,6,8,4,4,1,64,54,1,4,1,21,21,101,1666,30.07272957,-95.49512259,,,,,MARCIN DR,21114,,,,,,,,,,,,,,Y,N,Y,5,0,Y,MON,,,,,,,,,,,,,,,,,,,,,,,,,,,,,,,,,,,,,,,,,,,,,,,,,,,,,,,,0,0,0,1,1,0,0,15,,,
13226003,N,N,N,N,N,N,N,4/11/2013,7:37 AM,2013-003924,,235,440,N,Y,,,19,,,1,2500,N,BEN JORDAN,ST,N,N,35,N,N,,N,19,,,1,2000,E,RED RIVER,ST,,,,,,,11,1,0,,1,1,11,7:40 AM,POLICE RADIO,7:53 AM,4/11/2013,Y,TX2350100,2366,,8,24,8,2,3,24,64,13,1,5,1,32,21,235,440,28.81420342,-96.98309809,,,,,N BEN JORDAN ST,2508,,,,,,,,,,,,,,Y,N,N,5,7,Y,THU,,,,,,,,,,,,,,,,,,,,,,,,,,,,,,,,,,,,,,,,,,,,,,,,,,,,,,,,0,0,0,4,0,0,0,363,,,
13226027,N,N,N,N,N,N,N,4/13/2013,2:31 PM,13041833,,31,53,N,Y,,,19,,,1,500,,AVENIDA DE LA PLATA,,N,N,20,N,N,,N,19,,,,0,,ROSLYN,CT,,,,,,,11,1,0,,1,1,1,2:32 PM,DISPATCHED,2:40 PM,4/13/2013,Y,TX0310100,172,,125,29,8,2,4,30,64,54,1,5,1,21,21,31,53,25.90306886,-97.47146887,,,,,AVENIDA DE LA PLATA,577,,,,,,,,,,,,,,Y,N,N,3,8,Y,SAT,,,,,,,,,,,,,,,,,,,,,,,,,,,,,,,,,,,,,,,,,,,,,,,,,,,,,,,,0,0,4,0,0,4,0,248,,,
13226106,N,Y,N,N,N,N,N,4/16/2013,12:57 PM,93091A,,57,107,N,Y,,,11,12,,1,3500,N,BUCKNER,BLVD,N,N,40,N,N,,Y,19,,,1,1800,,CHENAULT,RD,,,,,,,11,1,0,2,1,1,5,12:57 PM,DISPATCH,1:08 PM,4/16/2013,Y,TX0000006,2471,,,33,8,2,1,34,64,54,1,2,1,21,21,57,107,32.80276226,-96.68246917,SL,12,,32.8,SL0012,,581,1,4.907,618,-0.696,,,,CHENAULT ST,,,,,Y,Y,N,1,9,Y,TUE,3,0,0,10,14,3,6,275,86,66,6,1,1,1,0,0,2,20,5,1,14,4,14,43520,2014,43520,2.3,0.4,2.7,,,,,,,,,,,,,,,,,,,,,,,,,,,2,0,1,1,0,3,0,282,,,
13226127,N,N,N,N,N,N,N,4/16/2013,9:25 AM,13042243,,31,53,N,N,,,3,48,,7,2721,,BOCA CHICA,BLVD,Y,N,5,N,N,,N,3,48,,,100,,BOCA CHICA,BLVD,,,,,,,11,1,0,,1,1,1,9:26 AM,DISPATCH,9:33 AM,4/16/2013,Y,TX0310100,172,,125,42,8,2,4,45,64,12,7,9,5,33,21,31,53,,,SH,48,,,SH0048,,,,,,,,,,,,,,,N,Y,N,5,8,N,TUE,,,,,,,,,,,,,,,,,,,,,,,,,,,,,,,,,,,,,,,,,,,,,,,,,,,,,,,,0,0,0,3,0,0,0,,,,
13226260,N,N,N,N,N,N,N,4/18/2013,6:43 AM,94883A,,57,107,N,Y,,,19,,,1,4000,,SIMPSON STUART,RD,N,N,35,N,N,,N,19,,,,6000,,FLAGG STAFF,ST,,,,,,,2,4,0,,3,2,11,6:45 AM,DISPATCHED,6:30 AM,4/18/2013,Y,TX0000006,2471,,,71,8,2,4,22,64,10,1,5,1,21,21,57,107,32.67502899,-96.7580827,,,,,SIMPSON STUART RD,3796,,,,,,,,,,,,,,Y,N,N,3,9,Y,THU,,,,,,,,,,,,,,,,,,,,,,,,,,,,,,,,,,,,,,,,,,,,,,,,,,,,,,,,0,0,1,0,0,1,0,282,,,
13226270,N,N,N,N,N,N,N,4/18/2013,8:13 AM,SAPD13081581,6140,15,379,N,Y,,,1,35,,2,7000,S,IH35S,HWY,N,N,35,N,N,,N,19,,,,1200,,RAYBURN,ST,,,,,,,2,1,0,2,1,2,5,8:18 AM,DISPATCHED,8:20 AM,4/18/2013,Y,TXSPD0000,2473,,7,147,8,2,2,20,64,54,2,1,1,21,21,15,379,29.35759724,-98.52521269,IH,35,,150.402,IH0035,,17,9,17.583,151,0.078,,,,RAYBURN DR,,,,,Y,Y,N,5,9,Y,THU,5,0,6,10,30,9,6,260,100,72,6,0,0,2,8,5,2,20,5,2,22,4,11,61473,2014,61473,3.4,25.4,28.8,,,,,,,,,,,,,,,,,,,,,,,,,,,0,0,0,7,0,0,0,28,,,
13226383,N,N,N,N,N,N,N,4/13/2013,11:40 PM,2013-14203,,101,29,N,Y,,,19,,,1,1600,N,ALEXANDER,DR,N,N,45,N,N,,Y,19,,,1,1000,,WARD,RD,,,,,,,11,4,4,2,2,1,5,11:42 PM,DISPATCHED,11:44 PM,4/14/2013,Y,TX1010100,100,,,59,8,2,1,10,32,3,1,2,1,21,21,101,29,29.73968082,-94.95389006,BS,146,E,2.345,BS0146E,1590,389,3,4.323,486,0.388,,,,WARD RD,,,,,Y,Y,N,5,7,Y,SAT,3,0,0,0,33,9,6,120,66,66,6,1,1,1,0,0,1,0,0,1,33,4,14,7632,2014,7632,2.9,7.1,10,1,282,1,1,0,,,,,,,,,,,,,,,,,,,,,,0,0,0,3,0,0,0,15,,,
13226414,N,N,N,N,N,N,N,4/2/2013,9:11 PM,0040254413Z,,101,208,N,Y,,,11,8,,2,5500,S,SOUTH SAM HOUSTON W,PKWY,N,N,45,N,N,WET LEVEL CONCRETE,N,19,,,,,S,POST OAK,,,,,,,,11,4,0,1,1,1,11,9:11 PM,HPD DISPATCHER,9:11 PM,4/2/2013,Y,TXHPD0000,2469,18,125,81,8,4,4,1,64,10,2,2,1,21,21,101,208,29.60012822,-95.46451703,SL,8,,4.741,SL0008,,3256,4,4.876,684,-0.499,,,,,,,,,Y,Y,N,3,9,Y,TUE,1,0,0,0,0,3,3,300,36,36,5,1,1,1,0,0,1,0,0,0,0,4,14,14989,2014,14989,1.8,1.4,3.2,,,,,,,,,,,,,,,,,,,,,,,,,,,0,0,1,0,0,1,0,15,,,
13226416,N,N,N,N,N,N,N,4/16/2013,7:56 AM,13HP018366,,220,186,N,Y,,,3,183,,1,5000,NE,28TH,ST,N,N,40,N,N,,Y,19,,,1,2300,,HALTOM,RD,,,,,,,11,1,4,3,1,1,5,8:05 AM,DISPATCH,8:05 AM,4/16/2013,Y,TX2201400,1404,,,35,8,2,1,10,20,54,1,2,1,21,21,220,186,32.79490326,-97.27313218,SH,183,,16.959,SH0183,5101,94,1,13.217,568,0.587,,,,HALTOM RD,,,,,Y,Y,N,2,6,Y,TUE,2,0,0,0,0,9,4,80,62,62,6,1,1,1,0,0,1,0,0,0,0,4,14,9921,2014,9921,3.6,5,8.5,,,,,,,,,,,,,,,,,,,,,,,,,,,0,1,1,0,0,2,0,282,,,
13226609,N,N,N,N,N,N,N,4/14/2013,9:40 AM,0045415913E,,101,208,N,Y,,,19,,,1,3000,,REAGAN,,N,N,30,N,N,DRY,N,95,,,,,,EUCLID,,,,,,,,12,1,4,,1,1,20,10:01 AM,HPD DISPATCH,10:41 AM,4/17/2013,Y,TXHPD0000,2469,18,121,33,8,4,4,1,64,54,1,5,1,21,21,101,208,29.7853296,-95.37929461,,,,,REAGAN ST,3007,,,,,,,,,,,,,,Y,N,N,2,9,Y,SUN,,,,,,,,,,,,,,,,,,,,,,,,,,,,,,,,,,,,,,,,,,,,,,,,,,,,,,,,0,1,0,0,0,1,0,15,,,
13226957,N,N,N,N,N,N,N,4/10/2013,9:15 AM,13-12156,,152,270,N,Y,,,11,289,,1,4600,W,LOOP 289,,N,N,60,N,N,ON LOOP OVERPASS,N,2,62,,1,5700,,MARSHA SHARP,FWY,,,,,,,4,1,0,2,3,6,1,9:23 AM,POLICE RADIO,9:34 AM,4/10/2013,Y,TX1520200,1706,,,,8,7,4,1,39,1,1,2,4,21,21,152,270,33.55314186,-101.939471,SL,289,,0.004,SL0289,,783,2,14.985,288,-0.096,,,,,,,,,Y,Y,N,5,8,Y,WED,5,0,10,10,23,8,6,300,112,72,5,0,0,2,20,5,2,20,5,2,3,4,12,46272,2014,46272,5.8,13.2,18.9,,,,,,,,,,,,,,,,,,,,,,,,,,,0,0,0,1,0,0,0,122,,,
13227065,N,N,N,N,N,N,N,4/5/2013,2:50 PM,13-095238,,71,136,N,Y,,,19,,,1,,,DONIPHAN,DR,N,N,0,N,N,ROADWAY,Y,19,,,1,,,SUNLAND PARK,DR,,,,,ROADWAY,,11,1,4,2,1,1,5,5:06 PM,CALLED IN,5:06 PM,4/5/2013,Y,TX0710200,1259,,,134,8,2,2,22,64,38,1,2,1,21,21,71,136,31.82868557,-106.5276874,SH,20,,14.356,SH0020,,1,2,14.566,322,0.552,,,,SUNLAND PARK DR,,,,,Y,Y,N,5,9,Y,FRI,3,0,0,0,26,2,6,150,72,72,4,1,1,1,0,0,1,0,0,1,26,4,14,33210,2014,33210,5.2,3.8,9.1,,,,,,,,,,,,,,,,,,,,,,,,,,,0,0,0,2,0,0,0,66,,,
13227143,N,N,N,N,N,N,N,4/13/2013,5:00 PM,13-066811,,43,336,N,Y,,,2,75,,1,6700,,NOT REPORTED,,N,N,60,N,N,,N,19,,,,100,,LEGACY,DR,,,,,,,11,1,0,2,1,1,20,5:02 PM,RADIO DISPATCHED,5:03 PM,4/13/2013,Y,TX0430600,1938,,,211,8,2,4,20,64,42,1,2,1,21,21,43,336,33.06579721,-96.69025268,US,75,,55.018,US0075,,47,6,8.854,248,0.689,,,,,,,,,Y,Y,N,5,9,Y,SAT,5,0,12,10,28,3,6,300,116,72,5,0,0,2,24,5,2,20,5,2,4,4,12,174217,2014,174217,2.8,5.4,8.3,,,,,,,,,,,,,,,,,,,,,,,,,,,0,0,0,2,0,0,0,282,,,
13227147,N,N,N,N,N,N,N,4/5/2013,5:28 PM,13028149,,43,162,N,Y,,,19,,,1,7000,,MAIN,ST,N,N,30,N,N,,N,19,,,,,,SIXTH,ST,,,,,,,11,1,0,,1,1,11,5:30 PM,DISPATCHED,5:41 PM,4/5/2013,Y,TX0430400,1331,,,,8,2,2,20,64,42,1,5,1,21,21,43,162,33.15023131,-96.82265446,,,,,MAIN ST,,,,,,,,,,S 6TH ST,,,,,Y,N,N,5,8,Y,FRI,,,,,,,,,,,,,,,,,,,,,,,,,,,,,,,,,,,,,,,,,,,,,,,,,,,,,,,,0,0,0,5,0,0,0,282,,,
13227247,N,N,N,N,N,N,N,4/10/2013,9:00 AM,13-12154,,152,270,N,Y,,,11,289,,1,5000,W,LOOP 289,LOOP,N,N,60,N,N,,Y,19,,,7,5700,,50TH,ST,,,,,,,4,1,0,2,1,6,1,9:07 AM,RADIO DISPATCH,9:13 AM,4/10/2013,Y,TX1520200,1706,,,,8,2,4,21,64,9,1,2,1,21,21,152,270,33.5490569,-101.9376949,SL,289,,25.792,SL0289,,783,1,14.614,314,-0.21,,,,,,,,,Y,Y,N,5,8,Y,WED,5,0,10,10,52,2,6,300,114,72,5,2,0,2,20,5,2,20,5,3,32,4,12,47498,2014,47498,5.8,13.2,18.9,,,,,,,,,,,,,,,,,,,,,,,,,,,0,0,0,2,0,0,0,122,,,
13227269,N,N,N,N,N,N,N,4/10/2013,12:45 PM,13-12199,,152,270,N,Y,,,19,,,1,5400,,AVE,,N,N,30,N,N,,N,19,,,1,800,,54TH,ST,,,,,54TH STREET,,11,1,0,,1,1,1,12:45 PM,DISPATCH,12:51 PM,4/10/2013,Y,TX1520200,1706,,,,8,2,4,30,64,54,1,5,1,21,21,152,270,,,,,,,AVE,,,,,,,,,,,,,,,Y,N,N,3,8,N,WED,,,,,,,,,,,,,,,,,,,,,,,,,,,,,,,,,,,,,,,,,,,,,,,,,,,,,,,,0,0,1,4,0,1,0,,,,
13227719,N,N,N,N,N,N,N,4/6/2013,12:40 PM,130045504,0,101,1666,Y,Y,,,2,290,,1,14200,,NORTHWEST,FWY,N,N,65,N,N,,N,15,,,,,,FAIRBANKS N HOUSTON,RD,,,,,,,11,1,0,,1,1,20,12:43 PM,DISPATCHED,12:43 PM,4/6/2013,Y,TX1010000,1419,2,4,5,8,7,4,1,36,31,1,2,2,21,21,101,1666,,,US,290,,,US0290,,,,,,,,,,,,,,,Y,Y,Y,1,0,N,SAT,,,,,,,,,,,,,,,,,,,,,,,,,,,,,,,,,,,,,,,,,,,,,,,,,,,,,,,,1,0,0,0,0,1,0,,,,
13227837,N,N,N,N,N,N,N,4/4/2013,11:56 PM,13-095003,,71,136,N,Y,,,19,,,1,1500,,ROBERT E LEE,RD,N,N,35,N,N,,N,3,180,,1,6600,,MONTANA,AVE,,,,,,,11,4,98,,1,1,5,11:58 PM,DISPATCHED,12:05 AM,4/5/2013,Y,TX0710200,1259,,,101,8,2,2,22,64,38,1,2,1,21,21,71,136,31.7894992,-106.3987187,,,,,ROBERT E LEE RD,,,,,,,US,62,,US0062,,,,,Y,N,N,5,9,Y,THU,,,,,,,,,,,,,,,,,,,,,,,,,,,,,,,,,,,,,,,,,,,,,,,,,,,,,,,,0,0,0,2,1,0,0,66,,,
13227867,N,N,N,N,N,N,N,4/4/2013,3:25 PM,13-094222,,71,136,N,Y,,,19,,,1,4600,,MARCUS URIBE,DR,N,N,30,N,N,,Y,19,,,1,11200,,LOMA FRANKLIN,,,,,,,,11,1,4,,1,1,8,3:26 PM,DISPATCH,3:33 PM,4/4/2013,Y,TX0710200,1259,,,194,8,2,1,34,64,54,1,5,1,21,21,71,136,31.93615482,-106.4378303,,,,,MARCUS URIBE DR,4701,,,,,,,,,LOMA FRANKLIN DR,,,,,Y,N,N,5,9,Y,THU,,,,,,,,,,,,,,,,,,,,,,,,,,,,,,,,,,,,,,,,,,,,,,,,,,,,,,,,0,0,0,3,0,0,0,66,,,
13227931,N,N,N,N,N,N,N,3/31/2013,9:39 PM,13-090178,,71,136,N,N,,,19,,,1,2500,,PERSHING,DR,N,N,30,N,N,,N,19,,,1,1000,,ROSEWOOD,,,,,,,,11,4,0,,1,1,20,9:40 PM,DISPATCH,9:47 PM,3/31/2013,N,TX0710200,1259,,,68,8,4,4,1,64,4,1,5,1,12,21,71,136,31.78135321,-106.4663099,,,,,PERSHING DR,2587,,,,,,,,,,,,,,N,N,N,5,9,Y,SUN,,,,,,,,,,,,,,,,,,,,,,,,,,,,,,,,,,,,,,,,,,,,,,,,,,,,,,,,0,0,0,2,1,0,0,66,,,
13227940,N,N,N,N,N,N,N,3/30/2013,2:47 PM,13-089151,,71,136,N,Y,,,19,,,1,9700,S,KENWORTHY,ST,N,N,40,N,N,"TWO WAY, FOUR LANE",N,19,,,1,4500,E,COHEN,ST,,,,,"TWO WAY, FOUR LANE",,12,1,4,,4,1,20,2:58 PM,DISPATCHED,3:06 PM,3/30/2013,Y,TX0710200,1259,,,173,8,7,4,1,21,35,1,5,2,21,21,71,136,31.89202247,-106.4329332,,,,,KENWORTHY ST,9767,,,,,,,,,,,,,,Y,N,N,5,9,Y,SAT,,,,,,,,,,,,,,,,,,,,,,,,,,,,,,,,,,,,,,,,,,,,,,,,,,,,,,,,0,0,0,6,0,0,0,66,,,
13228156,N,N,N,N,N,N,N,4/3/2013,9:19 AM,13-093058,,71,136,N,N,,,19,,,1,1300,N,LEE TREVINO,DR,N,N,35,N,N,,N,19,,,1,11300,,GATEWAY WEST,BLVD,,,,,,,11,1,0,,1,1,9,9:43 AM,DISPATCHED,9:49 AM,4/3/2013,N,TX0710200,1259,,,182,8,2,4,22,64,42,1,5,1,21,21,71,136,31.74014036,-106.3246544,,,,,N LEE TREVINO DR,,,,,,,,,,,,,,,N,N,N,5,9,Y,WED,,,,,,,,,,,,,,,,,,,,,,,,,,,,,,,,,,,,,,,,,,,,,,,,,,,,,,,,0,0,0,1,1,0,0,66,,,
13228183,N,N,N,N,N,Y,N,4/18/2013,8:54 AM,SAPD13081660,5350,15,379,N,Y,,,19,,,1,8200,,MARBACH,RD,N,N,35,N,N,,Y,19,,,1,1600,,COLUMBIA SQ,,,,,,,,2,1,0,,1,2,1,9:20 AM,DISP,9:30 AM,11/28/2015,Y,TXSPD0000,2473,,19,148,8,2,2,20,64,54,1,5,1,21,21,15,379,29.41783498,-98.65308227,,,,,MARBACH RD,8270,,,,,,,,,COLUMBIA SQ,,,,,Y,N,N,3,9,Y,THU,,,,,,,,,,,,,,,,,,,,,,,,,,,,,,,,,,,,,,,,,,,,,,,,,,,,,,,,0,0,1,1,2,1,0,28,,,
13228216,N,N,N,N,N,N,N,4/18/2013,12:21 PM,SAPD13081785,2330,15,379,N,Y,,,1,35,,1,100,S,IH 35 N,,N,N,60,N,N,,Y,1,10,,1,1600,,IH 10 W,,,,,,,,12,1,0,2,2,2,20,12:22 PM,DISPATCHED,12:30 PM,4/18/2013,Y,TXSPD0000,2473,,3,122,8,2,1,21,64,35,1,1,1,21,21,15,379,29.39614868,-98.51121521,IH,10,,571.336,IH0010,,25,2,0.243,573,-0.228,IH,35,,IH0035,,17,9,20.263,Y,Y,N,5,9,Y,THU,5,0,12,10,27,2,6,300,116,72,4,0,0,2,24,5,2,20,5,,3,4,11,123412,2014,123412,3.4,11.2,14.6,,,,,,,,,,,,,,,,,,,,,,,,,,,0,0,0,3,0,0,0,28,,,
13228467,N,N,N,N,N,N,N,4/13/2013,6:00 AM,129612,,116,1681,Y,Y,33.31968,-96.09123,3,34,,1,,,NOT REPORTED,,N,N,70,N,N,,N,15,1007,,,,,NOT REPORTED,,,,,,,,11,5,0,1,1,1,11,7:15 AM,DISPATHED,8:02 AM,4/13/2013,Y,TXDPS8600,10000,3,107,1,8,7,4,1,23,35,1,2,3,21,21,116,1681,33.31883765,-96.09143001,SH,34,,26.629,SH0034,7209,174,1,5.138,268,-0.992,,,,,,,,,Y,Y,Y,2,0,Y,SAT,2,0,4,4,0,2,2,120,32,24,6,0,0,2,4,5,2,4,5,0,0,1,7,1629,2014,1629,9.6,3.8,13.4,,,,,,,,,,,,,,,,,,,,,,,,,,,0,1,0,0,1,1,0,282,,,
13228547,N,N,N,N,N,N,N,4/18/2013,9:11 PM,,,49,163,N,N,33.63918,-97.14957,19,,,1,1500,,HANCOCK,ST,N,N,30,N,N,,Y,19,,,1,500,,YATES,ST,,,,,,,11,4,4,,1,1,1,9:12 PM,COOKE COUNTY S.O.,9:14 PM,4/18/2013,Y,TXDPS5526,10000,19,103,1,8,2,1,10,64,54,1,5,1,21,21,49,163,33.63916411,-97.14959243,,,,,HANCOCK ST,1498,,,,,,,,,YATES ST,,,,,N,N,N,5,5,Y,THU,,,,,,,,,,,,,,,,,,,,,,,,,,,,,,,,,,,,,,,,,,,,,,,,,,,,,,,,0,0,0,2,0,0,0,,,,
13228609,N,N,N,N,N,N,N,4/19/2013,10:41 AM,0047626813N,,101,208,N,Y,,,19,,,1,2300,N,MAIN,,N,N,30,N,N,CONCRETE,Y,19,,,1,600,,QUITMAN,,,,,,,,11,1,2,,1,1,1,10:42 AM,DISPATCHED,10:47 AM,4/19/2013,Y,TXHPD0000,2469,16,121,33,8,2,1,34,64,3,1,5,1,21,21,101,208,29.78073479,-95.36394309,,,,,N MAIN ST,,,,,,,,,,QUITMAN ST,,,,,Y,N,N,3,9,Y,FRI,,,,,,,,,,,,,,,,,,,,,,,,,,,,,,,,,,,,,,,,,,,,,,,,,,,,,,,,0,0,1,1,0,1,0,15,,,