Crash_ID,Crash_Fatal_Fl,Cmv_Involv_Fl,Schl_Bus_Fl,Rr_Relat_Fl,Medical_Advisory_Fl,Amend_Supp_Fl,Active_School_Zone_Fl,Crash_Date,Crash_Time,Case_ID,Local_Use,Rpt_CRIS_Cnty_ID,Rpt_City_ID,Rpt_Outside_City_Limit_Fl,Thousand_Damage_Fl,Rpt_Latitude,Rpt_Longitude,Rpt_Rdwy_Sys_ID,Rpt_Hwy_Num,Rpt_Hwy_Sfx,Rpt_Road_Part_ID,Rpt_Block_Num,Rpt_Street_Pfx,Rpt_Street_Name,Rpt_Street_Sfx,Private_Dr_Fl,Toll_Road_Fl,Crash_Speed_Limit,Road_Constr_Zone_Fl,Road_Constr_Zone_Wrkr_Fl,Rpt_Street_Desc,At_Intrsct_Fl,Rpt_Sec_Rdwy_Sys_ID,Rpt_Sec_Hwy_Num,Rpt_Sec_Hwy_Sfx,Rpt_Sec_Road_Part_ID,Rpt_Sec_Block_Num,Rpt_Sec_Street_Pfx,Rpt_Sec_Street_Name,Rpt_Sec_Street_Sfx,Rpt_Ref_Mark_Offset_Amt,Rpt_Ref_Mark_Dist_Uom,Rpt_Ref_Mark_Dir,Rpt_Ref_Mark_Nbr,Rpt_Sec_Street_Desc,Rpt_CrossingNumber,Wthr_Cond_ID,Light_Cond_ID,Entr_Road_ID,Road_Type_ID,Road_Algn_ID,Surf_Cond_ID,Traffic_Cntl_ID,Investigat_Notify_Time,Investigat_Notify_Meth,Investigat_Arrv_Time,Report_Date,Investigat_Comp_Fl,ORI_Number,Investigat_Agency_ID,Investigat_Area_ID,Investigat_District_ID,Investigat_Region_ID,Bridge_Detail_ID,Harm_Evnt_ID,Intrsct_Relat_ID,FHE_Collsn_ID,Obj_Struck_ID,Othr_Factr_ID,Road_Part_Adj_ID,Road_Cls_ID,Road_Relat_ID,Phys_Featr_1_ID,Phys_Featr_2_ID,Cnty_ID,City_ID,Latitude,Longitude,Hwy_Sys,Hwy_Nbr,Hwy_Sfx,Dfo,Street_Name,Street_Nbr,Control,Section,Milepoint,Ref_Mark_Nbr,Ref_Mark_Displ,Hwy_Sys_2,Hwy_Nbr_2,Hwy_Sfx_2,Street_Name_2,Street_Nbr_2,Control_2,Section_2,Milepoint_2,Txdot_Rptable_Fl,Onsys_Fl,Rural_Fl,Crash_Sev_ID,Pop_Group_ID,Located_Fl,Day_of_Week,Hwy_Dsgn_Lane_ID,Hwy_Dsgn_Hrt_ID,Hp_Shldr_Left,Hp_Shldr_Right,Hp_Median_Width,Base_Type_ID,Nbr_Of_Lane,Row_Width_Usual,Roadbed_Width,Surf_Width,Surf_Type_ID,Curb_Type_Left_ID,Curb_Type_Right_ID,Shldr_Type_Left_ID,Shldr_Width_Left,Shldr_Use_Left_ID,Shldr_Type_Right_ID,Shldr_Width_Right,Shldr_Use_Right_ID,Median_Type_ID,Median_Width,Rural_Urban_Type_ID,Func_Sys_ID,Adt_Curnt_Amt,Adt_Curnt_Year,Adt_Adj_Curnt_Amt,Pct_Single_Trk_Adt,Pct_Combo_Trk_Adt,Trk_Aadt_Pct,Curve_Type_ID,Curve_Lngth,Cd_Degr,Delta_Left_Right_ID,Dd_Degr,Feature_Crossed,Structure_Number,I_R_Min_Vert_Clear,Approach_Width,Bridge_Median_ID,Bridge_Loading_Type_ID,Bridge_Loading_In_1000_Lbs,Bridge_Srvc_Type_On_ID,Bridge_Srvc_Type_Under_ID,Culvert_Type_ID,Roadway_Width,Deck_Width,Bridge_Dir_Of_Traffic_ID,Bridge_Rte_Struct_Func_ID,Bridge_IR_Struct_Func_ID,CrossingNumber,RRCo,Poscrossing_ID,WDCode_ID,Standstop,Yield,Incap_Injry_Cnt,Nonincap_Injry_Cnt,Poss_Injry_Cnt,Non_Injry_Cnt,Unkn_Injry_Cnt,Tot_Injry_Cnt,Death_Cnt,MPO_ID,Investigat_Service_ID,Investigat_DA_ID,Investigator_Narrative
13232041,N,N,N,N,N,N,N,4/20/2013,2:40 AM,0048025513W,FSGI,101,208,N,Y,,,19,,,1,14500,,WESTHEIMER,RD,N,N,40,N,N,,N,3,6,,,2500,S,HWY 6,,,,,,,,11,4,0,2,1,1,5,2:57 AM,DISPATCHED,3:05 AM,4/20/2013,Y,TXHPD0000,2469,51,128,21,8,2,2,22,64,38,1,3,1,21,21,101,208,29.73559503,-95.64393583,FM,1093,,43.213,FM1093,14588,1258,4,3.073,672,-0.96,SH,6,,SH0006,,,,,Y,Y,N,3,9,Y,SAT,3,0,0,0,15,9,6,120,76,76,5,1,1,1,0,0,1,0,0,1,15,4,14,28827,2014,28827,11.5,33.5,44.9,,,,,,,,,,,,,,,,,,,,,,,,,,,0,0,1,5,0,1,0,15,,,
13232049,N,N,N,N,N,N,N,4/20/2013,8:14 PM,0048338413F,,101,208,N,Y,,,1,45,,1,7600,S,GULF,FWY,N,N,60,N,N,"STRAIGHT, LEVEL AND DRY",N,19,,,,8100,,PARK PLACE,ST,,,,,,,11,4,0,,1,1,1,8:33 PM,DISPATCHED,8:46 PM,4/20/2013,Y,TXHPD0000,2469,16,104,28,8,7,4,1,56,54,1,1,2,21,21,101,208,,,IH,45,,,IH0045,,,,,,,,,,,,,,,Y,Y,N,5,9,N,SAT,,,,,,,,,,,,,,,,,,,,,,,,,,,,,,,,,,,,,,,,,,,,,,,,,,,,,,,,0,0,0,1,0,0,0,,,,
13232625,N,N,N,N,N,N,N,4/14/2013,2:24 PM,2013A000934,29B,57,166,N,Y,32.85894,-96.64516,19,,,1,1000,W,CENTERVILLE,RD,N,N,40,N,N,,N,19,,,1,4900,,BROADMORE,DR,,,,,,,11,1,4,,1,1,1,2:24 PM,RADIO DISPATCH,2:32 PM,4/14/2013,N,TX0571100,1344,,,89,8,2,4,34,1,3,1,5,1,21,21,57,166,32.85888423,-96.64513261,,,,,W CENTERVILLE RD,1000,,,,,,,,,,,,,,Y,N,N,2,8,Y,SUN,,,,,,,,,,,,,,,,,,,,,,,,,,,,,,,,,,,,,,,,,,,,,,,,,,,,,,,,0,1,0,5,0,1,0,282,,,
13232638,N,N,N,N,N,N,N,4/11/2013,4:50 PM,130048140,0,101,1666,Y,Y,,,1,45,,1,21400,,NORTH,FWY,N,N,65,N,N,,N,19,,,,,,SPRING CYPRESS,RD,,,,,,,11,1,0,2,2,1,1,4:53 PM,DISPATCHED,4:53 PM,4/11/2013,Y,TX1010000,1419,74,4,5,8,2,4,22,64,42,1,1,1,21,21,101,1666,30.07462639,-95.43600355,IH,45,,70.294,IH0045,,110,5,46.322,70,0.333,,,,,,,,,Y,Y,Y,5,0,Y,THU,5,0,10,12,47,9,8,390,180,120,5,0,0,2,22,5,2,22,5,2,25,4,11,187346,2014,187346,5.5,4.6,10.1,,,,,,,,,,,,,,,,,,,,,,,,,,,0,0,0,2,0,0,0,15,,,
13232679,N,N,N,N,N,N,N,4/12/2013,8:14 AM,13-065796,,43,336,N,Y,,,19,,,1,1100,,JUPITER,RD,N,N,35,N,N,,N,19,,,,,,14TH,ST,,,,,,,11,1,0,,1,1,20,8:14 AM,RADIO DISPATCHED,8:25 AM,4/12/2013,Y,TX0430600,1938,,53,45,8,2,3,23,64,13,1,5,1,32,21,43,336,33.01080889,-96.68257676,,,,,JUPITER RD,,,,,,,,,,,,,,,Y,N,N,5,9,Y,FRI,,,,,,,,,,,,,,,,,,,,,,,,,,,,,,,,,,,,,,,,,,,,,,,,,,,,,,,,0,0,0,2,0,0,0,282,,,
13232694,N,N,N,N,N,N,N,4/5/2013,4:29 PM,13-04-00317,,220,1163,N,Y,,,19,,,1,1400,S,BOWEN,RD,N,N,35,N,N,,N,19,,,1,2400,W,PARK ROW,DR,,,,,,,11,1,0,,1,1,20,4:29 PM,RADIO,4:32 PM,4/5/2013,Y,TX2203100,1905,,,35,8,2,3,13,64,14,1,5,1,32,21,220,19,32.72242075,-97.14911323,,,,,S BOWEN RD,1286,,,,,,,,,,,,,,Y,N,N,3,9,Y,FRI,,,,,,,,,,,,,,,,,,,,,,,,,,,,,,,,,,,,,,,,,,,,,,,,,,,,,,,,0,0,2,0,0,2,0,282,,,
13232876,N,N,N,N,N,N,N,4/7/2013,8:45 AM,,,215,1780,Y,Y,32.77403,-98.87402,15,176,,1,,,NOT REPORTED,,N,N,60,N,N,,N,4,287,,,,,NOT REPORTED,,,,,,,,11,1,0,,4,10,1,8:59 AM,DISPATCHED,9:31 AM,4/7/2013,Y,,10000,22,1,1,8,2,3,34,64,13,1,4,1,32,21,215,1780,32.77404097,-98.87406024,,,,,COUNTY ROAD 176,1072,,,,,,,,,,,,,,Y,N,Y,5,0,Y,SUN,,,,,,,,,,,,,,,,,,,,,,,,,,,,,,,,,,,,,,,,,,,,,,,,,,,,,,,,0,0,0,2,0,0,0,,,,
13232923,N,N,N,N,N,N,N,4/16/2013,6:50 AM,,13-052234,57,107,N,Y,,,1,30,,1,800,,TOM LANDRY,HWY,N,N,60,N,N,WB,N,19,,,1,,,SYLVAN,AVE,,,,,,,12,1,0,,1,1,11,7:09 AM,RADIO DISPATCHED,7:17 AM,4/16/2013,Y,TX0570000,1169,,6,22,8,9,4,1,64,54,1,1,1,21,21,57,107,,,IH,30,,,IH0030,,,,,,,,,,,,,,,Y,Y,N,5,9,N,TUE,,,,,,,,,,,,,,,,,,,,,,,,,,,,,,,,,,,,,,,,,,,,,,,,,,,,,,,,0,0,0,1,0,0,0,,,,
13232958,N,N,N,N,N,N,N,3/31/2013,10:54 PM,A13-009987,,108,295,N,Y,,,4,494,,1,5200,S,SHARY,RD,N,N,50,N,N,,N,19,,,,900,E,OLD MILITARY,HWY,,,,,,,11,3,0,1,4,1,20,10:54 PM,RADIO,11:02 PM,3/31/2013,Y,TX1081000,1791,,,,8,9,4,1,4,54,1,3,2,21,21,108,283,26.15212419,-98.29580588,FM,494,,11.485,FM0494,,864,1,21.36,728,-0.561,,,,,,,,,Y,Y,N,1,8,Y,SUN,2,0,8,8,0,2,2,80,40,24,4,0,0,2,8,5,2,8,5,0,0,4,17,19573,2014,19573,2.4,2.9,5.3,,,,,,,,,,,,,,,,,,,,,,,,,,,1,0,0,0,0,1,0,230,,,
13232991,N,N,N,N,N,N,N,4/12/2013,6:53 PM,13-00157,,227,330,N,Y,,,19,,,1,1200,W,PFLUGERVILLE PKWY,,N,N,40,N,N,,N,19,,,,,,GRAND AVENUE PKWY,,,,,,,,11,1,98,,5,1,5,6:53 PM,PHONE,6:57 PM,4/12/2013,Y,TX2270900,1925,135,95,187,8,2,2,13,64,54,1,5,1,21,21,227,330,30.45725727,-97.65083409,,,,,W PFLUGERVILLE LOOP,1276,,,,,,,,,GRAND AVENUE PKWY,,,,,Y,N,N,5,7,Y,FRI,,,,,,,,,,,,,,,,,,,,,,,,,,,,,,,,,,,,,,,,,,,,,,,,,,,,,,,,0,0,0,3,0,0,0,90,,,
13233047,N,N,N,N,N,N,N,4/13/2013,3:42 PM,13-400132,,57,24,N,Y,,,19,,,1,13900,,LAKE JUNE,RD,N,N,35,N,N,,Y,19,,,1,2000,,BELTLINE,RD,,,,,,,11,1,5,,2,1,5,3:44 PM,POLICE DISPATCH,3:49 PM,4/13/2013,Y,TX0570200,79,1,232,29,8,2,1,34,64,54,1,5,1,21,21,57,24,32.74072425,-96.60299262,,,,,LAKE JUNE RD,,,,,,,,,,S BELT LINE RD,,,,,Y,N,N,5,5,Y,SAT,,,,,,,,,,,,,,,,,,,,,,,,,,,,,,,,,,,,,,,,,,,,,,,,,,,,,,,,0,0,0,3,0,0,0,282,,,
13233162,N,N,N,N,N,N,N,4/12/2013,2:02 PM,,,31,1596,Y,N,25.87312,-97.4379,4,1419,,1,,,NOT REPORTED,,N,N,40,N,N,,N,,,,,,,NOT REPORTED,,4,F,E,566,,,11,1,0,3,1,1,20,2:17 PM,WESLACO COMM,3:03 PM,4/14/2013,Y,TXDPS5800,10000,3,127,1,8,7,4,4,20,54,1,3,3,21,21,31,1596,25.87355104,-97.43780321,FM,1419,,3.979,FM1419,,1426,1,4.341,566,4,,,,NOT REPORTED,,,,,N,Y,Y,5,0,Y,FRI,2,0,1,1,0,2,4,80,66,60,4,2,2,2,1,5,2,1,5,0,0,4,16,3209,2014,3209,8.4,14.3,22.7,,,,,,,,,,,,,,,,,,,,,,,,,,,0,0,0,2,0,0,0,248,,,
13233671,N,N,N,N,N,N,N,4/17/2013,4:22 PM,2013-23797,,108,132,N,N,,,19,,,1,200,W,FREDDY GONZALEZ,DR,N,N,35,N,N,,N,19,,,,1600,S,CLOSNER,BLVD,,,,,,,11,1,4,,1,1,5,4:22 PM,OBSERVED,4:22 PM,4/18/2013,Y,TX1080400,1248,,,35,8,2,2,22,64,38,1,5,1,21,21,108,132,26.28698873,-98.16572816,,,,,W FREDDY GONZALEZ DR,166,,,,,,,,,S CLOSNER BLVD,,,,,N,N,N,5,7,Y,WED,,,,,,,,,,,,,,,,,,,,,,,,,,,,,,,,,,,,,,,,,,,,,,,,,,,,,,,,0,0,0,3,0,0,0,230,,,
13233834,N,N,N,N,N,N,N,4/10/2013,12:28 PM,1300025074,,220,179,N,Y,,,3,26,,1,3200,S,STATE HIGHWAY 26,,N,N,35,Y,Y,,Y,19,,,1,3200,,MUSTANG,DR,,,,,,,2,1,4,2,1,2,5,12:09 PM,DISPATCH,12:17 PM,4/10/2013,Y,TX2201300,1379,,,27,8,2,1,34,64,49,1,2,1,21,21,220,179,32.91911529,-97.11905489,SH,26,,10.973,SH0026,,363,1,13.42,570,0.878,,,,MUSTANG DR,,,,,Y,Y,N,3,6,Y,WED,3,0,0,0,16,2,6,150,72,72,5,1,1,1,0,0,1,0,0,1,16,4,14,30753,2014,30753,2.5,0.4,2.9,,,,,,,,,,,,,,,,,,,,,,,,,,,0,0,1,3,0,1,0,282,,,
13233944,N,N,N,N,N,N,N,4/15/2013,2:54 AM,2013-00043987,,31,189,N,Y,,,9,83,,1,2700,W,BUSINESS,HWY,N,N,15,N,N,2700 WEST BUSINESS 83,N,19,,,1,600,S,PALM COURT,DR,,,,,600 SOUTH PALM COURT DRIVE,,11,4,0,2,4,1,10,2:54 AM,POLICE RADIO,2:58 AM,4/15/2013,N,TX0310300,1417,,,164,8,7,4,1,56,54,1,2,2,21,21,31,189,26.18616006,-97.72982238,BU,83,S,45.107,BU0083S,2742,39,6,8.546,544,0.539,,,,,,,,,Y,Y,N,5,7,Y,MON,3,0,0,0,1,9,4,300,67,48,6,0,2,1,0,0,1,0,0,3,1,3,14,30547,2014,30547,3.4,2.4,5.9,,,,,,,,,,,,,,,,,,,,,,,,,,,0,0,0,1,0,0,0,201,,,
13233982,N,N,N,N,N,N,N,4/11/2013,7:00 AM,130047852,0,101,1666,Y,Y,,,4,2100,,1,14700,,NOT REPORTED,,N,N,35,N,N,,N,15,,,,,,KRENEK,,,,,,,,2,1,0,3,1,2,20,7:06 AM,DISPATCHED,7:20 AM,4/11/2013,Y,TX1010000,1419,205,33,5,8,2,4,21,64,9,1,3,1,21,21,101,1666,29.8992274,-95.06349884,FM,2100,,13.295,FM2100,14661,1062,4,8.799,458,-0.826,,,,,,,,,Y,Y,Y,5,0,Y,THU,2,0,8,8,0,9,4,100,60,44,6,0,0,2,8,5,2,8,5,0,0,4,14,21499,2014,21499,2.8,1.4,4.2,,,,,,,,,,,,,,,,,,,,,,,,,,,0,0,0,5,0,0,0,15,,,
13233983,N,N,N,N,N,N,N,4/12/2013,8:50 AM,130048427,0,101,1666,Y,N,,,19,,,1,5800,,BERMUDA DUNES,DR,N,N,30,N,N,,N,19,,,,,,PARADISE VALLEY,DR,,,,,,,11,1,0,,1,1,11,9:25 AM,DISPATCHED,9:30 AM,4/12/2013,Y,TX1010000,1419,205,33,5,8,4,4,1,64,54,1,5,1,21,21,101,1666,29.98512282,-95.52309188,,,,,BERMUDA DUNES DR,5880,,,,,,,,,,,,,,N,N,Y,5,0,Y,FRI,,,,,,,,,,,,,,,,,,,,,,,,,,,,,,,,,,,,,,,,,,,,,,,,,,,,,,,,0,0,0,1,0,0,0,15,,,
13234102,N,N,N,N,N,N,N,4/23/2013,7:30 AM,SAPD13085549,3330,15,379,N,Y,,,19,,,1,700,N,CORINNE,ST,N,N,35,N,N,,N,19,,,,3600,N,EISENHAUER,RD,,,,,,,11,1,0,,1,1,1,7:45 AM,DISPATCHER,7:52 AM,4/23/2013,Y,TXSPD0000,2473,,29,131,8,2,3,10,64,14,1,5,1,32,21,15,379,29.49568021,-98.42438758,,,,,CORINNE DR,793,,,,,,,,,,,,,,Y,N,N,5,9,Y,TUE,,,,,,,,,,,,,,,,,,,,,,,,,,,,,,,,,,,,,,,,,,,,,,,,,,,,,,,,0,0,0,1,1,0,0,28,,,
13234288,N,N,N,N,N,N,N,4/17/2013,11:21 AM,,,170,1735,Y,Y,30.48072,-95.49515,1,45,,1,,,NOT REPORTED,,N,N,65,Y,Y,,N,19,,,,,,SHEPPARD HILL,RD,,,,,,,12,1,0,2,1,1,20,11:25 AM,DPS COMMUNICATIONS,11:41 AM,4/17/2013,Y,,10000,17,52,1,8,2,4,22,64,49,1,1,1,20,21,170,1735,30.48077312,-95.49505348,IH,45,,98.783,IH0045,,675,8,26.005,99,-0.463,,,,,,,,,Y,Y,Y,5,0,Y,WED,5,0,6,10,52,2,4,320,80,48,6,0,0,2,12,5,2,20,5,3,40,1,1,41041,2014,41041,2.8,19.2,22,,,,,,,,,,,,,,,,,,,,,,,,,,,0,0,0,3,0,0,0,15,,,
13234491,N,N,N,N,N,N,N,4/19/2013,5:51 PM,0047807913E,,101,208,N,Y,,,19,,,1,2000,,CULLEN,BLVD,N,N,35,N,N,CITY STREET,Y,19,,,2,4100,,GULF,FWY,,,,,,,11,1,0,,1,1,5,5:51 PM,DISPATCHED,7:00 PM,4/19/2013,Y,TXHPD0000,2469,24,113,29,8,2,2,20,64,54,1,1,1,21,21,101,208,29.73104481,-95.3423731,,,,,CULLEN BLVD,2101,,,,,,,,,GULF FWY,,,,,Y,N,N,5,9,Y,FRI,,,,,,,,,,,,,,,,,,,,,,,,,,,,,,,,,,,,,,,,,,,,,,,,,,,,,,,,0,0,0,2,0,0,0,15,,,
13234535,N,Y,N,N,N,N,N,4/20/2013,1:06 PM,13-18505,,108,331,N,Y,,,2,281,,1,1400,S,CAGE,BLVD,N,N,30,N,N,,N,19,,,,100,E,RIDGE,RD,,,,,,,11,1,0,1,1,1,5,1:06 PM,ON VIEW,1:06 PM,4/20/2013,Y,TX1081100,1926,,,35,8,2,2,35,64,38,1,2,1,21,21,108,331,26.18056244,-98.18637492,US,281,,572.564,US0281,1301,255,9,42.385,784,0.194,,,,W RIDGE RD,,,,,Y,Y,N,3,7,Y,SAT,2,0,0,0,0,9,2,100,44,28,6,2,2,1,0,0,1,0,0,0,0,4,14,21715,2014,21715,9.5,6.5,16,,,,,,,,,,,,,,,,,,,,,,,,,,,0,0,8,2,0,8,0,230,,,
13234598,N,N,N,N,N,N,N,4/9/2013,6:01 AM,,,70,1636,Y,Y,32.50227,-96.66319,1,45,,2,,,NOT REPORTED,,N,N,45,N,N,,N,15,,,,,,WESTER,RD,,,,,,,11,4,0,2,1,1,11,6:05 AM,ELLIS CO COMM,6:49 AM,4/9/2013,Y,TXDPS6408,10000,1,107,1,8,9,4,1,64,54,2,1,1,21,21,70,1636,32.50238105,-96.6637151,IH,45,,263.986,IH0045,,92,3,20.235,264,-0.02,,,,,,,,,Y,Y,Y,5,0,Y,TUE,5,0,6,12,42,3,6,300,108,72,5,0,0,4,12,5,4,24,5,3,30,4,11,43456,2014,43456,4.4,23.9,28.3,,,,,,,,,,,,,,,,,,,,,,,,,,,0,0,0,1,0,0,0,282,,,
13234609,N,N,N,N,N,N,N,3/30/2013,12:24 AM,0038569213V,,101,208,N,Y,,,1,45,,2,5200,N,NORTH SER E,FWY,N,N,50,N,N,,N,19,,,,,E,CROSSTIMBERS,,,,,,,,11,4,0,,1,1,20,12:30 AM,DISPATCH,12:33 AM,4/23/2013,Y,TXHPD0000,2469,14,152,27,8,4,4,1,64,54,2,1,1,21,21,101,208,,,IH,45,,,IH0045,,,,,,,,,,,,,,,Y,Y,N,5,9,N,SAT,,,,,,,,,,,,,,,,,,,,,,,,,,,,,,,,,,,,,,,,,,,,,,,,,,,,,,,,0,0,0,1,0,0,0,,,,
13234686,N,N,N,N,N,N,N,4/22/2013,7:01 PM,2013-37890,,108,283,N,Y,,,19,,,1,2000,W,TRENTON,AVE,N,N,45,N,N,,N,19,,,,72100,N,21ST,ST,,,,,,,11,1,0,,1,1,20,7:03 PM,DISPATCHED,7:06 PM,4/22/2013,Y,Tx1080800,1753,,,35,8,2,3,20,64,46,1,5,1,32,21,108,283,26.26974471,-98.23088021,,,,,W TRENTON RD,2168,,,,,,,,,,,,,,Y,N,N,3,8,Y,MON,,,,,,,,,,,,,,,,,,,,,,,,,,,,,,,,,,,,,,,,,,,,,,,,,,,,,,,,0,0,1,2,0,1,0,230,,,
13234802,N,N,N,N,N,N,N,4/11/2013,6:12 AM,13-002299,,101,211,N,Y,,,4,1960,,1,10000,W,NOT REPORTED,,N,N,35,N,N,,N,2,59,,2,19700,N,NOT REPORTED,,,,,,,,2,3,0,3,3,2,20,6:12 AM,DISPATCHED,6:15 AM,4/11/2013,Y,TX1010900,1496,,,,8,2,4,20,64,9,1,3,1,21,21,101,211,30.00495273,-95.26883958,FM,1960,,23.301,FM1960,,1685,3,24.614,690,-0.602,,,,,,,,,Y,Y,N,5,5,Y,THU,2,0,10,10,0,8,6,180,92,72,4,0,0,2,10,5,2,10,5,0,0,4,14,41783,2014,41783,3.5,1,4.6,,,,,,,,,,,,,,,,,,,,,,,,,,,0,0,0,2,0,0,0,15,,,
13235080,N,N,N,N,N,N,N,4/11/2013,6:15 AM,13-6686,,221,2,N,Y,,,19,,,1,7200,,MILITARY,DR,N,N,45,N,N,PUBLIC STREET,N,19,,,1,700,,ARNOLD,BLVD,,,,,PUBLIC STREET,,11,3,0,,4,1,1,6:27 AM,DISPATCH,6:33 AM,4/11/2013,Y,2210100,10,,,,8,7,4,1,20,54,1,5,2,21,21,221,2,32.44358322,-99.82598931,,,,,MILITARY DR,7214,,,,,,,,,,,,,,Y,N,N,5,8,Y,THU,,,,,,,,,,,,,,,,,,,,,,,,,,,,,,,,,,,,,,,,,,,,,,,,,,,,,,,,0,0,0,1,0,0,0,166,,,
13235097,N,N,N,N,N,N,N,4/13/2013,10:21 PM,13-6897,,221,2,N,Y,,,3,80,,1,6800,,NOT REPORTED,,N,N,70,N,N,HIGHWAY,N,19,,,1,100,,FULWILER,RD,,,,,LOCAL ROAD,,11,3,0,2,2,1,1,10:28 PM,DISPATCH,10:40 PM,4/13/2013,Y,2210100,10,,,113,8,7,4,1,23,54,1,2,2,21,21,221,2,32.45473122,-99.81945848,US,84,,226.799,US0084,7707,6,18,1.741,482,-0.127,,,,,,,,,Y,Y,N,5,8,Y,SAT,4,0,3,9,40,2,4,195,72,48,4,0,0,2,6,5,2,18,5,3,34,3,14,10187,2014,10187,10.6,3.6,14.2,,,,,,,,,,,,,,,,,,,,,,,,,,,0,0,0,2,0,0,0,166,,,
13235104,N,N,N,N,N,N,N,4/15/2013,4:53 PM,13-7033,,127,2,N,Y,,,19,,,1,6700,,WEST LAKE,RD,N,N,70,N,N,PUBLIC STREET,N,19,,,1,400,,BELTWAY NORTH,RD,,,,,PUBLIC STREET,,11,1,0,1,1,1,20,5:36 PM,DISPATCH,5:45 PM,4/15/2013,Y,2210100,10,,,,8,2,4,23,64,54,1,3,1,21,21,127,2,32.54057779,-99.71897157,FM,600,,53.717,FM0600,6700,2032,3,4.976,298,-0.676,,,,,,,,,Y,Y,N,5,8,Y,MON,2,0,0,8,0,2,2,100,42,26,4,0,0,1,0,0,2,8,5,0,0,1,6,1846,2014,1846,2.4,4,6.3,,,,,,,,,,,,,,,,,,,,,,,,,,,0,0,0,4,0,0,0,166,,,
13235540,N,N,N,N,N,Y,N,4/18/2013,4:12 AM,,,250,1815,Y,Y,32.86512,-95.15275,4,2088,,1,,,NOT REPORTED,,N,N,55,N,N,,N,15,4497,,,,,NOT REPORTED,,,,,,,,11,3,0,1,1,1,12,4:12 AM,WOOD COUNTY SO,4:50 AM,4/6/2014,Y,,10000,91,28,1,8,10,4,1,1,54,1,3,2,21,21,250,1815,32.86518482,-95.15243214,FM,2088,,17.747,FM2088,8765,964,2,0.007,684,0.007,,,,,,,,,Y,Y,Y,5,0,Y,THU,2,0,2,2,0,2,2,80,24,20,2,0,0,5,2,5,5,2,5,0,0,1,7,520,2014,520,3.3,10.2,13.5,1,93,5,,0,,,,,,,,,,,,,,,,,,,,,,0,0,0,1,0,0,0,,,,
13235567,N,N,N,N,N,N,N,4/3/2013,9:03 PM,,,101,208,N,Y,29.96878,-95.53307,4,1960,,1,6978,,NOT REPORTED,,N,N,40,N,N,,N,19,,,,,,CUTTEN,RD,,,,,,,11,4,0,2,1,1,5,9:05 AM,ROUTINE PATROL,9:05 AM,4/3/2013,Y,,10000,17,35,1,8,2,2,21,64,9,1,3,1,21,21,101,1666,29.96846763,-95.53358746,FM,1960,,6.109,FM1960,,1685,1,7.356,672,0.422,,,,CUTTEN RD,,,,,Y,Y,Y,5,0,Y,WED,3,0,0,0,14,9,9,200,115,101,5,1,1,1,0,0,1,0,0,1,14,4,14,31062,2014,31062,3.5,1,4.6,,,,,,,,,,,,,,,,,,,,,,,,,,,0,0,0,2,0,0,0,15,,,
13235719,N,Y,N,N,N,N,N,4/24/2013,5:50 AM,,,123,1688,Y,Y,29.95048,-94.2454,1,10,,1,,,NOT REPORTED,,N,N,75,N,N,,N,,,,,,,NOT REPORTED,,0.1,M,W,841,,,12,3,0,2,1,2,20,5:05 AM,LUFKIN COM,6:17 AM,4/24/2013,Y,,10000,17,58,1,8,2,4,20,64,42,1,1,1,21,21,123,1688,29.95287814,-94.24321219,IH,10,,839.697,IH0010,,739,2,9.791,841,-0.1,,,,NOT REPORTED,,,,,Y,Y,Y,5,0,Y,WED,5,0,6,10,47,9,4,300,80,48,6,0,0,2,12,5,2,20,5,,35,1,1,40908,2014,40908,7.1,27.6,34.6,,,,,,,,,,,,,,,,,,,,,,,,,,,0,0,0,3,0,0,0,135,,,
13235896,N,N,N,N,N,N,N,4/15/2013,5:30 PM,,,43,162,N,Y,33.16365,-96.83985,12,,,1,,,DALLAS NORTH TOLLWAY,,N,Y,70,N,N,,N,,,,,,,NOT REPORTED,,100,F,S,1410,,,11,1,0,,1,1,11,5:32 PM,DISPATCHED,6:10 PM,4/15/2013,Y,,10000,46,107,1,8,2,4,21,64,42,1,6,1,21,21,43,162,33.1636492,-96.83983122,,,,,DALLAS NORTH TLWY,,,,,,,,,,NOT REPORTED,,,,,Y,N,N,5,8,Y,MON,,,,,,,,,,,,,,,,,,,,,,,,,,,,,,,,,,,,,,,,,,,,,,,,,,,,,,,,0,0,0,2,0,0,0,282,,,
13236617,N,N,N,N,N,N,N,4/20/2013,12:39 AM,2013-0001013,,226,378,N,Y,,,11,306,,1,3400,E,W HOUSTON HARTE EXPY EB,EXPY,N,N,65,N,N,,N,19,,,1,700,,GLENNA,DR,,,,,,,11,4,0,,4,1,1,12:39 AM,DISPATCHED,12:46 AM,4/20/2013,Y,TX2260100,2067,,,,8,7,4,1,39,30,1,2,4,21,21,226,378,,,SL,306,,,SL0306,,,,,,,,,,,,,,,Y,Y,N,5,7,N,SAT,,,,,,,,,,,,,,,,,,,,,,,,,,,,,,,,,,,,,,,,,,,,,,,,,,,,,,,,0,0,0,2,0,0,0,,,,