Crash_ID,Crash_Fatal_Fl,Cmv_Involv_Fl,Schl_Bus_Fl,Rr_Relat_Fl,Medical_Advisory_Fl,Amend_Supp_Fl,Active_School_Zone_Fl,Crash_Date,Crash_Time,Case_ID,Local_Use,Rpt_CRIS_Cnty_ID,Rpt_City_ID,Rpt_Outside_City_Limit_Fl,Thousand_Damage_Fl,Rpt_Latitude,Rpt_Longitude,Rpt_Rdwy_Sys_ID,Rpt_Hwy_Num,Rpt_Hwy_Sfx,Rpt_Road_Part_ID,Rpt_Block_Num,Rpt_Street_Pfx,Rpt_Street_Name,Rpt_Street_Sfx,Private_Dr_Fl,Toll_Road_Fl,Crash_Speed_Limit,Road_Constr_Zone_Fl,Road_Constr_Zone_Wrkr_Fl,Rpt_Street_Desc,At_Intrsct_Fl,Rpt_Sec_Rdwy_Sys_ID,Rpt_Sec_Hwy_Num,Rpt_Sec_Hwy_Sfx,Rpt_Sec_Road_Part_ID,Rpt_Sec_Block_Num,Rpt_Sec_Street_Pfx,Rpt_Sec_Street_Name,Rpt_Sec_Street_Sfx,Rpt_Ref_Mark_Offset_Amt,Rpt_Ref_Mark_Dist_Uom,Rpt_Ref_Mark_Dir,Rpt_Ref_Mark_Nbr,Rpt_Sec_Street_Desc,Rpt_CrossingNumber,Wthr_Cond_ID,Light_Cond_ID,Entr_Road_ID,Road_Type_ID,Road_Algn_ID,Surf_Cond_ID,Traffic_Cntl_ID,Investigat_Notify_Time,Investigat_Notify_Meth,Investigat_Arrv_Time,Report_Date,Investigat_Comp_Fl,ORI_Number,Investigat_Agency_ID,Investigat_Area_ID,Investigat_District_ID,Investigat_Region_ID,Bridge_Detail_ID,Harm_Evnt_ID,Intrsct_Relat_ID,FHE_Collsn_ID,Obj_Struck_ID,Othr_Factr_ID,Road_Part_Adj_ID,Road_Cls_ID,Road_Relat_ID,Phys_Featr_1_ID,Phys_Featr_2_ID,Cnty_ID,City_ID,Latitude,Longitude,Hwy_Sys,Hwy_Nbr,Hwy_Sfx,Dfo,Street_Name,Street_Nbr,Control,Section,Milepoint,Ref_Mark_Nbr,Ref_Mark_Displ,Hwy_Sys_2,Hwy_Nbr_2,Hwy_Sfx_2,Street_Name_2,Street_Nbr_2,Control_2,Section_2,Milepoint_2,Txdot_Rptable_Fl,Onsys_Fl,Rural_Fl,Crash_Sev_ID,Pop_Group_ID,Located_Fl,Day_of_Week,Hwy_Dsgn_Lane_ID,Hwy_Dsgn_Hrt_ID,Hp_Shldr_Left,Hp_Shldr_Right,Hp_Median_Width,Base_Type_ID,Nbr_Of_Lane,Row_Width_Usual,Roadbed_Width,Surf_Width,Surf_Type_ID,Curb_Type_Left_ID,Curb_Type_Right_ID,Shldr_Type_Left_ID,Shldr_Width_Left,Shldr_Use_Left_ID,Shldr_Type_Right_ID,Shldr_Width_Right,Shldr_Use_Right_ID,Median_Type_ID,Median_Width,Rural_Urban_Type_ID,Func_Sys_ID,Adt_Curnt_Amt,Adt_Curnt_Year,Adt_Adj_Curnt_Amt,Pct_Single_Trk_Adt,Pct_Combo_Trk_Adt,Trk_Aadt_Pct,Curve_Type_ID,Curve_Lngth,Cd_Degr,Delta_Left_Right_ID,Dd_Degr,Feature_Crossed,Structure_Number,I_R_Min_Vert_Clear,Approach_Width,Bridge_Median_ID,Bridge_Loading_Type_ID,Bridge_Loading_In_1000_Lbs,Bridge_Srvc_Type_On_ID,Bridge_Srvc_Type_Under_ID,Culvert_Type_ID,Roadway_Width,Deck_Width,Bridge_Dir_Of_Traffic_ID,Bridge_Rte_Struct_Func_ID,Bridge_IR_Struct_Func_ID,CrossingNumber,RRCo,Poscrossing_ID,WDCode_ID,Standstop,Yield,Incap_Injry_Cnt,Nonincap_Injry_Cnt,Poss_Injry_Cnt,Non_Injry_Cnt,Unkn_Injry_Cnt,Tot_Injry_Cnt,Death_Cnt,MPO_ID,Investigat_Service_ID,Investigat_DA_ID,Investigator_Narrative
13240411,N,N,N,N,N,N,N,4/29/2013,12:15 AM,104696A,,57,107,N,N,,,19,,,1,600,N,AKARD,ST,N,N,30,N,N,,Y,19,,,1,1600,,ROSS,AVE,,,,,,,11,4,4,,5,1,5,12:20 AM,DISPATCHED,12:25 AM,4/29/2013,Y,TX0000006,2471,,,35,8,2,1,21,64,54,1,5,1,21,21,57,107,32.78550425,-96.80093257,,,,,N AKARD ST,1700,,,,,,,,,ROSS AVE,,,,,N,N,N,5,9,Y,MON,,,,,,,,,,,,,,,,,,,,,,,,,,,,,,,,,,,,,,,,,,,,,,,,,,,,,,,,0,0,0,3,0,0,0,282,,,
13240722,N,N,N,N,N,N,N,4/7/2013,9:35 PM,13-02918,,84,165,N,Y,,,19,,,1,1600,,AVE L,,N,N,30,N,N,2 LANE UNDIVIDED,N,19,,,,,,16TH,ST,,,,,16TH STREET,,11,4,0,,1,1,1,10:09 PM,DISPATCHED,10:27 PM,4/7/2013,Y,TX0840400,1341,,,,8,4,4,1,64,54,1,5,1,12,21,84,165,29.30032701,-94.78334337,,,,,AVENUE L,1604,,,,,,,,,,,,,,Y,N,N,0,6,Y,SUN,,,,,,,,,,,,,,,,,,,,,,,,,,,,,,,,,,,,,,,,,,,,,,,,,,,,,,,,0,0,0,0,1,0,0,15,,,
13241372,N,N,N,N,N,N,N,4/17/2013,8:28 PM,130051220,0,101,1666,Y,Y,,,19,,,1,9100,,TAUB,RD,N,N,35,N,N,,N,15,,,,,,WINDFERN,RD,,,,,,,2,3,0,,1,2,1,8:37 PM,DISPATCHED,8:37 PM,4/17/2013,Y,TX1010000,1419,110,4,5,8,2,3,20,64,46,1,4,1,32,21,101,1666,29.91275362,-95.53700179,,,,,TAUB RD,9198,,,,,,,,,,,,,,Y,N,Y,2,0,Y,WED,,,,,,,,,,,,,,,,,,,,,,,,,,,,,,,,,,,,,,,,,,,,,,,,,,,,,,,,0,1,0,1,0,1,0,15,,,
13241485,N,N,N,N,N,Y,N,4/25/2013,5:40 PM,2013051505,,57,67,N,Y,,,19,,,1,2200,E,BELT TLINE,RD,N,N,40,N,N,,Y,19,,,1,1000,,NIX,RD,,,,,,,11,1,4,,1,1,5,5:40 PM,DISPATCHED,5:50 PM,4/25/2013,Y,TX0570400,214,,,170,8,2,1,13,64,3,1,5,1,21,21,57,67,,,,,,,E BELT TLINE RD,,,,,,,,,,NIX RD,,,,,Y,N,N,5,8,N,THU,,,,,,,,,,,,,,,,,,,,,,,,,,,,,,,,,,,,,,,,,,,,,,,,,,,,,,,,0,0,0,2,0,0,0,,,,
13241584,N,N,N,N,N,Y,N,4/20/2013,6:10 PM,,,21,1586,Y,Y,30.68498,-96.27875,19,,,1,,,STEEPHOLLOW,RD,N,N,40,N,N,,N,4,1179,,,,,NOT REPORTED,,,,,,,,11,1,0,,4,1,1,6:43 PM,BRYAN DPS RADIO,7:04 PM,6/29/2013,Y,,10000,17,15,1,8,7,4,1,33,54,1,4,2,21,21,21,1586,30.68498552,-96.27873455,,,,,STEEP HOLLOW RD,8339,,,,,,,,,,,,,,Y,N,Y,3,0,Y,SAT,,,,,,,,,,,,,,,,,,,,,,,,,,,,,,,,,,,,,,,,,,,,,,,,,,,,,,,,0,0,1,0,0,1,0,249,,,
13241756,N,N,N,N,N,N,N,4/28/2013,11:40 PM,13-41288,,220,156,N,Y,32.73861,-97.22557,19,,,1,2800,,CRAVENS,RD,N,N,30,N,N,PUBLIC STREET,Y,19,,,1,6050,,CRAIG,ST,,,,,PUBLIC STREET,,12,4,4,2,1,1,8,12:03 AM,POLICE DISPATCHER,12:08 AM,4/29/2013,N,TX2201200,1318,885,9,120,8,2,1,10,20,54,1,1,1,21,21,220,156,32.73773707,-97.22509923,IH,820,,30.068,IH0820,6103,8,13,31.09,30,-0.479,SH,180,,SH0180,,,,,Y,Y,N,5,9,Y,SUN,5,0,6,10,62,3,4,350,80,48,6,0,0,2,16,5,2,16,5,2,46,4,11,101544,2014,101544,3.6,5,8.5,1,369,0,1,0,,,,,,,,,,,,,,,,,,,,,,0,0,0,2,1,0,0,282,,,
13241845,N,N,N,N,N,N,N,3/24/2013,6:56 PM,13-28363,,220,156,N,Y,32.68802,-97.33174,19,,,1,4100,,HEMPHILL,ST,N,N,40,N,N,,N,19,,,,600,W,BOLT,ST,,,,,,,11,1,0,,1,1,1,6:56 PM,DISPATCH,6:56 PM,3/24/2013,N,TX2201200,1318,885,11,120,8,2,3,34,64,13,1,5,1,32,21,220,156,32.68859134,-97.33170985,,,,,HEMPHILL ST,,,,,,,,,,,,,,,Y,N,N,5,9,Y,SUN,,,,,,,,,,,,,,,,,,,,,,,,,,,,,,,,,,,,,,,,,,,,,,,,,,,,,,,,0,0,0,2,1,0,0,282,,,
13241982,N,Y,N,N,N,N,N,4/27/2013,1:30 PM,0051391913Q,,101,208,N,Y,,,19,,,1,6400,,FAIRBANKS N HOUSTON,RD,N,N,40,N,N,WET CONCRETE,N,2,290,,,14000,,NORTHWEST,FWY,,,,,,,12,1,0,,1,2,5,2:19 PM,DISPATCH,2:27 PM,4/27/2013,Y,TXHPD0000,2469,18,106,87,8,7,2,3,21,54,2,2,2,21,21,101,208,29.85990479,-95.52424304,,,,,FAIRBANKS N HOUSTON RD,6400,,,,,,,,,UNKNOWN,,,,,Y,N,N,5,9,Y,SAT,,,,,,,,,,,,,,,,,,,,,,,,,,,,,,,,,,,,,,,,,,,,,,,,,,,,,,,,0,0,0,1,0,0,0,15,,,
13242033,N,N,N,N,N,N,N,4/28/2013,12:23 AM,13-40963,,220,156,N,N,32.78017,-97.30861,19,,,1,1200,N,SYLVANIA,AVE,N,N,35,N,N,INTERSECTION,Y,19,,,1,2500,,YUCCA,AVE,,,,,,,11,4,4,,1,1,5,12:23 AM,DISPATCHED,12:23 AM,4/28/2013,Y,TX2201200,1318,885,3,120,8,2,1,34,64,54,1,5,1,21,21,220,156,32.78088428,-97.30857244,,,,,N SYLVANIA AVE,1298,,,,,,,,,YUCCA AVE,,,,,Y,N,N,3,9,Y,SUN,,,,,,,,,,,,,,,,,,,,,,,,,,,,,,,,,,,,,,,,,,,,,,,,,,,,,,,,0,0,1,3,0,1,0,282,,,
13242219,N,N,N,N,N,N,N,4/28/2013,7:25 AM,13-9652,2 Unit HR Minor,57,218,N,Y,,,14,482,,1,3001,,STOREY,LN,N,N,60,N,N,N/B 482 STOREY LANE,N,3,183,,,2700,E,AIRPORT,FWY,,,,,SH 183,,11,1,0,2,4,1,20,7:29 AM,DISPATCH,7:34 AM,4/28/2013,N,TX0571500,1518,,,35,8,2,4,20,64,54,1,2,1,21,21,57,218,32.83800336,-96.90643559,SS,482,,0.123,SS0482,,94,3,8.372,580,0.123,,,,,,,,,Y,Y,N,5,8,Y,SUN,5,0,9,11,22,3,4,300,88,48,6,0,0,2,18,5,2,22,5,2,4,4,12,30293,2014,30293,3.2,3.5,6.7,1,244,4,1,51,,,,,,,,,,,,,,,,,,,,,,0,0,0,1,1,0,0,282,,,
13242269,N,N,N,N,N,Y,N,4/26/2013,9:10 PM,,,96,1661,Y,Y,34.47222,-100.79012,3,86,,1,,,NOT REPORTED,,N,N,75,N,N,,N,15,15,,,,,NOT REPORTED,,,,,,,,11,3,0,1,2,1,11,9:13 PM,DISPATCHED,9:32 PM,6/11/2013,Y,,10000,19,130,1,8,6,4,1,64,54,1,2,1,21,21,96,1661,34.47235204,-100.7896788,SH,86,,128.475,SH0086,12836,105,2,27.467,366,-0.37,,,,,,,,,Y,Y,Y,5,0,Y,FRI,2,0,6,6,0,2,2,100,36,24,2,0,0,2,6,5,2,6,5,0,0,1,7,405,2014,405,5.6,12.1,17.7,,,,,,,,,,,,,,,,,,,,,,,,,,,0,0,0,1,0,0,0,,,,
13242311,N,Y,N,N,N,N,N,4/22/2013,3:18 AM,,,107,1672,Y,Y,32.35117,-95.99657,4,316,,1,,,NOT REPORTED,,N,N,55,N,N,,N,15,2938,,,,,NOT REPORTED,,,,,,,,11,3,0,1,4,1,10,3:26 AM,DISPATCHED,4:10 AM,4/22/2013,Y,,10000,15,28,1,8,10,4,1,20,54,1,3,2,21,21,107,1672,32.35068784,-95.99656512,FM,316,,6.399,FM0316,14122,646,7,1.454,296,-0.553,,,,,,,,,Y,Y,Y,2,0,Y,MON,2,0,0,0,0,2,2,80,24,24,2,0,0,1,0,0,1,0,0,0,0,1,7,1377,2014,1377,7.9,0.9,8.8,,,,,,,,,,,,,,,,,,,,,,,,,,,0,1,0,0,0,1,0,,,,
13242353,N,Y,N,N,N,N,N,4/19/2013,6:30 PM,96282A,,57,107,N,Y,,,2,75,,2,3100,N,CENTRAL,EXPY,N,N,45,N,N,,N,19,,,,2800,,HASKELL,AVE,,,,,,,11,1,0,2,1,1,20,6:21 PM,DISPATCHED,6:25 PM,4/29/2013,Y,TX0000006,2471,,,35,8,2,4,21,64,9,2,2,1,20,21,57,107,32.8045148,-96.79327622,US,75,,74.633,US0075,,47,7,13.85,270,0.239,,,,,,,,,Y,Y,N,5,9,Y,FRI,5,0,10,10,24,3,8,300,136,96,5,0,0,2,20,5,2,20,5,2,4,4,12,229641,2014,229641,2.8,5.4,8.3,,,,,,,,,,,,,,,,,,,,,,,,,,,0,0,0,2,0,0,0,282,,,
13242569,N,N,N,N,N,N,N,4/19/2013,8:31 AM,13041252,,246,256,N,Y,,,17,,,1,3300,S,BAGDAD,RD,Y,N,0,N,N,PRIVATE DRIVE WITHIN A PARKING LOT,N,19,,,1,900,,KETTERING,DR,,,,,,,11,1,0,,1,1,8,8:32 AM,ARRIVED JUST AFTER C,8:32 AM,4/22/2013,Y,TX2461700,1649,,,,8,2,4,14,64,3,7,9,5,33,21,246,256,,,,,,,S BAGDAD RD,,,,,,,,,,,,,,,N,N,N,5,6,N,FRI,,,,,,,,,,,,,,,,,,,,,,,,,,,,,,,,,,,,,,,,,,,,,,,,,,,,,,,,0,0,0,3,0,0,0,,,,
13242574,N,N,N,N,N,N,N,4/7/2013,1:28 PM,13028627,,43,162,N,Y,,,19,,,1,4202,,WHITEFISH LAKE,DR,N,N,30,N,N,,N,19,,,,,,TAPPAITO SPRINGS,LN,,,,,,,11,1,0,,1,1,1,1:29 PM,DISPATCHED,1:38 PM,4/7/2013,Y,TX0430400,1331,,,,8,4,4,1,64,3,1,5,1,12,21,43,162,33.11241328,-96.78048256,,,,,WHITEFISH LAKE DR,4129,,,,,,,,,,,,,,Y,N,N,5,8,Y,SUN,,,,,,,,,,,,,,,,,,,,,,,,,,,,,,,,,,,,,,,,,,,,,,,,,,,,,,,,0,0,0,2,0,0,0,282,,,
13242734,N,N,N,N,N,N,N,4/29/2013,10:00 AM,0052281313S,,101,208,N,Y,,,1,45,,1,10700,S,GULF,FWY,N,N,60,N,N,DRY CONCRETE,N,19,,,,,,ALMEDA GENOA,RD,,,,,,,11,1,0,,1,1,20,10:15 AM,DISPATCH,10:20 AM,4/29/2013,Y,TXHPD0000,2469,16,104,17,8,2,4,20,64,54,1,1,1,21,21,101,208,,,IH,45,,,IH0045,,,,,,,,,,,,,,,Y,Y,N,5,9,N,MON,,,,,,,,,,,,,,,,,,,,,,,,,,,,,,,,,,,,,,,,,,,,,,,,,,,,,,,,0,0,0,3,0,0,0,,,,
13242793,N,N,N,N,N,N,N,4/11/2013,4:52 PM,13-101238,,71,136,N,N,,,19,,,1,12200,,WINDERMERE,AVE,N,N,35,N,N,,N,19,,,1,,,JOE BATTLE,BLVD,,,,,,,11,1,98,,1,1,11,6:01 PM,DISPATCHED,6:15 PM,4/11/2013,Y,TX0710200,1259,,,213,8,2,2,22,64,38,1,5,1,21,21,71,136,31.75491484,-106.2673604,,,,,WINDERMERE DR,12200,,,,,,,,,UNKNOWN,,,,,N,N,N,5,9,Y,THU,,,,,,,,,,,,,,,,,,,,,,,,,,,,,,,,,,,,,,,,,,,,,,,,,,,,,,,,0,0,0,2,0,0,0,66,,,
13243103,N,N,N,N,N,N,N,4/15/2013,11:30 PM,130020971,,220,19,N,Y,,,1,20,,1,2500,W,NOT REPORTED,,N,N,60,Y,Y,EB,N,19,,,,4500,S,BOWAN,RD,,,,,,,11,4,0,,1,1,11,11:29 PM,ON VIEW (NOT WITNESS,11:29 PM,4/15/2013,N,TX2200100,59,,8,75,8,2,4,20,64,49,1,1,1,21,21,220,19,,,IH,20,,,IH0020,,,,,,,,,,,,,,,Y,Y,N,3,9,N,MON,,,,,,,,,,,,,,,,,,,,,,,,,,,,,,,,,,,,,,,,,,,,,,,,,,,,,,,,0,0,1,1,0,1,0,,,,
13243163,N,N,N,N,N,N,N,4/24/2013,12:16 PM,13042404,,220,277,N,Y,,,19,,,1,900,,TURNER WARNELL,RD,N,N,30,N,N,,Y,19,,,1,3300,,HUNTER OAKS,DR,,,,,,,11,1,4,,1,1,8,12:16 PM,DISPATCHED,12:24 PM,4/24/2013,Y,TX2202000,1726,,,,8,2,1,10,64,54,1,5,1,21,21,220,277,32.6130243,-97.14949249,,,,,TURNER WARNELL RD,,,,,,,,,,HUNTER OAKS DR,,,,,Y,N,N,2,7,Y,WED,,,,,,,,,,,,,,,,,,,,,,,,,,,,,,,,,,,,,,,,,,,,,,,,,,,,,,,,0,1,0,1,0,1,0,282,,,
13243247,N,N,N,N,N,N,N,4/18/2013,3:38 PM,13-03241,,84,165,N,Y,,,19,,,1,6,,STREET,,N,N,30,N,N,FOUR LANE ROADWAY,Y,19,,,1,,,AVE F,,,,,,TWO LANE ROADWAY,,2,1,98,,1,2,8,3:39 PM,DISPATCH,3:42 PM,4/18/2013,Y,TX0840400,1341,,,,8,2,1,10,64,54,1,5,1,21,21,84,165,,,,,,,STREET,,,,,,,,,,AVE F,,,,,Y,N,N,3,6,N,THU,,,,,,,,,,,,,,,,,,,,,,,,,,,,,,,,,,,,,,,,,,,,,,,,,,,,,,,,0,0,1,1,0,1,0,,,,
13243275,N,N,N,N,N,N,N,4/14/2013,3:16 AM,C1302709,,178,97,N,Y,,,3,358,,1,1800,,NOT REPORTED,,N,N,65,N,N,WESTBOUND,N,19,,,1,,,GREENWOOD,DR,,,,,,,11,4,0,2,1,1,20,3:18 AM,DISPATCH,3:21 AM,4/14/2013,Y,TX1780200,1115,,,19,8,7,4,1,36,54,1,2,2,21,21,178,97,27.74080825,-97.43805044,SH,358,,5.241,SH0358,,617,1,5.04,562,-0.849,,,,,,,,,Y,Y,N,2,9,Y,SUN,5,0,10,10,22,8,6,300,112,72,4,0,0,2,20,5,2,20,5,2,2,4,12,67632,2014,67632,3.2,3,6.2,,,,,,,,,,,,,,,,,,,,,,,,,,,0,1,0,0,0,1,0,96,,,
13243323,N,N,N,N,N,Y,N,4/29/2013,9:22 PM,,,26,1591,Y,Y,30.64869,-96.68009,4,2000,,1,6881,,NOT REPORTED,,N,N,70,N,N,,N,15,334,,,,,NOT REPORTED,,,,,,,,12,3,0,1,4,2,12,9:27 PM,DISPATCHED,9:39 PM,8/20/2013,Y,,10000,12,15,1,8,7,4,1,33,1,1,3,2,21,21,26,1591,30.64785285,-96.68054479,FM,2000,,6.206,FM2000,6786,1129,2,14.14,414,0.415,,,,,,,,,Y,Y,Y,1,0,Y,MON,2,0,1,1,0,2,2,100,24,22,2,0,0,2,1,5,2,1,5,0,0,1,8,933,2014,933,8.7,5,13.7,,,,,,,,,,,,,,,,,,,,,,,,,,,1,0,0,0,0,1,0,,,,
13243358,N,N,N,N,N,N,N,4/11/2013,7:29 PM,13-101264,,71,136,N,Y,31.73126,-106.33753,19,,,1,8100,N,STAGHORN,DR,N,N,0,N,N,,N,19,,,1,8100,,LOMITA,ST,,,,,,,11,1,0,,1,1,1,7:30 PM,DISPATCHED,7:36 PM,4/11/2013,Y,TX0710200,1259,,,219,8,4,4,1,64,54,1,5,1,21,21,71,136,31.73197052,-106.3370982,,,,,STAGHORN DR,8113,,,,,,,,,,,,,,Y,N,N,5,9,Y,THU,,,,,,,,,,,,,,,,,,,,,,,,,,,,,,,,,,,,,,,,,,,,,,,,,,,,,,,,0,0,0,1,0,0,0,66,,,
13243435,N,N,N,N,N,N,N,4/23/2013,3:24 PM,99789A,,57,107,N,Y,,,19,,,1,14700,,HILLCREST,RD,N,N,35,N,N,,Y,19,,,1,7000,,BELT LINE,RD,,,,,,,12,1,0,,5,1,5,3:24 PM,ON VIEW,3:24 PM,4/24/2013,Y,TX0000006,2471,,,59,8,7,2,1,39,54,1,5,4,21,21,57,107,32.94995422,-96.78472256,,,,,HILLCREST RD,,,,,,,,,,BELT LINE RD,,,,,Y,N,N,3,9,Y,TUE,,,,,,,,,,,,,,,,,,,,,,,,,,,,,,,,,,,,,,,,,,,,,,,,,,,,,,,,0,0,2,0,0,2,0,282,,,
13243463,N,N,N,N,N,N,N,4/20/2013,11:37 AM,13-52515,,191,12,N,N,,,19,,,1,,SW,34TH,AVE,N,N,45,N,N,,Y,19,,,1,,S,MILAM,ST,,,,,,,11,1,4,,1,1,8,11:37 AM,DISPATCH,11:41 AM,4/20/2013,Y,TX1880100,33,,,,8,2,1,10,32,54,1,5,1,21,21,191,12,35.17836406,-101.8607312,,,,,SW 34TH AVE,2099,,,,,,,,,MILAM ST,,,,,Y,N,N,3,8,Y,SAT,,,,,,,,,,,,,,,,,,,,,,,,,,,,,,,,,,,,,,,,,,,,,,,,,,,,,,,,0,0,1,3,0,1,0,120,,,
13243581,N,N,N,N,N,N,N,4/14/2013,1:33 PM,13-104103,,71,136,N,Y,31.8555,-106.41641,19,,,1,7900,,RAILROAD,DR,N,N,55,N,N,,Y,19,,,1,5100,,KNOX,,,,,,,,11,1,2,,1,1,11,1:39 PM,DISPATCHED,1:39 PM,4/14/2013,N,TX0710200,1259,,,124,8,2,2,23,64,46,1,5,1,21,21,71,136,31.85230483,-106.4185703,,,,,RAILROAD DR,,,,,,,,,,KNOX CIR,,,,,Y,N,N,2,9,Y,SUN,,,,,,,,,,,,,,,,,,,,,,,,,,,,,,,,,,,,,,,,,,,,,,,,,,,,,,,,0,1,1,0,1,2,0,66,,,
13243583,N,N,N,N,N,N,N,4/26/2013,8:50 AM,1300026092,,220,141,N,Y,,,19,,,1,1800,,SHADOW,LN,N,N,30,N,N,,N,19,,,,100,,TRAILWOOD,DR,,,,,,,11,6,0,,4,1,1,8:50 AM,RADIO/CAD,8:59 AM,4/27/2013,Y,TX2200900,1279,,189,24,8,4,4,1,64,54,1,5,1,21,21,220,141,32.86358309,-97.08316872,,,,,SHADOW LN,1857,,,,,,,,,,,,,,Y,N,N,0,7,Y,FRI,,,,,,,,,,,,,,,,,,,,,,,,,,,,,,,,,,,,,,,,,,,,,,,,,,,,,,,,0,0,0,0,1,0,0,282,,,
13243675,N,N,N,N,N,N,N,4/19/2013,7:24 AM,2013-03837,,71,1635,Y,Y,,,19,,,1,3600,,BUCK,ST,N,N,30,N,N,,Y,19,,,1,14900,,WHITETAIL DEER,DR,,,,,,,11,1,0,,1,1,8,7:26 AM,DISPATCHED,7:41 AM,4/19/2013,Y,TX0710000,1260,,,,8,2,1,18,64,54,1,5,1,21,21,71,1635,31.80474483,-106.1616604,,,,,BUCK ST,3670,,,,,,,,,WHITETAIL DEER RD,,,,,Y,N,Y,5,0,Y,FRI,,,,,,,,,,,,,,,,,,,,,,,,,,,,,,,,,,,,,,,,,,,,,,,,,,,,,,,,0,0,0,1,1,0,0,66,,,
13243709,N,N,N,N,N,N,N,4/20/2013,7:30 PM,13-7425,,221,2,N,Y,,,19,,,1,3300,S,27TH,ST,N,N,0,N,N,PUBLIC ROAD,Y,19,,,1,2700,S,WILLIS,ST,,,,,PUBLIC ROAD,,11,1,2,,1,1,5,7:40 PM,DISPATCH,7:45 PM,4/20/2013,Y,TX2210100,10,,,,8,2,2,22,64,38,1,5,1,21,21,221,2,32.41790445,-99.76473185,,,,,S 27TH ST,3284,,,,,,,,,S WILLIS ST,,,,,Y,N,N,5,8,Y,SAT,,,,,,,,,,,,,,,,,,,,,,,,,,,,,,,,,,,,,,,,,,,,,,,,,,,,,,,,0,0,0,3,0,0,0,166,,,
13243863,N,N,N,N,N,N,N,4/15/2013,7:24 PM,C1302749,,178,97,N,Y,,,19,,,1,4400,,OLD BROWNSVILLE,RD,N,N,45,N,N,,N,19,,,1,1200,S,OMAHA,DR,,,,,,,11,1,0,3,1,1,1,7:24 PM,DISPATCHED,7:48 PM,4/15/2013,Y,TX1780200,1115,,,51,8,2,4,22,64,40,1,3,1,21,21,178,97,27.76337579,-97.44932666,FM,665,,44.22,FM0665,4839,1052,2,22.656,564,0.459,,,,,,,,,Y,Y,N,5,9,Y,MON,2,0,0,0,0,2,4,120,56,56,4,2,2,1,0,0,1,0,0,0,0,4,14,8733,2014,8733,4.9,3.9,8.8,1,182,1,,0,,,,,,,,,,,,,,,,,,,,,,0,0,0,2,0,0,0,96,,,
13243898,N,N,N,N,N,N,N,4/23/2013,7:20 AM,0049382413T,,101,208,N,Y,,,1,45,,1,3600,N,NORTH,FWY,N,N,60,N,N,,N,19,,,,1300,,CROSSTIMBERS,,,,,,,,11,1,0,,6,1,11,7:39 AM,DISPATCHER,7:50 AM,4/23/2013,Y,TXHPD0000,2469,14,152,27,8,2,2,20,64,42,1,1,1,21,21,101,208,,,IH,45,,,IH0045,,,,,,,,,,CROSSTIMBERS,,,,,Y,Y,N,3,9,N,TUE,,,,,,,,,,,,,,,,,,,,,,,,,,,,,,,,,,,,,,,,,,,,,,,,,,,,,,,,0,0,1,1,0,1,0,,,,
13244202,N,Y,N,N,N,N,N,4/24/2013,3:30 AM,,13-055897,57,107,N,Y,,,1,30,,1,3000,E,RL THORNTON,FWY,N,N,55,N,N,EB IH-30,N,1,45,,1,,S,JULIUS SCHEPPS,FWY,,,,,,,2,4,0,2,1,2,20,3:41 AM,RADIO DISPATCHED,3:50 AM,4/24/2013,Y,TX0570000,1169,,85,22,8,2,4,21,56,9,1,1,1,21,21,57,107,32.77868091,-96.78228146,IH,30,,46.946,IH0030,,9,11,4.686,47,-0.133,,,,,,,,,Y,Y,N,5,9,Y,WED,5,1,4,10,0,9,8,300,134,96,5,0,0,2,10,5,2,20,5,2,4,4,11,166653,2014,166653,1.6,7.8,9.4,,,,,,,,,,,,,,,,,,,,,,,,,,,0,0,0,2,0,0,0,282,,,
13244337,N,N,N,N,N,N,N,4/30/2013,8:45 AM,0052708113W,,101,208,N,Y,,,14,527,,1,4100,,SOUTHWEST FREEWAY MILAM,,N,N,30,N,N,CONCRETE,N,19,,,,400,,RICHMOND,AVE,,,,,,,11,1,0,,2,1,9,8:53 AM,DISPATCHED,9:05 AM,4/30/2013,Y,TXHPD0000,2469,24,121,35,8,2,2,20,64,54,1,2,1,21,21,101,208,,,SS,527,,,SS0527,,,,,,,,,,RICHMOND AVE,,,,,Y,Y,N,5,9,N,TUE,,,,,,,,,,,,,,,,,,,,,,,,,,,,,,,,,,,,,,,,,,,,,,,,,,,,,,,,0,0,0,3,0,0,0,,,,
13244471,N,N,N,N,N,N,N,4/23/2013,4:26 PM,,,201,1766,Y,Y,32.15092,-94.75282,15,301,,1,,,NOT REPORTED,,N,N,35,N,N,,N,15,301,A,,,,NOT REPORTED,,,,,,,,11,1,0,,4,1,1,4:27 PM,RUSK CO. S.O.,4:47 PM,4/24/2013,Y,TXDPS2500,10000,16,28,1,8,2,4,30,64,54,1,4,1,21,21,201,1766,32.1509643,-94.75288313,,,,,COUNTY ROAD 301,692,,,,,,,,,,,,,,Y,N,Y,5,0,Y,TUE,,,,,,,,,,,,,,,,,,,,,,,,,,,,,,,,,,,,,,,,,,,,,,,,,,,,,,,,0,0,0,2,0,0,0,,,,