Crash_ID,Crash_Fatal_Fl,Cmv_Involv_Fl,Schl_Bus_Fl,Rr_Relat_Fl,Medical_Advisory_Fl,Amend_Supp_Fl,Active_School_Zone_Fl,Crash_Date,Crash_Time,Case_ID,Local_Use,Rpt_CRIS_Cnty_ID,Rpt_City_ID,Rpt_Outside_City_Limit_Fl,Thousand_Damage_Fl,Rpt_Latitude,Rpt_Longitude,Rpt_Rdwy_Sys_ID,Rpt_Hwy_Num,Rpt_Hwy_Sfx,Rpt_Road_Part_ID,Rpt_Block_Num,Rpt_Street_Pfx,Rpt_Street_Name,Rpt_Street_Sfx,Private_Dr_Fl,Toll_Road_Fl,Crash_Speed_Limit,Road_Constr_Zone_Fl,Road_Constr_Zone_Wrkr_Fl,Rpt_Street_Desc,At_Intrsct_Fl,Rpt_Sec_Rdwy_Sys_ID,Rpt_Sec_Hwy_Num,Rpt_Sec_Hwy_Sfx,Rpt_Sec_Road_Part_ID,Rpt_Sec_Block_Num,Rpt_Sec_Street_Pfx,Rpt_Sec_Street_Name,Rpt_Sec_Street_Sfx,Rpt_Ref_Mark_Offset_Amt,Rpt_Ref_Mark_Dist_Uom,Rpt_Ref_Mark_Dir,Rpt_Ref_Mark_Nbr,Rpt_Sec_Street_Desc,Rpt_CrossingNumber,Wthr_Cond_ID,Light_Cond_ID,Entr_Road_ID,Road_Type_ID,Road_Algn_ID,Surf_Cond_ID,Traffic_Cntl_ID,Investigat_Notify_Time,Investigat_Notify_Meth,Investigat_Arrv_Time,Report_Date,Investigat_Comp_Fl,ORI_Number,Investigat_Agency_ID,Investigat_Area_ID,Investigat_District_ID,Investigat_Region_ID,Bridge_Detail_ID,Harm_Evnt_ID,Intrsct_Relat_ID,FHE_Collsn_ID,Obj_Struck_ID,Othr_Factr_ID,Road_Part_Adj_ID,Road_Cls_ID,Road_Relat_ID,Phys_Featr_1_ID,Phys_Featr_2_ID,Cnty_ID,City_ID,Latitude,Longitude,Hwy_Sys,Hwy_Nbr,Hwy_Sfx,Dfo,Street_Name,Street_Nbr,Control,Section,Milepoint,Ref_Mark_Nbr,Ref_Mark_Displ,Hwy_Sys_2,Hwy_Nbr_2,Hwy_Sfx_2,Street_Name_2,Street_Nbr_2,Control_2,Section_2,Milepoint_2,Txdot_Rptable_Fl,Onsys_Fl,Rural_Fl,Crash_Sev_ID,Pop_Group_ID,Located_Fl,Day_of_Week,Hwy_Dsgn_Lane_ID,Hwy_Dsgn_Hrt_ID,Hp_Shldr_Left,Hp_Shldr_Right,Hp_Median_Width,Base_Type_ID,Nbr_Of_Lane,Row_Width_Usual,Roadbed_Width,Surf_Width,Surf_Type_ID,Curb_Type_Left_ID,Curb_Type_Right_ID,Shldr_Type_Left_ID,Shldr_Width_Left,Shldr_Use_Left_ID,Shldr_Type_Right_ID,Shldr_Width_Right,Shldr_Use_Right_ID,Median_Type_ID,Median_Width,Rural_Urban_Type_ID,Func_Sys_ID,Adt_Curnt_Amt,Adt_Curnt_Year,Adt_Adj_Curnt_Amt,Pct_Single_Trk_Adt,Pct_Combo_Trk_Adt,Trk_Aadt_Pct,Curve_Type_ID,Curve_Lngth,Cd_Degr,Delta_Left_Right_ID,Dd_Degr,Feature_Crossed,Structure_Number,I_R_Min_Vert_Clear,Approach_Width,Bridge_Median_ID,Bridge_Loading_Type_ID,Bridge_Loading_In_1000_Lbs,Bridge_Srvc_Type_On_ID,Bridge_Srvc_Type_Under_ID,Culvert_Type_ID,Roadway_Width,Deck_Width,Bridge_Dir_Of_Traffic_ID,Bridge_Rte_Struct_Func_ID,Bridge_IR_Struct_Func_ID,CrossingNumber,RRCo,Poscrossing_ID,WDCode_ID,Standstop,Yield,Incap_Injry_Cnt,Nonincap_Injry_Cnt,Poss_Injry_Cnt,Non_Injry_Cnt,Unkn_Injry_Cnt,Tot_Injry_Cnt,Death_Cnt,MPO_ID,Investigat_Service_ID,Investigat_DA_ID,Investigator_Narrative
13253301,N,N,N,N,N,N,N,4/28/2013,6:30 PM,,,184,1749,Y,Y,32.70175,-97.95935,1,20,,1,,,NOT REPORTED,,N,N,65,N,N,,N,,,,,,,NOT REPORTED,,0.1,M,E,398,,,11,1,0,2,1,1,11,6:40 PM,DPS COMMUNICATIONS,6:50 PM,4/30/2013,Y,TXDPS1900,10000,12,118,1,8,2,4,21,64,9,1,1,1,21,21,184,1749,32.70203439,-97.95782745,IH,20,,397.433,IH0020,,314,1,7.727,398,0.1,,,,NOT REPORTED,,,,,Y,Y,Y,5,0,Y,SUN,5,0,6,10,101,3,4,450,80,48,5,0,0,2,16,5,2,16,5,3,85,1,1,23948,2014,23948,4.6,36,40.7,,,,,,,,,,,,,,,,,,,,,,,,,,,0,0,0,2,0,0,0,282,,,
13253474,N,N,N,N,N,N,N,5/3/2013,6:30 PM,13-10524,,158,28,N,Y,,,19,,,1,2400,,6,ST,N,N,30,N,N,,Y,19,,,1,2100,,COTTONWOOD,,,,,,,,11,1,2,,1,1,8,6:22 PM,RADIO,6:27 PM,5/3/2013,Y,TX1610100,93,,,35,8,2,1,10,64,54,1,5,1,21,21,158,28,28.98216498,-95.96040297,,,,,6TH ST,2501,,,,,,,,,COTTONWOOD AVE,,,,,Y,N,N,5,5,Y,FRI,,,,,,,,,,,,,,,,,,,,,,,,,,,,,,,,,,,,,,,,,,,,,,,,,,,,,,,,0,0,0,4,0,0,0,,,,
13253526,N,N,N,N,N,N,N,4/1/2013,4:36 PM,13-31186,,220,156,N,Y,32.57788,-97.32291,4,1187,,1,400,W,RENDON CROWLEY,RD,N,N,50,N,N,PUBLIC STREET,Y,19,,,1,12400,,HEMPHILL,ST,,,,,PUBLIC STREET,,11,1,0,2,3,1,12,4:37 PM,DISPATCH,4:49 PM,4/1/2013,Y,TX2201200,1318,885,11,120,8,2,1,10,64,3,1,3,1,21,21,220,156,32.57766699,-97.32882837,FM,1187,,24.732,FM1187,,1330,1,14.257,,,,,,HEMPHILL ST,,,,,Y,Y,N,3,9,Y,MON,3,0,0,10,70,3,4,160,68,48,5,1,1,1,10,0,2,10,5,1,60,4,14,27017,2014,27017,5.3,6.8,12.1,,,,,,,,,,,,,,,,,,,,,,,,,,,0,0,1,1,0,1,0,282,,,
13253870,N,N,N,N,N,N,N,5/4/2013,8:43 PM,110302A,,57,107,N,Y,,,19,,,1,1900,N,JIM MILLER,RD,N,N,35,N,N,,N,19,,,,7100,,TILLMAN,ST,,,,,,,11,4,0,,1,1,20,8:58 PM,DISPATCHED,9:06 PM,5/4/2013,Y,TX0000006,2471,,,27,8,7,4,1,30,35,1,5,2,21,21,57,107,32.74481838,-96.7001726,,,,,N JIM MILLER RD,,,,,,,,,,,,,,,Y,N,N,5,9,Y,SAT,,,,,,,,,,,,,,,,,,,,,,,,,,,,,,,,,,,,,,,,,,,,,,,,,,,,,,,,0,0,0,1,0,0,0,282,,,
13253981,N,N,N,N,N,N,N,5/6/2013,5:00 PM,111843A,,57,107,N,Y,,,19,,,1,11400,,DENNIS,RD,N,N,30,N,N,,N,19,,,,,,NORTHHAVEN,RD,,,,,,,11,1,0,,1,1,11,5:03 PM,DISPATCHED,5:03 PM,5/6/2013,Y,TX0000006,2471,,,87,8,2,3,14,64,14,1,5,1,32,21,57,107,32.90433737,-96.88128426,,,,,DENNIS RD,11419,,,,,,,,,,,,,,Y,N,N,5,9,Y,MON,,,,,,,,,,,,,,,,,,,,,,,,,,,,,,,,,,,,,,,,,,,,,,,,,,,,,,,,0,0,0,2,0,0,0,282,,,
13254183,N,N,N,N,N,N,N,4/24/2013,9:04 PM,131141603,,227,22,N,Y,,,19,,,1,,S,PLEASANT VALLEY,,N,N,35,N,N,,Y,19,,,,,,ELMONT,DR,,,,,,,11,6,4,,1,1,5,9:04 PM,DISPATCH,9:13 PM,4/24/2013,Y,TX2270100,74,,,222,8,2,1,34,64,3,1,5,1,21,21,227,22,30.23876478,-97.71957247,,,,,S PLEASANT VALLEY RD,1403,,,,,,,,,UNKNOWN,,,,,Y,N,N,2,9,Y,WED,,,,,,,,,,,,,,,,,,,,,,,,,,,,,,,,,,,,,,,,,,,,,,,,,,,,,,,,0,2,0,1,0,2,0,90,,,
13254458,N,N,N,N,N,N,N,4/28/2013,7:00 PM,1300008104,,133,234,N,Y,30.0443,-99.1443,3,16,,1,200,S,SIDNEY BAKER,,N,N,35,N,N,,N,14,98,,1,100,,THOMPSON,DR,,,,,,,11,1,0,3,1,1,20,7:00 PM,DISPATCHED,7:05 PM,4/28/2013,Y,TX1330100,1583,,8,36,8,2,2,21,64,9,1,2,1,21,21,133,234,30.0441828,-99.14439853,SH,16,,281.578,SH0016,202,291,3,1.315,514,0.481,SL,98,,SL0098,,,,,Y,Y,N,5,5,Y,SUN,2,0,5,5,0,2,4,130,70,60,2,2,2,2,5,5,2,5,5,0,0,2,14,18381,2014,18381,8.2,5.5,13.7,,,,,,,,,,,,,,,,,,,,,,,,,,,0,0,0,2,0,0,0,,,,
13254503,N,N,N,N,N,N,N,4/19/2013,2:35 PM,1300015695,,94,394,N,Y,,,1,10,,2,500,,10,HWY,N,N,40,N,N,,Y,19,,,1,2500,N,GUADALUPE,ST,,,,,,,11,1,4,2,1,1,8,2:31 PM,DISPATCHED,2:35 PM,4/19/2013,Y,TX0940300,2109,,8,37,8,2,1,10,64,54,2,1,1,21,21,94,394,29.5988546,-97.97011578,IH,10,,607.666,IH0010,,535,1,14.746,609,-0.004,,,,N GUADALUPE ST,,,,,Y,Y,N,5,6,Y,FRI,5,0,6,10,76,2,4,320,80,48,4,0,0,2,12,5,2,20,5,,64,2,11,42165,2014,42165,4.5,23.7,28.2,1,575,1,2,37,,,,,,,,,,,,,,,,,,,,,,0,0,0,3,0,0,0,28,,,
13254546,N,N,N,N,N,N,N,3/20/2013,4:40 PM,,,43,336,N,Y,32.90855,-96.8189,12,,,1,,,PRESIDENT GEORGE BUSH TURNPIKE,,N,Y,70,N,N,,N,,,,,,,NOT REPORTED,,30,F,W,740,,,11,1,0,,1,1,20,4:42 PM,NTTA DISPATCHER,4:51 PM,3/20/2013,Y,TXDPS8600,10000,12,107,1,8,2,4,22,64,42,1,6,1,21,21,43,336,,,,,,,PRESIDENT GEORGE BUSH TURNPIKE,,,,,,,,,,NOT REPORTED,,,,,Y,N,N,5,9,N,WED,,,,,,,,,,,,,,,,,,,,,,,,,,,,,,,,,,,,,,,,,,,,,,,,,,,,,,,,0,0,0,2,0,0,0,,,,
13254548,N,N,N,N,N,N,N,3/19/2013,5:09 PM,,,43,336,N,Y,33.00392,-96.7385,12,,,1,,,PRESIDENT GEORGE BUSH TURNPIKE,,N,Y,70,N,N,,N,,,,,,,NOT REPORTED,,30,F,W,640,,,11,1,0,,1,1,20,5:11 PM,NTTA DISPATCHER,5:44 PM,3/19/2013,Y,TXDPS8600,10000,12,107,1,8,2,4,22,64,42,1,6,1,21,21,43,336,33.00396624,-96.73850021,,,,,PRESIDENT GEORGE BUSH TPKE,,,,,,,,,,NOT REPORTED,,,,,Y,N,N,5,9,Y,TUE,,,,,,,,,,,,,,,,,,,,,,,,,,,,,,,,,,,,,,,,,,,,,,,,,,,,,,,,0,0,0,3,0,0,0,282,,,
13254760,N,N,N,N,N,N,N,4/26/2013,1:15 AM,130022948,,220,19,N,Y,,,1,20,,1,4400,W,RONALD REAGAN,HWY,N,N,60,N,N,,N,4,157,,,3000,S,COOPER,ST,,,,,,,11,4,0,2,1,1,20,1:20 AM,SOUTH DISPATCH,1:28 AM,4/26/2013,N,TX2200100,59,,8,190,8,7,4,1,23,54,1,1,2,21,21,220,19,32.67674772,-97.12649611,IH,20,,448.639,IH0020,,2374,5,7.702,450,-0.486,,,,,,,,,Y,Y,N,0,9,Y,FRI,5,0,12,12,54,3,9,400,154,110,6,0,0,2,22,5,2,22,5,2,32,4,11,149511,2014,149511,2.3,6.3,8.5,,,,,,,,,,,,,,,,,,,,,,,,,,,0,0,0,0,1,0,0,282,,,
13254965,N,N,N,N,N,N,N,4/8/2013,10:51 PM,A13-10918,,108,295,N,Y,,,4,494,,1,700,S,SHARY,RD,N,N,50,N,N,,N,2,83,,,2400,E,NOT REPORTED,,,,,,WB FRONTAGE RD,,11,4,4,3,1,1,1,10:51 PM,DISPATCH,10:53 PM,4/9/2013,Y,TX1081000,1791,,,,8,2,1,34,64,3,1,3,1,21,21,108,295,26.19572191,-98.28841072,FM,494,,8.438,FM0494,,864,1,18.342,724,0.409,IH,2,,IH0002,,,,,Y,Y,N,5,7,Y,MON,2,0,8,8,0,2,4,100,81,62,4,2,2,2,8,5,2,8,5,0,0,4,14,24623,2014,24623,1.7,0.7,2.4,,,,,,,,,,,,,,,,,,,,,,,,,,,0,0,0,2,0,0,0,230,,,
13255056,N,N,N,N,N,N,N,4/23/2013,6:08 PM,C1302951,,178,97,N,Y,,,19,,,1,200,,COOPERS ALLEY,ST,N,N,35,N,N,,N,19,,,1,200,S,SHORELINE,BLVD,,,,,,,12,1,0,,1,1,5,7:13 PM,FLAGGED DOWN,7:13 PM,4/23/2013,Y,TX1780200,1115,,,25,8,2,2,22,64,38,1,5,1,21,21,178,97,27.79149425,-97.39340206,,,,,COOPERS ALY,232,,,,,,,,,S SHORELINE BLVD,,,,,Y,N,N,5,9,Y,TUE,,,,,,,,,,,,,,,,,,,,,,,,,,,,,,,,,,,,,,,,,,,,,,,,,,,,,,,,0,0,0,3,0,0,0,96,,,
13255075,N,N,N,N,N,N,N,4/26/2013,4:07 PM,131161338,,227,22,N,Y,,,19,,,1,2700,S,LAMAR,BLVD,N,N,40,N,N,,Y,19,,,,2800,,MANCHACA,RD,,,,,,,12,1,0,3,2,1,5,4:07 PM,DISPATCHED,4:10 PM,4/26/2013,Y,TX2270100,74,160,93,112,8,2,3,10,64,14,1,2,1,32,21,227,22,30.24433907,-97.78131563,SL,343,,1.523,SL0343,2802,113,9,6.509,566,-0.898,,,,,,,,,Y,Y,N,2,9,Y,FRI,2,0,0,0,0,2,4,80,60,48,4,1,1,1,0,0,1,0,0,0,0,4,14,34215,2014,34215,1.2,0.4,1.6,,,,,,,,,,,,,,,,,,,,,,,,,,,0,1,0,1,0,1,0,90,,,
13255078,N,N,N,N,N,N,N,4/26/2013,6:12 AM,13-1160308,,227,22,N,Y,,,19,,,1,7400,S,MOPAC NB,EXPY,N,N,65,N,N,,N,19,,,,,,CONVICT HILL,RD,,,,,,,2,4,0,2,4,2,20,6:12 AM,ON VIEW,6:12 AM,4/26/2013,Y,TX2270100,74,17,169,130,1,7,4,1,41,1,1,2,2,21,21,227,22,30.21665072,-97.84720967,SL,1,,21.719,SL0001,,3136,1,21.875,446,0.188,,,,,,,,,Y,Y,N,5,9,Y,FRI,5,0,6,10,48,2,4,300,80,48,4,0,0,2,12,5,2,20,5,3,36,4,12,55791,2014,55791,1.3,0.3,1.6,,,,,,,,,,,,,,,,,,,,,,,,,,,0,0,0,1,0,0,0,90,,,
13255089,N,N,N,N,N,N,N,4/25/2013,4:47 PM,131151273,,227,22,N,Y,,,19,,,7,2400,S,CONGRESS,AVE,Y,N,0,N,N,,N,19,,,,,,OLTORF,ST,,,,,,,12,1,2,,1,1,8,4:47 PM,DISPATCHED,4:50 PM,4/25/2013,Y,TX2270100,74,,53,24,8,2,4,31,64,54,7,9,5,33,21,227,22,,,,,,,S CONGRESS AVE,,,,,,,,,,,,,,,N,N,N,2,9,N,THU,,,,,,,,,,,,,,,,,,,,,,,,,,,,,,,,,,,,,,,,,,,,,,,,,,,,,,,,0,1,0,8,0,1,0,,,,
13255296,N,N,N,N,N,N,N,5/3/2013,2:50 PM,,,30,1595,Y,Y,32.32795,-99.62882,3,36,,1,,,NOT REPORTED,,N,N,75,N,N,,N,4,1750,,,,,NOT REPORTED,,,,,,,,11,1,0,1,1,1,11,2:55 PM,DISPATCHED,3:20 PM,5/5/2013,Y,,10000,12,1,1,8,2,4,22,64,42,1,2,1,21,21,30,1595,32.3278509,-99.6288659,SH,36,,10.592,SH0036,,181,2,0.231,304,0.245,,,,,,,,,Y,Y,Y,5,0,Y,FRI,2,0,9,9,0,2,2,100,42,24,4,0,0,2,9,5,2,9,5,0,0,1,6,3848,2014,3848,12.4,16.7,29.2,,,,,,,,,,,,,,,,,,,,,,,,,,,0,0,0,3,0,0,0,166,,,
13255312,N,N,N,N,N,N,N,5/2/2013,8:05 AM,,,178,1743,Y,Y,27.68876,-97.4502,4,43,,1,,,NOT REPORTED,,N,N,70,N,N,,N,3,286,,,,,NOT REPORTED,,,,,,,,11,1,0,1,1,1,20,8:05 AM,DPS RADIO,8:22 AM,5/5/2013,Y,,10000,17,112,1,8,2,4,22,64,42,1,3,1,21,21,178,1743,27.68823514,-97.45399566,FM,43,,6.128,FM0043,8701,1557,1,6.247,558,0.242,,,,,,,,,Y,Y,Y,5,0,Y,THU,2,0,3,3,0,2,2,100,42,36,2,0,0,2,3,5,2,3,5,0,0,1,2,9373,2014,9373,4.9,3.9,8.8,,,,,,,,,,,,,,,,,,,,,,,,,,,0,0,0,2,0,0,0,96,,,
13255387,N,N,N,N,N,N,N,4/25/2013,4:47 PM,,,43,336,N,Y,33.03728,-96.82978,12,,,1,,,DALLAS NORTH TOLLWAY,,N,Y,70,N,N,,N,,,,,,,NOT REPORTED,,100,F,S,930,,,11,1,0,,1,1,20,4:53 PM,DISPATCHED,5:02 PM,4/29/2013,Y,,10000,22,107,1,8,2,4,22,64,42,1,6,1,21,21,43,336,33.03728115,-96.82972726,,,,,DALLAS NORTH TLWY,,,,,,,,,,NOT REPORTED,,,,,Y,N,N,5,9,Y,THU,,,,,,,,,,,,,,,,,,,,,,,,,,,,,,,,,,,,,,,,,,,,,,,,,,,,,,,,0,0,0,2,0,0,0,282,,,
13255557,N,N,N,N,N,N,N,4/8/2013,1:24 AM,0042550413B,,101,208,N,Y,,,2,59,,2,6400,S,SOUTHWEST SER N,FWY,N,N,45,N,N,STERLING MCALL FORD,N,2,59,,,6400,,SOUTHWEST,,,,,,,,11,4,0,,1,1,20,1:36 AM,DISPATCH,1:41 AM,5/6/2013,Y,TXHPD0000,2469,14,106,54,8,7,4,1,21,54,2,2,2,21,21,101,208,,,US,59,,,US0059,,,,,,,,,,,,,,,Y,Y,N,2,9,N,MON,,,,,,,,,,,,,,,,,,,,,,,,,,,,,,,,,,,,,,,,,,,,,,,,,,,,,,,,0,2,0,0,0,2,0,,,,
13255761,N,N,N,N,N,N,N,5/6/2013,6:25 PM,,,170,1735,Y,Y,30.22751,-95.69057,4,1488,,1,,,NOT REPORTED,,N,N,50,N,N,,N,4,149,,,,,NOT REPORTED,,,,,,,,11,1,0,1,1,1,12,6:35 PM,MCSO,6:45 PM,5/6/2013,Y,,10000,17,52,1,8,2,4,20,64,42,1,3,1,21,21,170,1735,30.22749774,-95.6902771,FM,1488,,26.919,FM1488,,523,10,7.608,666,-0.046,,,,,,,,,Y,Y,Y,2,0,Y,MON,2,0,8,8,0,2,2,100,40,24,4,0,0,2,8,5,2,8,5,0,0,1,6,8509,2014,8509,6.8,2.3,9.1,1,347,2,2,36,,,,,,,,,,,,,,,,,,,,,,0,1,0,1,0,1,0,15,,,
13255890,N,N,N,N,N,N,N,5/5/2013,3:12 AM,110602A,,57,107,N,Y,,,1,635,,1,4700,,LYNDON B JOHNSON,FWY,N,N,60,Y,N,,N,19,,,,,,WELCH,RD,,,,,,,11,3,0,2,1,1,20,3:12 AM,DISPATCHED,3:20 AM,5/5/2013,Y,TX0000006,2471,,,87,8,2,4,20,64,49,1,1,1,21,21,57,107,32.92598008,-96.82437976,IH,635,,23.3,IH0635,,2374,1,9.848,23,-0.262,,,,,,,,,Y,Y,N,5,9,Y,SUN,5,1,2,10,12,2,8,800,140,88,5,0,0,2,4,5,2,20,5,2,8,4,11,195906,2014,195906,5.2,8.7,14,,,,,,,,,,,,,,,,,,,,,,,,,,,0,0,0,3,0,0,0,282,,,
13255935,N,N,N,N,N,N,N,5/4/2013,2:15 AM,109503A,109590A,57,107,N,Y,,,1,35,E,1,6400,S,RL THORNTON,FWY,N,N,-1,N,N,,N,19,,,,100,W,LAURELAND,RD,,,,,,,11,4,0,,1,1,20,2:20 AM,DISPATCHED,2:28 AM,5/8/2013,N,TX0000006,2471,,,113,8,7,4,1,39,25,1,1,4,21,21,57,107,,,IH,35,E,,IH0035E,,,,,,,,,,,,,,,Y,Y,N,3,9,N,SAT,,,,,,,,,,,,,,,,,,,,,,,,,,,,,,,,,,,,,,,,,,,,,,,,,,,,,,,,0,0,5,0,1,5,0,,,,
13255976,N,N,N,N,N,N,N,5/4/2013,4:49 AM,0054603713Y,,101,208,N,Y,,,19,,,1,1900,,STUDEWOOD,,N,N,30,N,N,,Y,19,,,1,700,E,20TH,ST,,,,,,,11,4,0,,1,1,5,4:59 AM,HPD DISPATCH,5:04 AM,5/4/2013,Y,TXHPD0000,2469,18,121,33,8,2,2,32,64,38,1,5,1,21,21,101,208,29.80404479,-95.38806308,,,,,STUDEWOOD ST,2000,,,,,,,,,E 20TH ST,,,,,Y,N,N,5,9,Y,SAT,,,,,,,,,,,,,,,,,,,,,,,,,,,,,,,,,,,,,,,,,,,,,,,,,,,,,,,,0,0,0,2,0,0,0,15,,,
13255988,N,N,N,N,N,N,N,5/8/2013,12:27 AM,13-11041,,212,434,N,Y,,,2,69,,1,5000,S,BROADWAY,AVE,N,N,45,N,N,,N,19,,,,100,,SHILOH,RD,,,,,,,11,4,4,2,1,1,11,12:27 AM,DISPATCH,12:35 AM,5/8/2013,Y,TX21204X1,2316,,,170,8,7,4,1,33,54,1,2,2,21,21,212,434,32.2948448,-95.30177466,US,69,,138.696,US0069,,191,1,3.435,336,-0.188,,,,,,,,,Y,Y,N,5,8,Y,WED,3,0,4,2,12,2,6,130,84,72,3,2,2,2,6,5,2,6,5,1,6,3,14,32797,2014,32797,1.2,2.5,3.7,,,,,,,,,,,,,,,,,,,,,,,,,,,0,0,0,1,0,0,0,213,,,
13256012,N,N,N,N,N,N,N,5/3/2013,6:36 PM,13004559,,61,114,N,Y,,,19,,,1,1700,,SHADY OAKS,BLVD,N,N,35,N,N,,Y,19,,,1,1400,,KERLEY,,,,,,,,11,1,2,,2,1,5,6:48 PM,DISPATCHED,6:55 PM,5/7/2013,Y,TX0601200,1196,,,411,8,2,2,22,64,38,1,5,1,21,21,61,114,33.20154419,-97.11593246,,,,,SHADY OAKS DR,,,,,,,,,,KERLEY ST,,,,,Y,N,N,5,8,Y,FRI,,,,,,,,,,,,,,,,,,,,,,,,,,,,,,,,,,,,,,,,,,,,,,,,,,,,,,,,0,0,0,2,0,0,0,282,,,
13256314,N,N,N,N,N,N,N,5/1/2013,6:30 PM,A13-00075,,46,595,N,Y,,,19,,,1,2917,,BARTON HILL DR,,N,N,30,N,N,,N,19,,,1,32300,,CEDAR VIEW,,,,,,,,11,1,0,,3,1,1,7:06 PM,RADIO,7:10 PM,5/1/2013,Y,TX0460800,180,158,276,293,8,7,4,1,33,29,1,5,2,21,21,46,595,29.77308084,-98.44044287,,,,,BARTON HILL DR,2917,,,,,,,,,,,,,,Y,N,Y,2,3,Y,WED,,,,,,,,,,,,,,,,,,,,,,,,,,,,,,,,,,,,,,,,,,,,,,,,,,,,,,,,0,1,0,0,0,1,0,28,,,
13256321,N,N,N,N,N,N,N,3/28/2013,9:33 PM,13-0051,,227,538,N,Y,,,19,,,1,13707,,OVERLAND PASS,DR,N,N,35,N,N,MAIN,N,19,,,1,13700,,SADDLEBACK PASS,RD,,,,,,,11,3,0,,2,1,1,9:33 PM,RADIO,9:34 PM,3/29/2013,Y,TX2273600,2267,191,724,442,8,7,4,1,32,3,1,5,2,21,21,227,538,30.29366629,-97.96598749,,,,,OVERLAND PASS,13604,,,,,,,,,,,,,,Y,N,Y,5,3,Y,THU,,,,,,,,,,,,,,,,,,,,,,,,,,,,,,,,,,,,,,,,,,,,,,,,,,,,,,,,0,0,0,3,0,0,0,90,,,
13256580,N,Y,N,N,N,N,N,4/5/2013,4:20 PM,A13-10534,,108,295,N,Y,,,19,,,7,700,N,WALSH,AVE,Y,N,70,N,N,,N,8,83,,,900,W,NOT REPORTED,,,,,,,,11,1,0,,1,1,1,4:20 PM,DISPATCH,4:24 PM,4/5/2013,Y,TX1081000,1791,,,,8,2,4,40,64,12,7,9,5,33,21,108,295,,,,,,,N WALSH AVE,,,,,,,,,,,,,,,N,N,N,5,7,N,FRI,,,,,,,,,,,,,,,,,,,,,,,,,,,,,,,,,,,,,,,,,,,,,,,,,,,,,,,,0,0,0,2,0,0,0,,,,
13256617,N,N,N,N,N,N,N,4/21/2013,9:12 AM,2013-0745,,101,422,N,Y,,,19,,,1,800,,KIRBY ROAD,,N,N,45,N,N,"2 LANE CONCRETE ROAD, DRY",Y,19,,,1,4300,,WILLOW HILL DR,,,,,,DRY CONCRETE ROADWAY,,11,1,2,,1,1,8,9:12 AM,RADIO DISPATCH,9:14 AM,4/23/2013,Y,TX1016600,1632,,2,3,8,2,1,10,64,54,1,5,1,21,21,101,422,29.57524483,-95.05843318,,,,,KIRBY RD,,,,,,,,,,WILLOW HILL DR,,,,,Y,N,Y,5,3,Y,SUN,,,,,,,,,,,,,,,,,,,,,,,,,,,,,,,,,,,,,,,,,,,,,,,,,,,,,,,,0,0,0,1,1,0,0,15,,,
13256845,N,N,N,N,N,N,N,4/27/2013,10:17 AM,C1303047,,178,97,N,Y,,,19,,,1,3900,,HOLLY,RD,N,N,35,N,N,,N,19,,,1,5800,,WEBER,RD,,,,,,,12,1,0,,1,1,20,10:17 AM,RADIO,10:17 AM,4/27/2013,Y,TX1780200,1115,,,19,8,2,3,10,64,14,1,5,1,32,21,178,97,27.7124172,-97.40473408,,,,,HOLLY RD,3980,,,,,,,,,,,,,,Y,N,N,5,9,Y,SAT,,,,,,,,,,,,,,,,,,,,,,,,,,,,,,,,,,,,,,,,,,,,,,,,,,,,,,,,0,0,0,3,0,0,0,96,,,
13256980,N,N,N,N,N,N,N,4/22/2013,3:46 PM,A2013040056,,142,99,N,Y,28.43335,-99.23137,19,,,1,,,GOFT,ST,N,N,30,N,N,,Y,19,,,1,,,POOLE,ST,,,,,,,11,1,2,,1,1,8,3:46 PM,RADIO DISPATCHED,3:55 PM,4/22/2013,N,14200000,1615,,,,8,2,2,19,64,38,1,5,1,21,21,142,99,28.43331519,-99.23133217,,,,,GOFT ST,201,,,,,,,,,POOLE ST,,,,,Y,N,Y,3,3,Y,MON,,,,,,,,,,,,,,,,,,,,,,,,,,,,,,,,,,,,,,,,,,,,,,,,,,,,,,,,0,0,1,5,0,1,0,,,,
13257082,N,N,N,N,N,N,N,5/3/2013,6:01 PM,2013-123-013,,246,169,N,N,,,19,,,1,1000,E,UNIVERSITY,AVE,N,N,35,N,N,,Y,19,,,1,1100,,MAPLE,ST,,,,,1100 MAPLE ST,,11,1,4,3,2,1,5,6:04 PM,DISPATCH,6:24 PM,5/3/2013,N,TX2460200,1351,21,93,112,8,1,1,1,64,54,1,2,1,21,21,246,169,30.63336638,-97.66799266,SH,29,,134.335,SH0029,998,337,2,22.405,556,-0.588,,,,MAPLE ST,,,,,Y,Y,N,3,7,Y,FRI,2,0,0,0,0,2,4,100,47,44,4,2,2,1,0,0,1,0,0,0,0,4,14,13063,2014,13063,4.1,10.3,14.4,,,,,,,,,,,,,,,,,,,,,,,,,,,0,0,1,0,1,1,0,90,,,
13257304,N,N,N,Y,N,N,N,4/28/2013,3:13 AM,13-013247,,240,254,N,Y,,,19,,,1,2200,,JEFFERSON,ST,N,N,30,N,N,,N,19,,,1,,,SAN IGNACIO,AVE,,,,,,446796H,12,4,0,,1,1,11,3:13 AM,VIS MCT COMPUTER,3:37 AM,4/28/2013,Y,TX2400100,1644,,,,8,7,4,1,24,54,1,5,2,17,21,240,254,27.52368538,-99.51805213,,,,,JEFFERSON ST,2300,,,,,,,,,,,,,,Y,N,N,5,8,Y,SUN,,,,,,,,,,,,,,,,,,,,,,,,,,,,,,,,,,,,,,,,,,,,,,,,,,446796H,UP,,8,,,0,0,0,1,0,0,0,205,,,