Crash_ID,Crash_Fatal_Fl,Cmv_Involv_Fl,Schl_Bus_Fl,Rr_Relat_Fl,Medical_Advisory_Fl,Amend_Supp_Fl,Active_School_Zone_Fl,Crash_Date,Crash_Time,Case_ID,Local_Use,Rpt_CRIS_Cnty_ID,Rpt_City_ID,Rpt_Outside_City_Limit_Fl,Thousand_Damage_Fl,Rpt_Latitude,Rpt_Longitude,Rpt_Rdwy_Sys_ID,Rpt_Hwy_Num,Rpt_Hwy_Sfx,Rpt_Road_Part_ID,Rpt_Block_Num,Rpt_Street_Pfx,Rpt_Street_Name,Rpt_Street_Sfx,Private_Dr_Fl,Toll_Road_Fl,Crash_Speed_Limit,Road_Constr_Zone_Fl,Road_Constr_Zone_Wrkr_Fl,Rpt_Street_Desc,At_Intrsct_Fl,Rpt_Sec_Rdwy_Sys_ID,Rpt_Sec_Hwy_Num,Rpt_Sec_Hwy_Sfx,Rpt_Sec_Road_Part_ID,Rpt_Sec_Block_Num,Rpt_Sec_Street_Pfx,Rpt_Sec_Street_Name,Rpt_Sec_Street_Sfx,Rpt_Ref_Mark_Offset_Amt,Rpt_Ref_Mark_Dist_Uom,Rpt_Ref_Mark_Dir,Rpt_Ref_Mark_Nbr,Rpt_Sec_Street_Desc,Rpt_CrossingNumber,Wthr_Cond_ID,Light_Cond_ID,Entr_Road_ID,Road_Type_ID,Road_Algn_ID,Surf_Cond_ID,Traffic_Cntl_ID,Investigat_Notify_Time,Investigat_Notify_Meth,Investigat_Arrv_Time,Report_Date,Investigat_Comp_Fl,ORI_Number,Investigat_Agency_ID,Investigat_Area_ID,Investigat_District_ID,Investigat_Region_ID,Bridge_Detail_ID,Harm_Evnt_ID,Intrsct_Relat_ID,FHE_Collsn_ID,Obj_Struck_ID,Othr_Factr_ID,Road_Part_Adj_ID,Road_Cls_ID,Road_Relat_ID,Phys_Featr_1_ID,Phys_Featr_2_ID,Cnty_ID,City_ID,Latitude,Longitude,Hwy_Sys,Hwy_Nbr,Hwy_Sfx,Dfo,Street_Name,Street_Nbr,Control,Section,Milepoint,Ref_Mark_Nbr,Ref_Mark_Displ,Hwy_Sys_2,Hwy_Nbr_2,Hwy_Sfx_2,Street_Name_2,Street_Nbr_2,Control_2,Section_2,Milepoint_2,Txdot_Rptable_Fl,Onsys_Fl,Rural_Fl,Crash_Sev_ID,Pop_Group_ID,Located_Fl,Day_of_Week,Hwy_Dsgn_Lane_ID,Hwy_Dsgn_Hrt_ID,Hp_Shldr_Left,Hp_Shldr_Right,Hp_Median_Width,Base_Type_ID,Nbr_Of_Lane,Row_Width_Usual,Roadbed_Width,Surf_Width,Surf_Type_ID,Curb_Type_Left_ID,Curb_Type_Right_ID,Shldr_Type_Left_ID,Shldr_Width_Left,Shldr_Use_Left_ID,Shldr_Type_Right_ID,Shldr_Width_Right,Shldr_Use_Right_ID,Median_Type_ID,Median_Width,Rural_Urban_Type_ID,Func_Sys_ID,Adt_Curnt_Amt,Adt_Curnt_Year,Adt_Adj_Curnt_Amt,Pct_Single_Trk_Adt,Pct_Combo_Trk_Adt,Trk_Aadt_Pct,Curve_Type_ID,Curve_Lngth,Cd_Degr,Delta_Left_Right_ID,Dd_Degr,Feature_Crossed,Structure_Number,I_R_Min_Vert_Clear,Approach_Width,Bridge_Median_ID,Bridge_Loading_Type_ID,Bridge_Loading_In_1000_Lbs,Bridge_Srvc_Type_On_ID,Bridge_Srvc_Type_Under_ID,Culvert_Type_ID,Roadway_Width,Deck_Width,Bridge_Dir_Of_Traffic_ID,Bridge_Rte_Struct_Func_ID,Bridge_IR_Struct_Func_ID,CrossingNumber,RRCo,Poscrossing_ID,WDCode_ID,Standstop,Yield,Incap_Injry_Cnt,Nonincap_Injry_Cnt,Poss_Injry_Cnt,Non_Injry_Cnt,Unkn_Injry_Cnt,Tot_Injry_Cnt,Death_Cnt,MPO_ID,Investigat_Service_ID,Investigat_DA_ID,Investigator_Narrative
13267638,N,N,N,N,N,N,N,5/2/2013,3:55 PM,131221199,,227,22,N,Y,,,19,,,1,4800,,BRAKER,LN,N,N,45,N,N,,Y,19,,,,,,JOLLYVILLE,RD,,,,,,,11,1,4,,1,1,5,3:22 PM,DISPATCHED,4:01 PM,5/2/2013,Y,TX2270100,74,,46,64,8,2,1,34,64,54,1,5,1,21,21,227,22,30.40069475,-97.74884246,,,,,W BRAKER LN,4998,,,,,,,,,JOLLYVILLE RD,,,,,Y,N,N,2,9,Y,THU,,,,,,,,,,,,,,,,,,,,,,,,,,,,,,,,,,,,,,,,,,,,,,,,,,,,,,,,0,1,1,0,0,2,0,90,,,
13267673,N,N,N,N,N,N,N,4/30/2013,8:30 PM,13-1202036,DWI,227,22,N,Y,,,2,183,,2,10800,N,SVRD SB,,N,N,0,N,N,,Y,2,183,,,,N,SVRD NB,,,,,,,,11,4,98,2,1,1,9,8:24 PM,COMPUTER,8:28 PM,4/30/2013,Y,TX2270100,74,,46,64,8,2,2,14,64,54,2,2,1,21,21,246,22,30.46798053,-97.796762,US,183,,307.598,US0183,,151,5,26.875,500,0.893,SH,45,,SH0045,,,,,Y,Y,N,5,9,Y,TUE,5,0,0,0,30,2,6,220,72,72,4,2,2,1,0,0,1,0,0,2,30,4,12,97756,2014,97756,7.7,4,11.8,,,,,,,,,,,,,,,,,,,,,,,,,,,0,0,0,3,0,0,0,90,,,
13267684,N,N,N,N,N,N,N,5/1/2013,11:23 AM,13-1210777,,227,22,N,Y,,,19,,,1,800,,BRENTWOOD,ST,N,N,30,N,N,,N,19,,,,,,WILD,ST,,,,,,,11,1,0,,1,1,1,11:24 AM,RADIO,11:29 AM,5/1/2013,Y,TX2270100,74,,,289,8,2,3,10,64,14,1,5,1,32,21,227,22,30.33428576,-97.72190231,,,,,BRENTWOOD ST,855,,,,,,,,,,,,,,Y,N,N,5,9,Y,WED,,,,,,,,,,,,,,,,,,,,,,,,,,,,,,,,,,,,,,,,,,,,,,,,,,,,,,,,0,0,0,2,0,0,0,90,,,
13267811,N,N,N,N,N,N,N,4/10/2013,4:50 PM,130047615,0,101,1666,Y,Y,,,19,,,1,10200,,VETERANS MEMORIAL,DR,N,N,45,N,N,MAIN,N,15,,,,,,FORESTBURG,DR,,,,,MAIN,,2,1,0,,1,2,1,5:01 PM,FLAGGED DOWN,5:01 PM,4/10/2013,Y,TX1010000,1419,220,4,5,8,2,1,24,64,47,1,4,1,21,21,101,1666,29.91686769,-95.44396041,,,,,VETERANS MEMORIAL RD,10101,,,,,,,,,FORESTBURG DR,,,,,Y,N,Y,5,0,Y,WED,,,,,,,,,,,,,,,,,,,,,,,,,,,,,,,,,,,,,,,,,,,,,,,,,,,,,,,,0,0,0,5,0,0,0,15,,,
13267817,N,N,N,N,N,N,N,5/7/2013,4:00 PM,1303947,,16,1581,Y,Y,,,19,,,1,5000,,SMITH WEST RANCH ROAD,,N,N,35,N,N,,Y,17,,,1,,,FOREMAN,RD,,,,,,,11,1,0,,6,1,1,4:44 PM,DISPATCHED,5:25 PM,5/10/2013,Y,TX0160000,126,,,,8,7,4,1,62,54,1,5,2,21,21,16,1581,30.44398477,-98.48948227,,,,,SMITH WEST RANCH RD,4606,,,,,,,,,,,,,,Y,N,Y,5,0,Y,TUE,,,,,,,,,,,,,,,,,,,,,,,,,,,,,,,,,,,,,,,,,,,,,,,,,,,,,,,,0,0,0,1,0,0,0,,,,
13267830,N,N,N,N,N,N,N,5/6/2013,7:35 AM,2.01E+11,,57,357,N,Y,,,19,,,1,600,,CENTENNIAL,BLVD,N,N,40,N,N,,N,19,,,1,800,,CRESSIDE,LN,,,,,,,11,1,0,,1,1,20,7:40 AM,RADIO DISPATCHED,7:49 AM,5/6/2013,Y,TX0572000,2011,,8,134,8,2,2,22,64,38,1,5,1,21,21,57,357,32.93728906,-96.71705333,,,,,CENTENNIAL BLVD,665,,,,,,,,,CRESSIDE LN,,,,,Y,N,N,5,8,Y,MON,,,,,,,,,,,,,,,,,,,,,,,,,,,,,,,,,,,,,,,,,,,,,,,,,,,,,,,,0,0,0,3,0,0,0,282,,,
13267949,N,N,N,N,N,N,N,4/21/2013,2:14 PM,2.01E+11,B/B,43,357,N,Y,,,2,75,,1,2900,N,CENTRAL,EXPY,N,N,60,N,N,,N,19,,,,,W,RENNER,RD,,,,,,,11,1,0,2,1,1,20,2:15 PM,DISPATCHED,2:18 PM,4/21/2013,Y,TX0572000,2011,,19,114,8,2,4,20,56,54,1,2,1,21,21,43,357,32.99361024,-96.70967012,US,75,,60.231,US0075,,47,6,14.044,254,-0.104,,,,,,,,,Y,Y,N,2,8,Y,SUN,5,0,12,10,28,3,8,300,140,96,5,0,0,2,24,5,2,20,5,2,4,4,12,241330,2014,241330,2.8,5.4,8.3,,,,,,,,,,,,,,,,,,,,,,,,,,,0,1,1,5,1,2,0,282,,,
13268143,N,N,N,N,N,N,N,4/21/2013,4:00 AM,1300006701,,101,208,N,Y,,,2,290,,2,17400,W,NORTHWEST SR,FWY,N,N,45,Y,N,,N,19,,,,8000,,JONES,RD,,,,,,,11,4,0,2,1,1,5,4:00 AM,DISPATCHED,4:20 AM,4/21/2013,Y,10157,1537,,8,36,8,2,2,21,64,49,2,2,1,21,21,101,223,29.89064678,-95.58479405,US,290,,264.081,US0290,,50,8,23.026,730,-0.832,,,,JONES RD,,,,,Y,Y,N,3,4,Y,SUN,5,1,8,10,58,3,6,330,112,72,5,0,0,2,18,5,2,18,5,3,40,4,12,160487,2014,160487,5.1,7.4,12.4,,,,,,,,,,,,,,,,,,,,,,,,,,,0,0,1,1,0,1,0,15,,,
13268251,N,N,N,N,N,N,N,3/29/2013,10:00 PM,130043435,0,101,1666,Y,Y,,,4,1960,,1,525,W,NOT REPORTED,,Y,N,0,N,N,,N,19,,,,,,IMPERIAL VALLEY,,,,,,,,0,4,98,,1,1,1,11:23 AM,DISPATCHED,11:58 AM,4/2/2013,N,TX1010000,1419,220,4,5,8,4,4,5,64,54,7,9,5,33,21,101,1666,,,FM,1960,,,FM1960,,,,,,,,,,,,,,,N,Y,Y,0,0,N,FRI,,,,,,,,,,,,,,,,,,,,,,,,,,,,,,,,,,,,,,,,,,,,,,,,,,,,,,,,0,0,0,0,1,0,0,,,,
13268472,N,N,N,N,N,N,N,5/7/2013,5:07 AM,13-1270242,,227,22,N,Y,,,1,35,,3,6800,S,SCRD SB ON RAMP,,N,N,50,N,N,,N,19,,,,,,WILLIAM CANNON,,,,,,,,11,4,3,2,4,1,20,5:07 AM,DISPATCHED,5:08 AM,5/7/2013,Y,TX2270100,74,,131,9,8,7,4,1,23,3,2,1,2,21,21,227,22,30.18752308,-97.77263766,IH,35,,228.063,IH0035,,15,13,11.617,229,-0.419,,,,,,,,,Y,Y,N,3,9,Y,TUE,5,0,3,10,36,2,6,300,98,72,4,0,0,2,6,5,2,20,5,,30,4,11,142526,2014,142526,4.9,8,13,,,,,,,,,,,,,,,,,,,,,,,,,,,0,0,2,0,0,2,0,90,,,
13268501,N,N,N,N,N,N,N,5/3/2013,8:25 AM,131230487,,227,22,N,Y,,,4,620,,1,10600,N,NOT REPORTED,,N,N,60,N,N,,N,19,,,,11800,,WINDY RIDGE,RD,,,,,,,11,1,0,1,1,1,11,8:25 AM,DISPATCHED,8:38 AM,5/3/2013,Y,TX2270100,74,22,46,64,8,10,4,1,1,31,1,3,1,21,21,227,1792,30.44572304,-97.83206146,RM,620,,16.221,RM0620,,683,2,16.266,540,0.547,,,,,,,,,Y,Y,Y,2,0,Y,FRI,2,0,0,0,0,2,2,120,24,24,4,0,0,1,0,0,1,0,0,0,0,4,14,34766,2014,34766,1.3,1.7,3,,,,,,,,,,,,,,,,,,,,,,,,,,,0,1,0,0,0,1,0,90,,,
13268573,N,N,N,N,N,N,N,5/2/2013,12:31 PM,0053753413X,,101,208,N,Y,,,19,,,1,200,,HEIGHTS,BLVD,N,N,35,N,N,,N,1,10,,,,W,KATY SER S,FWY,,,,,,,11,1,0,,1,1,20,12:45 PM,DISP,12:50 PM,5/3/2013,Y,TXHPD0000,2469,14,121,33,8,2,2,21,64,9,2,1,1,21,21,101,208,29.78874257,-95.3978014,,,,,HEIGHTS BLVD,,,,,,,IH,10,,IH0010,,,,,Y,N,N,5,9,Y,THU,,,,,,,,,,,,,,,,,,,,,,,,,,,,,,,,,,,,,,,,,,,,,,,,,,,,,,,,0,0,0,2,0,0,0,15,,,
13268709,N,N,N,N,N,N,N,4/27/2013,1:04 PM,2013-25497,,108,132,N,Y,,,4,1925,,1,2800,W,MONTE CRISTO,RD,N,N,45,N,N,,Y,4,2061,,1,3600,N,MCCOLL,RD,,,,,,,11,1,0,,1,1,20,1:04 PM,DISPATCHED,1:12 PM,4/29/2013,Y,TX1080400,1248,,,35,8,2,1,34,64,54,1,3,1,21,21,108,132,,,FM,1925,,,FM1925,,,,,,,FM,2061,,FM2061,,,,,Y,Y,N,3,7,N,SAT,,,,,,,,,,,,,,,,,,,,,,,,,,,,,,,,,,,,,,,,,,,,,,,,,,,,,,,,0,0,1,2,0,1,0,,,,
13268842,N,Y,N,N,N,N,N,5/4/2013,9:07 AM,109772A,,57,107,N,Y,,,1,35,,1,11500,N,STEMMONS,FWY,N,N,60,Y,N,,N,1,635,,,2500,,LYNDON B JOHNSON,FWY,,,,,,,11,1,0,2,1,1,1,9:16 AM,DISPATCHED,9:20 AM,5/4/2013,Y,TX0000006,2471,,,59,8,2,4,21,64,49,1,1,1,21,21,57,107,32.89339328,-96.89805004,IH,35,E,68.148,IH0035E,,196,3,27.212,439,0.207,,,,,,,,,Y,Y,N,5,9,Y,SAT,5,0,10,10,24,3,10,400,160,110,6,0,0,2,20,5,2,20,5,2,4,4,11,193056,2014,193056,3.2,6.1,9.3,,,,,,,,,,,,,,,,,,,,,,,,,,,0,0,0,1,1,0,0,282,,,
13269082,N,N,N,N,N,N,N,5/2/2013,11:32 AM,,,3,1568,Y,Y,31.22263,-94.77206,2,59,,1,,,NOT REPORTED,,N,N,55,N,N,,N,4,2108,,,,,NOT REPORTED,,,,,,,,11,1,0,2,4,1,11,11:34 AM,DISPATCHED,11:37 AM,5/5/2013,Y,,10000,8,58,1,8,7,4,1,22,54,1,2,2,21,21,3,597,31.22327607,-94.77191576,US,59,,191.963,US0059,,176,3,7.55,396,0.904,,,,,,,,,Y,Y,Y,5,1,Y,THU,3,0,4,10,34,9,4,180,78,50,6,0,0,2,8,5,2,20,5,3,26,1,2,24876,2014,24876,3,27.2,30.2,,,,,,,,,,,,,,,,,,,,,,,,,,,0,0,0,1,0,0,0,,,,
13269129,N,N,N,N,N,Y,N,5/4/2013,10:53 PM,,,3,1568,Y,Y,31.45126,-94.86626,2,69,,1,,,NOT REPORTED,,N,N,75,N,N,,Y,3,7,,4,,,NOT REPORTED,,,,,,,,11,4,2,3,2,1,8,10:56 PM,DISPATCH,11:05 PM,11/20/2013,Y,,10000,8,58,1,8,2,1,10,64,54,1,2,1,21,21,3,1568,31.45142555,-94.86673737,US,69,,206.113,US0069,,199,4,14.187,406,0.257,SH,7,,SH0007,,553,2,0.039,Y,Y,Y,3,0,Y,SAT,2,0,10,10,0,2,4,140,84,64,4,0,0,2,10,5,2,10,5,0,0,1,2,7264,2014,7264,4,10.4,14.5,,,,,,,,,,,,,,,,,,,,,,,,,,,0,0,1,3,0,1,0,,,,
13269536,N,N,N,N,N,N,N,5/10/2013,9:05 PM,13001000,,107,624,N,Y,,,3,31,,1,100,,31,HWY,N,N,45,N,N,,Y,4,315,,1,100,,FARM TO MARKET 315,RD,,,,,,,11,4,98,3,1,1,5,9:08 PM,DROVE UPON ACCIDENT,9:08 PM,5/12/2013,Y,TX1070600,235,,,,8,2,1,34,64,54,1,2,1,21,21,107,624,32.30793381,-95.47998047,SH,31,,108.245,SH0031,107,164,3,40.466,686,0.391,FM,315,,FM0315,,559,2,3.288,Y,Y,Y,5,3,Y,FRI,2,0,0,0,0,2,4,80,68,64,4,2,2,1,0,0,1,0,0,0,0,1,2,12470,2014,12470,11.7,6.6,18.3,,,,,,,,,,,,,,,,,,,,,,,,,,,0,0,0,3,0,0,0,,,,
13269579,N,N,N,N,N,N,N,4/20/2013,10:30 AM,2013-07914,,239,48,N,Y,,,17,,,7,1700,E,STONE,ST,Y,N,15,N,N,CEMENT,N,19,,,1,1700,E,STONE,ST,,,,,BLACKTOP,,11,1,0,,1,1,17,10:32 AM,DISPATCH,10:37 AM,4/20/2013,Y,TX2390100,156,,,,8,4,4,4,64,12,7,9,5,33,21,239,48,,,,,,,E STONE ST,,,,,,,,,,,,,,,N,N,N,5,5,N,SAT,,,,,,,,,,,,,,,,,,,,,,,,,,,,,,,,,,,,,,,,,,,,,,,,,,,,,,,,0,0,0,1,0,0,0,,,,
13269590,N,N,N,N,N,N,N,5/12/2013,3:41 AM,13-21420,,108,331,N,Y,,,19,,,1,700,W,SAM HOUSTON,AVE,N,N,30,N,N,,Y,19,,,1,700,S,FLAG,ST,,,,,,,12,4,0,,1,2,20,3:41 AM,RADIO DISPATCHED,3:51 AM,5/12/2013,Y,1081100,1926,42,93,112,8,7,2,1,29,54,1,5,2,21,21,108,331,26.18902563,-98.1936025,,,,,W SAM HOUSTON ST,704,,,,,,,,,S FLAG ST,,,,,Y,N,N,5,7,Y,SUN,,,,,,,,,,,,,,,,,,,,,,,,,,,,,,,,,,,,,,,,,,,,,,,,,,,,,,,,0,0,0,1,0,0,0,230,,,
13269700,N,N,N,N,N,N,N,5/5/2013,12:23 PM,13-004544,,20,326,N,Y,,,19,,,1,1600,,CULLEN,PKWY,N,N,45,N,N,,N,19,,,1,8300,,BROOKSIDE,DR,,,,,,,11,1,4,2,1,1,5,12:23 PM,DISPATCH,12:33 PM,5/5/2013,Y,TX0201000,1917,,,,8,2,2,22,64,38,1,3,1,21,21,20,326,29.58159874,-95.35180903,FM,865,,8.553,FM0865,,976,2,0.271,482,0.237,,,,BROOKSIDE RD,,,,,Y,Y,N,5,7,Y,SUN,3,0,0,0,14,3,4,100,48,48,5,1,2,1,0,0,1,0,0,1,14,4,14,18356,2014,18356,10.6,12.8,23.4,1,145,2,1,15,,,,,,,,,,,,,,,,,,,,,,0,0,0,5,0,0,0,15,,,
13269902,N,N,N,N,N,N,N,5/3/2013,2:00 PM,130024435,HIT AND RUN,220,19,N,Y,,,19,,,1,2409,,LEXINGTON,DR,N,N,30,N,N,,N,19,,,,1000,,GRANTS,PKWY,,,,,,,11,1,0,,4,1,1,6:44 PM,DISPATCHED,6:56 PM,5/3/2013,N,TX2200100,59,,8,134,8,4,4,1,64,54,1,5,1,21,21,220,19,32.70498959,-97.09355944,,,,,LEXINGTON DR,2409,,,,,,,,,,,,,,Y,N,N,0,9,Y,FRI,,,,,,,,,,,,,,,,,,,,,,,,,,,,,,,,,,,,,,,,,,,,,,,,,,,,,,,,0,0,0,0,1,0,0,282,,,
13269981,N,N,N,N,N,N,N,5/10/2013,2:20 PM,13-16169,,152,270,N,Y,,,11,289,,1,4400,S,LOOP 289,LOOP,N,N,60,N,N,,N,19,,,1,7000,,QUAKER,AVE,,,,,,,12,1,0,2,1,2,20,2:32 PM,POLICE RADIO,2:56 PM,5/10/2013,Y,TX1520200,1706,,,,8,7,4,1,39,1,1,2,4,21,21,152,270,33.53110981,-101.9074151,SL,289,,23.492,SL0289,,783,1,12.285,311,0.437,,,,,,,,,Y,Y,N,5,8,Y,FRI,5,0,10,10,23,2,6,300,114,72,4,0,0,2,20,5,2,20,5,2,3,4,12,69017,2014,69017,5.8,13.2,18.9,,,,,,,,,,,,,,,,,,,,,,,,,,,0,0,0,1,0,0,0,122,,,
13270019,N,N,N,N,N,N,N,5/10/2013,11:43 PM,2013-011461,,123,30,N,N,,,19,,,1,4800,,HELBIG,,N,N,30,N,N,,N,19,,,1,4700,,HOLST,RD,,,,,,,11,3,0,,1,2,20,11:45 PM,DISPATCHED,11:50 PM,5/10/2013,Y,TX1230100,104,,,,8,2,4,30,64,54,1,5,1,21,21,123,30,30.16033174,-94.15656424,,,,,HELBIG RD,8217,,,,,,,,,,,,,,N,N,N,5,8,Y,FRI,,,,,,,,,,,,,,,,,,,,,,,,,,,,,,,,,,,,,,,,,,,,,,,,,,,,,,,,0,0,0,5,0,0,0,135,,,
13270152,N,N,N,N,N,N,N,5/3/2013,1:31 PM,130059075,0,101,1666,Y,Y,,,19,,,1,5,,UVALDE,RD,N,N,30,N,N,,Y,19,,,1,14600,,WALLISVILLE,RD,,,,,,,11,1,4,,1,1,5,1:34 PM,DISPATCHED,1:54 PM,5/3/2013,Y,TX1010000,1419,217,4,5,8,2,1,36,64,3,1,5,1,21,21,101,1666,29.80623478,-95.18244313,,,,,UVALDE RD,,,,,,,,,,WALLISVILLE RD,,,,,Y,N,Y,5,0,Y,FRI,,,,,,,,,,,,,,,,,,,,,,,,,,,,,,,,,,,,,,,,,,,,,,,,,,,,,,,,0,0,0,2,0,0,0,15,,,
13270540,N,N,N,N,N,N,N,4/18/2013,3:58 PM,13041814,,181,441,N,Y,,,1,10,,1,,,NOT REPORTED,,N,N,75,N,N,,N,1,10,,,,W,FREEWAY,,0.5,M,W,860,,,2,1,0,2,3,2,20,3:58 PM,DISPATCH,4:08 PM,4/18/2013,Y,TX1810400,2368,17,81,106,8,2,4,20,64,54,1,1,1,21,21,181,441,30.11817834,-94.03620766,IH,10,,858.395,IH0010,,28,9,14.499,860,-0.5,,,,,,,,,Y,Y,N,5,5,Y,THU,5,0,8,12,20,9,6,300,112,72,5,0,0,2,16,5,2,24,5,2,4,3,11,68809,2014,68809,5,2.6,7.6,,,,,,,,,,,,,,,,,,,,,,,,,,,0,0,0,1,0,0,0,135,,,
13270940,N,N,N,N,N,N,N,5/14/2013,8:05 AM,13051877,,31,53,N,Y,,,19,,,1,1700,E,PRICE,RD,N,N,30,N,N,,N,19,,,,1800,,VETERANS,BLVD,,,,,,,11,1,0,,1,1,20,8:12 AM,DISPATCH,8:21 AM,5/14/2013,Y,TX0310100,172,,211,27,8,2,4,21,64,9,1,5,1,21,21,31,53,25.93583566,-97.49363268,,,,,E PRICE RD,1700,,,,,,,,,,,,,,Y,N,N,5,8,Y,TUE,,,,,,,,,,,,,,,,,,,,,,,,,,,,,,,,,,,,,,,,,,,,,,,,,,,,,,,,0,0,0,4,0,0,0,248,,,
13271024,N,N,N,N,N,N,N,5/14/2013,1:24 PM,13-11417,,158,28,N,Y,,,3,60,,1,2300,,F,AVE,N,N,30,N,N,,Y,19,,,1,1700,,5TH,ST,,,,,,,11,1,0,3,1,1,1,1:24 PM,DISPATCHED,1:25 PM,5/14/2013,Y,TX1610100,93,,,35,8,2,1,34,64,3,1,2,1,21,21,158,28,28.98082472,-95.96997941,SH,60,,48.997,SH0060,,241,2,11.802,532,0.818,,,,5TH ST,,,,,Y,Y,N,3,5,Y,TUE,2,0,12,12,0,9,4,100,72,48,6,1,1,2,12,2,2,12,2,0,0,2,14,10195,2014,10195,2.7,6.1,8.8,,,,,,,,,,,,,,,,,,,,,,,,,,,0,0,1,2,0,1,0,,,,
13271076,N,N,N,N,N,N,N,4/27/2013,7:00 PM,,,227,1792,Y,Y,30.35257,-97.59278,4,734,,1,8200,E,PARMER,LN,N,N,65,N,N,,Y,12,130,,2,,,NOT REPORTED,,,,,,,,11,5,4,2,1,1,5,7:34 PM,TRAVIS CO. COMM,7:45 PM,5/1/2013,Y,,10000,17,22,1,8,2,1,34,23,54,1,2,1,21,21,227,1792,30.35240173,-97.59226227,SH,130,,25.054,SH0130,,440,6,33.142,436,0.598,FM,734,,FM0734,,,,,Y,Y,Y,1,0,Y,SAT,5,3,4,10,143,3,4,350,76,48,5,0,0,2,8,5,2,20,5,3,135,4,12,22216,2014,22216,11.4,5.9,17.3,,,,,,,,,,,,,,,,,,,,,,,,,,,1,1,0,2,0,2,0,90,,,
13271182,N,N,N,N,N,N,N,4/30/2013,4:50 PM,0052917913O,,101,208,N,Y,,,1,610,,2,8500,W,WEST LP S SER W,,N,N,40,N,N,,Y,19,,,1,,,BEECHNUT,ST,,,,,,,11,1,0,,1,1,20,5:05 PM,DISPATCH,5:10 PM,5/15/2013,Y,TXHPD0000,2469,16,125,40,8,2,1,25,64,54,2,1,1,21,21,101,208,,,IH,610,,,IH0610,,,,,,,,,,BEECHNUT ST,,,,,Y,Y,N,5,9,N,TUE,,,,,,,,,,,,,,,,,,,,,,,,,,,,,,,,,,,,,,,,,,,,,,,,,,,,,,,,0,0,0,3,0,0,0,,,,
13271252,N,N,N,N,N,N,N,5/16/2013,4:15 PM,121302A,,61,107,N,Y,,,19,,,1,2700,,FRANKFORD,RD,N,N,40,N,N,,N,19,,,,12800,,RENAISSANCE,DR,,,,,,,11,1,0,,1,1,20,4:23 PM,DISPATCHED,4:33 PM,5/16/2013,Y,TX0000006,2471,,,59,8,10,4,1,1,31,1,5,1,21,21,61,107,32.99690212,-96.86445589,,,,,FRANKFORD RD,,,,,,,,,,,,,,,Y,N,N,2,9,Y,THU,,,,,,,,,,,,,,,,,,,,,,,,,,,,,,,,,,,,,,,,,,,,,,,,,,,,,,,,0,1,0,0,0,1,0,282,,,
13271344,N,N,N,N,N,Y,N,5/16/2013,9:22 AM,0060289413T,FSGI,101,208,N,Y,,,19,,,1,5127,,HEATHERCREST,,N,N,30,N,N,DRY CONCRETE,N,19,,,,14000,,CANDLESHADE,RD,,,,,,,11,1,0,,1,1,11,9:22 AM,DISPATCHER,9:36 AM,6/7/2013,Y,TXHPD0000,2469,24,125,81,8,4,4,1,34,54,1,5,2,21,21,101,208,29.62093952,-95.45860596,,,,,HEATHERCREST DR,5182,,,,,,,,,,,,,,Y,N,N,5,9,Y,THU,,,,,,,,,,,,,,,,,,,,,,,,,,,,,,,,,,,,,,,,,,,,,,,,,,,,,,,,0,0,0,3,0,0,0,15,,,
13271440,N,Y,N,N,N,N,N,5/7/2013,6:29 PM,,13-063205,57,107,N,Y,,,1,30,,1,100,,TOM LANDRY,FWY,N,N,60,N,N,,N,1,35,,5,300,,STEMMONS,FWY,,,,,,,11,1,98,2,1,1,11,6:32 PM,RADIO DISPATCHED,6:35 PM,5/7/2013,Y,TX0570000,1169,,6,22,8,2,1,10,64,54,5,1,1,21,21,57,107,32.76913271,-96.80634869,IH,30,,45.326,IH0030,,9,11,3.089,45,0.258,IH,35,E,IH0035E,,,,,Y,Y,N,5,9,Y,TUE,5,1,4,10,14,9,6,300,102,72,4,0,0,2,10,5,2,20,5,2,4,4,11,164819,2014,164819,1.6,7.8,9.4,,,,,,,,,,,,,,,,,,,,,,,,,,,0,0,0,2,0,0,0,282,,,
13271494,N,N,Y,N,N,N,N,5/6/2013,3:10 PM,2013-0939,,108,1160,N,Y,,,4,1924,,1,2000,E,3 MILE LINE,RD,N,N,45,N,N,BLACK TOP,N,19,,,,4300,N,GLASSCOCK,RD,,,,,BLACK TOP,,11,1,0,3,1,1,1,3:10 PM,DISPATCHED,3:12 PM,5/6/2013,Y,TX1083500,1898,,,,8,2,4,22,64,48,1,3,1,21,21,108,1160,26.25442021,-98.28984865,FM,1924,,5.701,FM1924,412,1802,1,5.701,508,-0.31,,,,,,,,,Y,Y,Y,3,3,Y,MON,2,0,9,9,0,2,4,100,82,64,4,2,2,2,9,5,2,9,5,0,0,4,14,11632,2014,11632,1.9,0,1.9,,,,,,,,,,,,,,,,,,,,,,,,,,,0,0,1,3,0,1,0,230,,,