Crash_ID,Crash_Fatal_Fl,Cmv_Involv_Fl,Schl_Bus_Fl,Rr_Relat_Fl,Medical_Advisory_Fl,Amend_Supp_Fl,Active_School_Zone_Fl,Crash_Date,Crash_Time,Case_ID,Local_Use,Rpt_CRIS_Cnty_ID,Rpt_City_ID,Rpt_Outside_City_Limit_Fl,Thousand_Damage_Fl,Rpt_Latitude,Rpt_Longitude,Rpt_Rdwy_Sys_ID,Rpt_Hwy_Num,Rpt_Hwy_Sfx,Rpt_Road_Part_ID,Rpt_Block_Num,Rpt_Street_Pfx,Rpt_Street_Name,Rpt_Street_Sfx,Private_Dr_Fl,Toll_Road_Fl,Crash_Speed_Limit,Road_Constr_Zone_Fl,Road_Constr_Zone_Wrkr_Fl,Rpt_Street_Desc,At_Intrsct_Fl,Rpt_Sec_Rdwy_Sys_ID,Rpt_Sec_Hwy_Num,Rpt_Sec_Hwy_Sfx,Rpt_Sec_Road_Part_ID,Rpt_Sec_Block_Num,Rpt_Sec_Street_Pfx,Rpt_Sec_Street_Name,Rpt_Sec_Street_Sfx,Rpt_Ref_Mark_Offset_Amt,Rpt_Ref_Mark_Dist_Uom,Rpt_Ref_Mark_Dir,Rpt_Ref_Mark_Nbr,Rpt_Sec_Street_Desc,Rpt_CrossingNumber,Wthr_Cond_ID,Light_Cond_ID,Entr_Road_ID,Road_Type_ID,Road_Algn_ID,Surf_Cond_ID,Traffic_Cntl_ID,Investigat_Notify_Time,Investigat_Notify_Meth,Investigat_Arrv_Time,Report_Date,Investigat_Comp_Fl,ORI_Number,Investigat_Agency_ID,Investigat_Area_ID,Investigat_District_ID,Investigat_Region_ID,Bridge_Detail_ID,Harm_Evnt_ID,Intrsct_Relat_ID,FHE_Collsn_ID,Obj_Struck_ID,Othr_Factr_ID,Road_Part_Adj_ID,Road_Cls_ID,Road_Relat_ID,Phys_Featr_1_ID,Phys_Featr_2_ID,Cnty_ID,City_ID,Latitude,Longitude,Hwy_Sys,Hwy_Nbr,Hwy_Sfx,Dfo,Street_Name,Street_Nbr,Control,Section,Milepoint,Ref_Mark_Nbr,Ref_Mark_Displ,Hwy_Sys_2,Hwy_Nbr_2,Hwy_Sfx_2,Street_Name_2,Street_Nbr_2,Control_2,Section_2,Milepoint_2,Txdot_Rptable_Fl,Onsys_Fl,Rural_Fl,Crash_Sev_ID,Pop_Group_ID,Located_Fl,Day_of_Week,Hwy_Dsgn_Lane_ID,Hwy_Dsgn_Hrt_ID,Hp_Shldr_Left,Hp_Shldr_Right,Hp_Median_Width,Base_Type_ID,Nbr_Of_Lane,Row_Width_Usual,Roadbed_Width,Surf_Width,Surf_Type_ID,Curb_Type_Left_ID,Curb_Type_Right_ID,Shldr_Type_Left_ID,Shldr_Width_Left,Shldr_Use_Left_ID,Shldr_Type_Right_ID,Shldr_Width_Right,Shldr_Use_Right_ID,Median_Type_ID,Median_Width,Rural_Urban_Type_ID,Func_Sys_ID,Adt_Curnt_Amt,Adt_Curnt_Year,Adt_Adj_Curnt_Amt,Pct_Single_Trk_Adt,Pct_Combo_Trk_Adt,Trk_Aadt_Pct,Curve_Type_ID,Curve_Lngth,Cd_Degr,Delta_Left_Right_ID,Dd_Degr,Feature_Crossed,Structure_Number,I_R_Min_Vert_Clear,Approach_Width,Bridge_Median_ID,Bridge_Loading_Type_ID,Bridge_Loading_In_1000_Lbs,Bridge_Srvc_Type_On_ID,Bridge_Srvc_Type_Under_ID,Culvert_Type_ID,Roadway_Width,Deck_Width,Bridge_Dir_Of_Traffic_ID,Bridge_Rte_Struct_Func_ID,Bridge_IR_Struct_Func_ID,CrossingNumber,RRCo,Poscrossing_ID,WDCode_ID,Standstop,Yield,Incap_Injry_Cnt,Nonincap_Injry_Cnt,Poss_Injry_Cnt,Non_Injry_Cnt,Unkn_Injry_Cnt,Tot_Injry_Cnt,Death_Cnt,MPO_ID,Investigat_Service_ID,Investigat_DA_ID,Investigator_Narrative
13275166,N,N,N,N,N,N,N,5/18/2013,8:14 PM,2.01E+11,,178,338,N,Y,,,3,361,,1,2400,S,HIGHWAY 361,HWY,N,N,45,N,N,,Y,19,,,1,300,E,ROYAL PALM,LN,,,,,,,12,1,2,1,1,1,1,8:14 PM,DISPATCH RADIO,8:15 PM,5/18/2013,Y,TX1780500,1947,,,35,8,2,2,22,64,47,1,2,1,21,21,178,338,27.8136623,-97.07666772,SH,361,,18.945,SH0361,2499,2263,3,11.157,624,-0.869,,,,ROYAL PALM DR,,,,,Y,Y,Y,2,3,Y,SAT,2,0,10,10,0,2,2,120,44,24,4,0,0,2,10,5,2,10,5,0,0,1,6,8208,2014,8208,8.2,1,9.2,,,,,,,,,,,,,,,,,,,,,,,,,,,0,3,1,3,0,4,0,,,,
13275243,N,N,N,N,N,N,N,5/18/2013,9:40 PM,,,1,1566,Y,Y,31.63425,-95.54668,4,1817,,1,,,NOT REPORTED,,N,N,60,N,N,,N,4,2419,,,,,NOT REPORTED,,,,,,,,11,3,0,1,1,1,12,10:00 PM,ACSO DISPATCH,10:21 PM,5/20/2013,Y,,10000,46,28,1,8,6,4,1,1,54,1,3,1,21,21,1,1566,31.63286043,-95.54908486,FM,1817,,1.617,FM1817,1816,1784,1,1.633,664,-0.351,,,,,,,,,Y,Y,Y,3,0,Y,SAT,2,0,4,4,0,2,2,80,28,20,2,0,0,5,4,5,5,4,5,0,0,1,7,1031,2014,1031,3.5,2.9,6.3,,,,,,,,,,,,,,,,,,,,,,,,,,,0,0,1,1,0,1,0,,,,
13275327,N,N,N,N,N,N,N,5/17/2013,3:16 PM,0060898613B,,101,208,N,Y,,,2,59,,1,3100,S,EASTEX,FWY,N,N,60,N,N,,N,19,,,,1800,,ALABAMA,,,,,,,,11,1,0,,4,1,20,3:26 PM,DISPATCHED,3:34 PM,5/17/2013,Y,TXHPD0000,2469,14,113,29,8,2,4,20,64,54,1,2,1,21,21,101,208,,,US,59,,,US0059,,,,,,,,,,,,,,,Y,Y,N,5,9,N,FRI,,,,,,,,,,,,,,,,,,,,,,,,,,,,,,,,,,,,,,,,,,,,,,,,,,,,,,,,0,0,0,3,0,0,0,,,,
13275333,N,Y,Y,N,N,N,N,5/8/2013,7:50 AM,,,108,1673,Y,Y,26.2562,-98.07371,4,1423,,1,,,NOT REPORTED,,N,N,55,N,N,,Y,15,,,1,,,WISCONSIN,RD,,,,,,,11,1,4,1,1,1,20,7:54 AM,RADIO,8:13 AM,5/13/2013,Y,,10000,22,127,1,8,2,1,23,32,48,1,3,1,21,21,108,1673,26.25631872,-98.07386598,FM,1423,,2.803,FM1423,10500,1427,1,2.811,718,0.816,,,,WISCONSIN RD,,,,,Y,Y,Y,5,0,Y,WED,2,0,10,10,0,2,2,80,44,24,4,0,0,2,10,5,2,10,5,0,0,4,17,7207,2014,7207,2.4,2.9,5.3,,,,,,,,,,,,,,,,,,,,,,,,,,,0,0,0,1,1,0,0,230,,,
13275364,N,N,N,N,N,N,N,5/17/2013,3:15 PM,13052363,,31,53,N,Y,,,19,,,1,1600,,PRICE,RD,N,N,30,N,N,,N,2,77,,,900,N,FRONTAGE,RD,,,,,,,11,1,0,,1,1,20,3:49 PM,DISPATCHED,3:53 PM,5/17/2013,N,TX0310100,172,,211,27,8,2,4,21,64,9,1,5,1,21,21,31,53,25.93570004,-97.49980494,,,,,W PRICE RD,1600,,,,,,,,,,,,,,Y,N,N,5,8,Y,FRI,,,,,,,,,,,,,,,,,,,,,,,,,,,,,,,,,,,,,,,,,,,,,,,,,,,,,,,,0,0,0,1,1,0,0,248,,,
13275581,N,N,N,N,N,N,N,5/5/2013,6:30 PM,111070A,,57,107,N,N,,,19,,,1,2000,N,PRAIRIE CREEK,RD,N,N,40,N,N,,N,19,,,,100,,DONNYBROOK,,,,,,,,11,1,0,,1,1,20,7:30 PM,DISPATCHED,7:45 PM,5/5/2013,Y,tx0000006,2471,,,27,8,2,4,20,64,9,1,5,1,21,21,57,107,32.74853643,-96.66561261,,,,,N PRAIRIE CREEK RD,,,,,,,,,,,,,,,N,N,N,5,9,Y,SUN,,,,,,,,,,,,,,,,,,,,,,,,,,,,,,,,,,,,,,,,,,,,,,,,,,,,,,,,0,0,0,2,0,0,0,282,,,
13275757,N,N,N,N,N,N,N,5/14/2013,6:43 PM,13-13915,,126,78,N,Y,,,19,,,1,,S,COLONIAL,DR,N,N,30,N,N,,Y,19,,,1,,W,WESTHILL,AVE,,,,,,,11,1,4,,1,1,8,6:43 PM,DISPATCH,6:43 PM,5/14/2013,Y,TX1260300,284,,,,8,2,2,22,64,38,1,5,1,21,21,126,78,32.33170437,-97.41039244,,,,,S COLONIAL DR,801,,,,,,,,,W WESTHILL DR,,,,,Y,N,N,5,6,Y,TUE,,,,,,,,,,,,,,,,,,,,,,,,,,,,,,,,,,,,,,,,,,,,,,,,,,,,,,,,0,0,0,3,0,0,0,282,,,
13275860,N,N,N,N,N,N,N,5/12/2013,5:58 PM,2013A001194,29B,57,166,N,Y,32.88237,-96.63093,19,,,1,2900,S,FIRST,ST,N,N,40,N,N,,N,19,,,1,100,,TULIP,DR,,,,,,,11,1,98,,1,1,17,5:58 PM,DISPATCHED,6:04 PM,5/12/2013,Y,TX0571100,1344,,,105,8,2,3,10,64,14,1,5,1,32,21,57,166,32.88112307,-96.63096534,,,,,S 1ST ST,,,,,,,,,,,,,,,Y,N,N,2,8,Y,SUN,,,,,,,,,,,,,,,,,,,,,,,,,,,,,,,,,,,,,,,,,,,,,,,,,,,,,,,,0,2,0,0,0,2,0,282,,,
13275937,N,N,N,N,N,N,N,5/8/2013,8:10 PM,13-511688,,191,12,N,Y,,,19,,,1,6320,S,BELL,ST,N,N,45,N,N,ASPHALT,N,19,,,1,6000,,HYDE,PKWY,,,,,ASPHALT,,11,4,0,,1,1,1,11:13 PM,POLICE DISPATCH,11:21 PM,5/8/2013,N,,33,,,,8,2,3,10,64,14,1,5,1,32,21,191,12,35.14130231,-101.9019949,,,,,BELL ST,6324,,,,,,,,,,,,,,Y,N,N,5,8,Y,WED,,,,,,,,,,,,,,,,,,,,,,,,,,,,,,,,,,,,,,,,,,,,,,,,,,,,,,,,0,0,0,2,1,0,0,120,,,
13276350,N,N,N,N,N,N,N,5/4/2013,11:52 AM,13-013931,,240,254,N,N,,,19,,,1,1600,,GUADALUPE,,N,N,30,N,N,,N,19,,,1,1000,,MEADOW,AVE,,,,,,,11,1,0,3,1,1,5,12:09 PM,MCT DISPATCHED,12:11 PM,5/4/2013,Y,TX2400100,1644,,,27,8,2,2,22,64,36,1,2,1,21,21,240,254,27.50610504,-99.48032285,US,83,,689.461,US0083,1607,86,1,1.543,718,0.376,,,,N MEADOW AVE,,,,,N,Y,N,5,8,Y,SAT,0,0,0,0,0,2,4,120,80,48,4,0,0,1,0,0,1,0,0,4,0,4,14,32584,2014,32584,3.3,6.2,9.4,,,,,,,,,,,,,,,,,,,,,,,,,,,0,0,0,7,0,0,0,205,,,
13276480,N,N,N,N,N,N,N,5/9/2013,10:20 PM,13-005129,,21,85,N,Y,,,3,6,,1,4000,,SOUTH,,N,N,75,N,N,,N,19,,,,1906,,EAGLE,AVE,,,,,,,2,3,0,2,3,2,20,10:25 PM,DISPATCH,10:29 PM,5/9/2013,Y,,301,,,,8,7,4,1,63,54,1,2,4,21,21,21,85,30.57435602,-96.27663543,SH,6,,412.261,SH0006,,50,2,10.195,596,-0.946,,,,,,,,,Y,Y,N,1,7,Y,THU,5,0,10,12,96,2,4,250,96,48,4,0,0,2,20,5,2,24,5,3,76,3,12,24650,2014,24650,6,11.8,17.8,1,326,0,1,17,,,,,,,,,,,,,,,,,,,,,,1,0,0,0,0,1,0,249,,,
13276558,N,N,N,N,N,N,N,5/14/2013,11:47 PM,131342145,,227,22,N,Y,,,19,,,1,,E,44TH,ST,N,N,30,N,N,,Y,19,,,,,,BENNETT,AVE,,,,,,,11,3,0,,1,1,8,12:14 AM,C.A.D.,12:33 AM,5/15/2013,Y,TX2270100,74,216,10,14,8,2,1,10,64,54,1,5,1,21,21,227,22,30.30255477,-97.71866247,,,,,E 44TH ST,1012,,,,,,,,,BENNETT AVE,,,,,Y,N,N,2,9,Y,TUE,,,,,,,,,,,,,,,,,,,,,,,,,,,,,,,,,,,,,,,,,,,,,,,,,,,,,,,,0,1,0,1,0,1,0,90,,,
13276669,N,N,N,N,N,N,N,5/7/2013,11:27 PM,131272041,DWI,227,22,N,Y,,,19,,,1,5800,,JAIN,LN,N,N,25,N,N,,Y,19,,,,,,PERRY,RD,,,,,,,12,6,2,,1,1,8,11:27 PM,CALL,12:28 AM,5/8/2013,Y,TX2270100,74,,34,48,8,7,2,1,32,54,1,5,2,21,21,227,22,30.26092478,-97.68387248,,,,,JAIN LN,5900,,,,,,,,,PERRY RD,,,,,Y,N,N,2,9,Y,TUE,,,,,,,,,,,,,,,,,,,,,,,,,,,,,,,,,,,,,,,,,,,,,,,,,,,,,,,,0,1,0,0,0,1,0,90,,,
13277037,N,N,N,N,N,N,N,5/20/2013,6:55 PM,,,100,1665,Y,Y,30.34887,-94.21764,19,,,1,,S,MILLCREEK,DR,N,N,30,N,N,,N,3,327,,,,,NOT REPORTED,,,,,,,,12,1,0,,1,1,1,7:00 PM,HARDIN COUNTY SO,7:06 PM,5/20/2013,Y,,10000,3,58,1,8,6,4,1,64,54,1,4,1,21,21,100,1665,30.3485068,-94.21762861,,,,,S MILL CREEK DR,1003,,,,,,,,,,,,,,Y,N,Y,2,0,Y,MON,,,,,,,,,,,,,,,,,,,,,,,,,,,,,,,,,,,,,,,,,,,,,,,,,,,,,,,,0,1,0,0,0,1,0,135,,,
13277079,N,N,N,N,Y,N,N,5/13/2013,8:04 PM,,,229,1794,Y,Y,30.708,-94.41002,2,69,,1,,,NOT REPORTED,,N,N,75,N,N,,N,15,1069,,,,,NOT REPORTED,,,,,,,,12,5,0,1,1,1,11,8:05 PM,TYLER CO. S.O.,8:16 PM,5/13/2013,Y,,10000,3,58,1,8,10,4,1,1,3,1,2,2,21,21,229,1794,30.7080769,-94.40994719,US,69,,275.964,US0069,,200,7,5.314,476,-0.887,,,,,,,,,Y,Y,Y,5,0,Y,MON,2,0,8,8,0,3,2,120,42,26,4,0,0,2,8,5,2,8,5,0,0,1,2,7158,2014,7158,4,10.4,14.5,,,,,,,,,,,,,,,,,,,,,,,,,,,0,0,0,1,0,0,0,,,,
13277191,N,N,N,N,N,N,N,5/19/2013,3:03 PM,,,223,1788,Y,Y,33.32615,-102.15414,4,211,,1,,,NOT REPORTED,,N,N,70,N,N,,Y,4,168,,1,,,NOT REPORTED,,,,,,,,11,1,4,1,1,1,8,3:07 PM,DISPATCHED,3:28 PM,5/20/2013,Y,,10000,1,17,1,8,2,1,10,1,3,1,3,1,21,21,223,1788,33.32633591,-102.1541061,FM,168,,126.132,FM0168,498,1630,4,4.335,238,0.721,FM,211,,FM0211,,721,3,24.965,Y,Y,Y,2,0,Y,SUN,2,0,1,1,0,2,2,100,22,20,2,0,0,5,1,5,5,1,5,0,0,1,7,150,2014,150,9.3,16.7,25.9,,,,,,,,,,,,,,,,,,,,,,,,,,,0,1,0,1,0,1,0,,,,
13277193,N,N,N,N,N,N,N,5/8/2013,12:24 PM,13-014435,,240,254,N,N,,,19,,,1,2200,E,MUSSER,,N,N,30,N,N,,Y,19,,,1,2000,N,BARTLETT,AVE,,,,,,,11,1,4,,1,1,8,12:26 PM,MCT,12:29 PM,5/8/2013,Y,TX2400100,1644,,,27,8,2,1,10,64,54,1,5,1,21,21,240,254,27.51482538,-99.47417215,,,,,E MUSSER ST,2201,,,,,,,,,N BARTLETT AVE,,,,,Y,N,N,3,8,Y,WED,,,,,,,,,,,,,,,,,,,,,,,,,,,,,,,,,,,,,,,,,,,,,,,,,,,,,,,,0,0,1,1,0,1,0,205,,,
13277231,N,N,N,N,N,N,N,5/4/2013,11:55 PM,130024494,,220,19,N,Y,,,19,,,1,2100,W,SANFORD,ST,N,N,40,N,N,,N,19,,,,600,,RAINTREE,CT,,,,,,,11,4,0,,2,1,20,11:58 PM,DISPATCH,12:06 AM,5/5/2013,Y,TX2200100,59,,8,139,8,7,2,1,33,3,1,5,2,21,21,220,19,32.74328823,-97.142439,,,,,W SANFORD ST,2092,,,,,,,,,RAINTREE CT,,,,,Y,N,N,5,9,Y,SAT,,,,,,,,,,,,,,,,,,,,,,,,,,,,,,,,,,,,,,,,,,,,,,,,,,,,,,,,0,0,0,2,0,0,0,282,,,
13277232,N,N,N,N,N,N,N,5/9/2013,11:23 AM,130025540,,220,19,N,Y,,,1,30,,4,2800,E,NOT REPORTED,HWY,N,N,40,N,N,CLOVER LEAF,N,3,360,,,,,NOT REPORTED,,,,,,,,2,1,8,2,5,2,20,11:23 AM,DISPATCHED,11:32 AM,5/9/2013,Y,TX2200100,59,,8,150,8,2,4,30,64,54,4,1,1,21,21,220,19,32.75964772,-97.06511554,IH,30,,30.066,IH0030,,1068,2,29.196,30,0.082,,,,,,,,,Y,Y,N,2,9,Y,THU,5,0,11,10,40,3,6,240,112,72,6,0,0,2,20,5,2,20,5,2,20,4,11,141811,2014,141811,1.6,7.8,9.4,,,,,,,,,,,,,,,,,,,,,,,,,,,0,1,0,2,0,1,0,282,,,
13277382,N,N,N,N,Y,Y,N,4/29/2013,2:25 PM,13-02923,,15,257,N,Y,,,19,,,1,6600,,EVERS,RD,N,N,30,N,N,,Y,19,,,1,7300,,CHEVAL,,,,,,,,11,1,2,,1,1,8,2:25 PM,DISPATCHED,2:25 PM,4/29/2013,Y,TX0151000,1654,,,133,8,7,2,1,36,54,1,5,2,21,21,15,257,29.50359096,-98.61701428,,,,,EVERS RD,6600,,,,,,,,,UNKNOWN,,,,,Y,N,N,1,5,Y,MON,,,,,,,,,,,,,,,,,,,,,,,,,,,,,,,,,,,,,,,,,,,,,,,,,,,,,,,,2,0,0,0,0,2,0,28,,,
13277498,N,N,N,N,N,N,N,5/11/2013,9:30 PM,130063581,1,101,1666,Y,Y,,,17,,,7,4900,,N SAM HOUSTON PW E,,Y,N,50,N,N,PRIVATE DRIVE,N,15,5000,,,5000,,WILSON RD,,,,,,PRIVATE DRIVE,,11,4,0,,1,1,1,9:39 PM,DISPATCHED,9:39 PM,5/11/2013,Y,TX1010000,1419,151,4,5,8,4,4,4,64,12,7,9,5,33,21,101,1666,,,,,,,N SAM HOUSTON PW E,,,,,,,,,,,,,,,N,N,Y,5,0,N,SAT,,,,,,,,,,,,,,,,,,,,,,,,,,,,,,,,,,,,,,,,,,,,,,,,,,,,,,,,0,0,0,4,0,0,0,,,,
13277717,N,N,N,N,N,N,N,4/27/2013,7:28 PM,13-00001286,,84,1649,Y,Y,,,4,646,,1,1021,,GRAND,AVE,N,N,40,N,N,2 LANE WITH CENTER TURN LANE,Y,19,,,1,17,,ST,,,,,,2 LANE ROADWAY,,2,4,4,,1,2,8,7:30 PM,FLAG DOWN; DISPATCH,7:30 PM,4/27/2013,Y,TX0840000,1339,,,,8,2,1,10,34,54,1,3,1,21,21,84,1649,,,FM,646,,,FM0646,,,,,,,,,,ST,,,,,Y,Y,Y,5,0,N,SAT,,,,,,,,,,,,,,,,,,,,,,,,,,,,,,,,,,,,,,,,,,,,,,,,,,,,,,,,0,0,0,3,0,0,0,,,,
13277732,N,N,N,N,N,N,N,5/1/2013,8:10 AM,130057826,0,101,1666,Y,Y,,,15,,,1,20700,,ELLA,BLVD,N,N,40,N,N,,Y,15,,,1,21099,,FALVEL,RD,,,,,,,11,1,2,,1,1,8,8:17 AM,DISPATCHED,8:24 AM,5/1/2013,Y,TX1010000,1419,205,33,5,8,2,3,34,64,14,1,4,1,32,21,101,1666,30.07052474,-95.47651305,,,,,ELLA BLVD,21298,,,,,,,,,,,,,,Y,N,Y,3,0,Y,WED,,,,,,,,,,,,,,,,,,,,,,,,,,,,,,,,,,,,,,,,,,,,,,,,,,,,,,,,0,0,1,2,0,1,0,15,,,
13277933,N,N,N,N,N,N,N,5/9/2013,4:20 PM,C1303412,,178,97,N,N,,,19,,,1,4900,,HAMLETT,DR,N,N,30,N,N,,N,19,,,1,2800,,MCARDLE,RD,,,,,,,11,1,0,,1,1,1,4:20 PM,DISPATCHED,4:20 PM,5/9/2013,N,TX1780200,1115,,,19,8,4,4,1,64,54,1,5,1,21,21,178,97,27.73553528,-97.41839265,,,,,HAMLETT ST,4900,,,,,,,,,,,,,,N,N,N,0,9,Y,THU,,,,,,,,,,,,,,,,,,,,,,,,,,,,,,,,,,,,,,,,,,,,,,,,,,,,,,,,0,0,0,0,1,0,0,96,,,
13278050,N,N,N,N,N,N,N,5/10/2013,10:59 PM,13-000848,,14,236,N,Y,,,19,,,1,2100,,ESTELLE,AVE,N,N,30,N,N,,N,1,190,,,800,W,CENTRAL TEXAS,EXPY,,,,,,,2,4,0,,1,2,1,10:59 PM,DISPATCHED,11:05 PM,5/11/2013,Y,TX0140400,1587,,,,8,7,4,1,31,54,1,5,2,21,21,14,236,31.09458591,-97.72933646,,,,,ESTELLE CIR,2382,,,,,,,,,,,,,,Y,N,N,0,8,Y,FRI,,,,,,,,,,,,,,,,,,,,,,,,,,,,,,,,,,,,,,,,,,,,,,,,,,,,,,,,0,0,0,0,1,0,0,277,,,
13278141,N,N,N,N,N,N,N,5/13/2013,5:24 PM,1300033485,,220,179,N,Y,,,3,114,,3,1200,W,NOT REPORTED,,N,N,50,Y,Y,W/B EXIT FROM N/B (S) SH 121,N,3,26,,1,1100,,NOT REPORTED,,,,,,IRA E. WOODS AVE,,11,1,0,2,5,1,20,5:30 PM,DISPATCHED,5:39 PM,5/13/2013,Y,TX2201300,1379,,,44,8,7,4,1,39,50,3,2,4,21,21,220,179,32.92959102,-97.09312127,SH,26,,12.766,SH0026,,353,3,7.381,572,0.748,,,,,,,,,Y,Y,N,5,6,Y,MON,5,3,4,10,18,3,8,350,148,96,5,0,0,2,20,5,2,32,5,3,10,4,12,39408,2014,39408,3.2,3.5,6.7,,,,,,,,,,,,,,,,,,,,,,,,,,,0,0,0,1,0,0,0,282,,,
13278355,N,N,N,N,N,N,N,5/20/2013,1:01 PM,13-12621,LTS / PRIVATE PROP,227,1792,Y,Y,30.26308,-97.62138,4,969,,7,10412,,NOT REPORTED,,Y,N,60,N,N,,N,19,,,,4700,,BLUE BLUFF,RD,,,,,,,11,1,0,,7,1,17,1:07 PM,RADIO DISPATCH,1:17 PM,5/21/2013,Y,TX2270000,2292,,9,118,8,4,4,1,64,4,7,9,5,33,21,227,1792,,,FM,969,,,FM0969,,,,,,,,,,,,,,,N,Y,Y,5,0,N,MON,,,,,,,,,,,,,,,,,,,,,,,,,,,,,,,,,,,,,,,,,,,,,,,,,,,,,,,,0,0,0,2,0,0,0,,,,
13278429,N,N,N,N,N,N,N,5/19/2013,1:50 PM,,,27,1592,Y,Y,30.77475,-98.28927,6,2341,,1,,,NOT REPORTED,,N,N,55,N,N,,N,3,29,,,,,NOT REPORTED,,,,,,,,12,1,0,1,2,1,12,1:53 PM,BURNET SO DISPATCH,2:08 PM,5/19/2013,Y,,10000,1,22,1,8,10,4,1,33,3,1,3,2,21,21,27,1592,30.77457047,-98.28911711,RM,2341,,14.133,RM2341,1039,2206,1,14.188,410,0.195,,,,,,,,,Y,Y,Y,3,0,Y,SUN,2,0,1,1,0,2,2,80,22,20,4,0,0,3,1,5,3,1,5,0,0,1,7,1656,2014,1656,7.7,2.9,10.6,1,94,1,1,7,,,,,,,,,,,,,,,,,,,,,,0,0,1,0,0,1,0,90,,,
13278759,N,N,N,N,N,N,N,5/19/2013,9:26 PM,124504A,FSRA 124505A,57,107,N,Y,,,1,635,,1,3000,,LYNDON B JOHNSON,FWY,N,N,60,Y,N,,N,19,,,,12000,,WEBB CHAPEL,RD,,,,,,,11,3,0,2,4,1,1,9:27 PM,DISPATCHED,9:35 PM,5/20/2013,N,TX0000006,2471,,,87,8,7,4,1,56,49,1,1,2,21,21,57,107,32.91373527,-96.87032944,IH,635,,26.139,IH0635,,2374,1,12.715,26,-0.372,,,,,,,,,Y,Y,N,1,9,Y,SUN,5,1,2,10,12,2,8,800,140,88,5,0,0,2,4,5,2,20,5,2,8,4,11,195906,2014,195906,5.2,8.7,14,,,,,,,,,,,,,,,,,,,,,,,,,,,1,1,0,0,1,2,0,282,,,
13278961,N,N,N,N,N,N,N,5/18/2013,11:20 PM,0061593213F,FSGI,101,208,N,Y,,,19,,,1,6400,,WESTCOTT,,N,N,30,N,N,LOCAL STREET,Y,19,,,1,6800,,PRAGUE,,,,,,,,11,4,0,,1,1,20,11:51 PM,DISPATCH,11:57 PM,5/19/2013,Y,TXHPD0000,2469,14,121,33,8,2,4,21,64,54,1,5,1,21,21,101,208,29.7739648,-95.42652307,,,,,WESTCOTT ST,,,,,,,,,,,,,,,Y,N,N,5,9,Y,SAT,,,,,,,,,,,,,,,,,,,,,,,,,,,,,,,,,,,,,,,,,,,,,,,,,,,,,,,,0,0,0,2,1,0,0,15,,,
13279015,N,N,N,N,N,N,N,4/20/2013,11:15 PM,0048419613L,,101,208,N,Y,,,19,,,1,900,,GREENS,RD,N,N,35,N,N,,N,19,,,,17400,,WAYFOREST,DR,,,,,,,11,4,0,,1,1,1,11:15 PM,HPD DISPATCH,11:20 PM,5/19/2013,Y,TXHPD0000,2469,52,152,59,8,2,4,34,64,54,1,5,1,21,21,101,208,29.95074824,-95.39287672,,,,,GREENS RD,,,,,,,,,,,,,,,Y,N,N,5,9,Y,SAT,,,,,,,,,,,,,,,,,,,,,,,,,,,,,,,,,,,,,,,,,,,,,,,,,,,,,,,,0,0,0,4,0,0,0,15,,,
13279049,N,Y,Y,N,N,N,N,4/15/2013,11:20 AM,130736,,101,228,N,N,,,3,99,,2,100,,GRAND PKWY,,N,N,45,Y,Y,,Y,2,IH10,,2,24000,,NOT REPORTED,,,,,,,,11,1,4,,1,1,21,11:20 AM,DISPATCH,11:34 AM,4/23/2013,Y,1016700,1558,,,35,8,2,1,24,64,48,2,1,1,21,21,101,228,,,SH,99,,,SH0099,,,,,,,,,,USIH10,,,,,N,Y,N,5,5,N,MON,,,,,,,,,,,,,,,,,,,,,,,,,,,,,,,,,,,,,,,,,,,,,,,,,,,,,,,,0,0,0,2,0,0,0,,,,
13279604,N,N,N,N,N,N,Y,5/15/2013,8:46 AM,13MP014064,,70,292,N,Y,,,19,,,1,100,,WALTER STEPHENSON,RD,N,N,20,N,N,100 WALTER STEPHENSON RD,Y,19,,,,800,S,9TH,ST,,,,,,,11,1,4,1,1,1,5,8:46 AM,DISPATCHED,8:52 AM,5/16/2013,Y,TX0700500,1783,,8,37,8,2,2,36,64,54,1,3,1,21,21,70,292,32.47451409,-96.99349167,FM,663,,0.533,FM0663,,815,8,1.531,286,-4.285,,,,WALTER STEPHENSON RD,,,,,Y,Y,N,5,5,Y,WED,2,0,8,8,0,2,2,70,56,24,4,0,0,2,8,5,2,8,5,0,0,4,16,4816,2014,4816,2.8,3.6,6.4,,,,,,,,,,,,,,,,,,,,,,,,,,,0,0,0,2,0,0,0,282,,,
13279622,N,Y,N,N,N,N,N,5/21/2013,5:38 AM,2013062875,,57,67,N,Y,,,1,35,E,1,1500,S,STEMMONS,FWY,N,N,60,N,N,,N,19,,,,900,E,CROSBY,RD,,,,,,,12,2,0,2,1,1,20,6:04 AM,DISPATCHED,6:16 AM,5/21/2013,Y,TX0570400,214,,,170,8,2,4,21,64,9,1,1,1,21,21,57,67,32.94381225,-96.90403197,IH,35,E,71.655,IH0035E,,196,3,30.556,443,-0.459,,,,,,,,,Y,Y,N,3,8,Y,TUE,5,1,4,10,18,3,6,400,112,72,6,1,1,2,14,5,2,20,5,2,4,4,11,155050,2014,155050,3.2,6.1,9.3,1,463,1,1,24,,,,,,,,,,,,,,,,,,,,,,0,0,1,1,0,1,0,282,,,