Crash_ID,Crash_Fatal_Fl,Cmv_Involv_Fl,Schl_Bus_Fl,Rr_Relat_Fl,Medical_Advisory_Fl,Amend_Supp_Fl,Active_School_Zone_Fl,Crash_Date,Crash_Time,Case_ID,Local_Use,Rpt_CRIS_Cnty_ID,Rpt_City_ID,Rpt_Outside_City_Limit_Fl,Thousand_Damage_Fl,Rpt_Latitude,Rpt_Longitude,Rpt_Rdwy_Sys_ID,Rpt_Hwy_Num,Rpt_Hwy_Sfx,Rpt_Road_Part_ID,Rpt_Block_Num,Rpt_Street_Pfx,Rpt_Street_Name,Rpt_Street_Sfx,Private_Dr_Fl,Toll_Road_Fl,Crash_Speed_Limit,Road_Constr_Zone_Fl,Road_Constr_Zone_Wrkr_Fl,Rpt_Street_Desc,At_Intrsct_Fl,Rpt_Sec_Rdwy_Sys_ID,Rpt_Sec_Hwy_Num,Rpt_Sec_Hwy_Sfx,Rpt_Sec_Road_Part_ID,Rpt_Sec_Block_Num,Rpt_Sec_Street_Pfx,Rpt_Sec_Street_Name,Rpt_Sec_Street_Sfx,Rpt_Ref_Mark_Offset_Amt,Rpt_Ref_Mark_Dist_Uom,Rpt_Ref_Mark_Dir,Rpt_Ref_Mark_Nbr,Rpt_Sec_Street_Desc,Rpt_CrossingNumber,Wthr_Cond_ID,Light_Cond_ID,Entr_Road_ID,Road_Type_ID,Road_Algn_ID,Surf_Cond_ID,Traffic_Cntl_ID,Investigat_Notify_Time,Investigat_Notify_Meth,Investigat_Arrv_Time,Report_Date,Investigat_Comp_Fl,ORI_Number,Investigat_Agency_ID,Investigat_Area_ID,Investigat_District_ID,Investigat_Region_ID,Bridge_Detail_ID,Harm_Evnt_ID,Intrsct_Relat_ID,FHE_Collsn_ID,Obj_Struck_ID,Othr_Factr_ID,Road_Part_Adj_ID,Road_Cls_ID,Road_Relat_ID,Phys_Featr_1_ID,Phys_Featr_2_ID,Cnty_ID,City_ID,Latitude,Longitude,Hwy_Sys,Hwy_Nbr,Hwy_Sfx,Dfo,Street_Name,Street_Nbr,Control,Section,Milepoint,Ref_Mark_Nbr,Ref_Mark_Displ,Hwy_Sys_2,Hwy_Nbr_2,Hwy_Sfx_2,Street_Name_2,Street_Nbr_2,Control_2,Section_2,Milepoint_2,Txdot_Rptable_Fl,Onsys_Fl,Rural_Fl,Crash_Sev_ID,Pop_Group_ID,Located_Fl,Day_of_Week,Hwy_Dsgn_Lane_ID,Hwy_Dsgn_Hrt_ID,Hp_Shldr_Left,Hp_Shldr_Right,Hp_Median_Width,Base_Type_ID,Nbr_Of_Lane,Row_Width_Usual,Roadbed_Width,Surf_Width,Surf_Type_ID,Curb_Type_Left_ID,Curb_Type_Right_ID,Shldr_Type_Left_ID,Shldr_Width_Left,Shldr_Use_Left_ID,Shldr_Type_Right_ID,Shldr_Width_Right,Shldr_Use_Right_ID,Median_Type_ID,Median_Width,Rural_Urban_Type_ID,Func_Sys_ID,Adt_Curnt_Amt,Adt_Curnt_Year,Adt_Adj_Curnt_Amt,Pct_Single_Trk_Adt,Pct_Combo_Trk_Adt,Trk_Aadt_Pct,Curve_Type_ID,Curve_Lngth,Cd_Degr,Delta_Left_Right_ID,Dd_Degr,Feature_Crossed,Structure_Number,I_R_Min_Vert_Clear,Approach_Width,Bridge_Median_ID,Bridge_Loading_Type_ID,Bridge_Loading_In_1000_Lbs,Bridge_Srvc_Type_On_ID,Bridge_Srvc_Type_Under_ID,Culvert_Type_ID,Roadway_Width,Deck_Width,Bridge_Dir_Of_Traffic_ID,Bridge_Rte_Struct_Func_ID,Bridge_IR_Struct_Func_ID,CrossingNumber,RRCo,Poscrossing_ID,WDCode_ID,Standstop,Yield,Incap_Injry_Cnt,Nonincap_Injry_Cnt,Poss_Injry_Cnt,Non_Injry_Cnt,Unkn_Injry_Cnt,Tot_Injry_Cnt,Death_Cnt,MPO_ID,Investigat_Service_ID,Investigat_DA_ID,Investigator_Narrative
13283771,N,N,N,N,N,N,N,5/8/2013,2:07 AM,0056428813X,,101,208,N,Y,,,19,,,1,4100,,CORDER,ST,N,N,35,N,N,DRY/STRAIGHT,N,19,,,,,,SCOTT,,,,,,,,11,4,0,,1,1,1,2:07 AM,DISPATCH,2:14 AM,5/8/2013,Y,TXHPD0000,2469,24,104,49,8,7,4,1,62,54,1,5,2,21,21,101,208,29.68623698,-95.36434115,,,,,CORDER ST,3913,,,,,,,,,,,,,,Y,N,N,5,9,Y,WED,,,,,,,,,,,,,,,,,,,,,,,,,,,,,,,,,,,,,,,,,,,,,,,,,,,,,,,,0,0,0,1,0,0,0,15,,,
13283847,N,N,N,N,N,N,N,5/6/2013,9:00 PM,0055871713Q,,101,208,N,N,,,19,,,1,6200,,GULFTON,,N,N,30,N,N,,N,19,,,,6000,,RAMPART,,,,,,,,11,4,0,,1,1,1,9:06 PM,DISPATCH,9:08 PM,5/6/2013,Y,TXHPD0000,2469,16,125,55,8,1,4,1,64,54,1,5,1,21,21,101,208,29.71631405,-95.48902775,,,,,GULFTON DR,6105,,,,,,,,,,,,,,Y,N,N,2,9,Y,MON,,,,,,,,,,,,,,,,,,,,,,,,,,,,,,,,,,,,,,,,,,,,,,,,,,,,,,,,0,1,0,3,0,1,0,15,,,
13283942,N,Y,N,N,N,N,N,5/18/2013,11:56 AM,,,108,1673,Y,Y,26.2689,-98.37965,4,1924,,1,,,NOT REPORTED,,N,N,45,Y,Y,,N,4,492,,,,,NOT REPORTED,,,,,,,,11,1,4,3,1,1,4,11:57 AM,WESLACO DPS COMM.,12:06 PM,5/18/2013,Y,,10000,8,127,1,8,2,4,22,64,49,1,3,1,21,21,108,1673,26.26704601,-98.38023608,FM,1924,,0.014,FM1924,5482,1802,1,0.014,502,0.004,,,,,,,,,Y,Y,Y,5,0,Y,SAT,2,0,0,0,0,2,4,80,64,60,4,2,2,1,0,0,1,0,0,0,0,4,14,10082,2014,10082,1.9,0,1.9,,,,,,,,,,,,,,,,,,,,,,,,,,,0,0,0,4,0,0,0,230,,,
13284293,N,N,N,N,N,N,N,5/21/2013,9:37 PM,SAPD13108076,7130,15,379,N,N,,,19,,,1,8000,S,BANDERA,RD,N,N,45,N,N,SOUTHBOUND,Y,19,,,1,8000,W,MAINLAND,,,,,,WESTBOUND,,12,3,2,2,1,1,5,9:37 PM,DISPATCHED,9:57 PM,5/21/2013,N,TXSPD0000,2473,,61,123,8,2,2,22,64,38,1,2,1,21,21,15,379,29.51521707,-98.63442195,SH,16,,353.437,SH0016,,291,10,6.865,588,-0.915,,,,MAINLAND RD,,,,,Y,Y,N,3,9,Y,TUE,3,0,2,2,31,2,6,180,80,72,4,0,0,2,4,5,2,4,5,3,27,4,14,52672,2014,52672,4.4,4.4,8.9,,,,,,,,,,,,,,,,,,,,,,,,,,,0,0,1,2,1,1,0,28,,,
13284585,N,Y,N,N,N,N,N,5/21/2013,12:05 PM,,,107,1672,Y,Y,32.23245,-95.7815,4,317,,1,,,NOT REPORTED,,N,N,55,N,N,,Y,15,,,1,,,ROSE POINTE,,,,,,,,11,1,2,1,2,1,8,12:10 PM,DISPATCHED BY HCSO,12:22 PM,5/21/2013,Y,,10000,15,28,1,8,2,1,10,64,54,1,3,1,21,21,107,1672,32.23248958,-95.78146575,FM,317,,1.745,FM0317,4600,889,1,1.751,648,-0.247,,,,ROSE POINTE,,,,,Y,Y,Y,5,0,Y,TUE,2,0,4,4,0,2,2,66,32,24,2,0,0,5,4,5,5,4,5,0,0,1,7,1769,2014,1769,10.6,0.8,11.4,,,,,,,,,,,,,,,,,,,,,,,,,,,0,0,0,3,0,0,0,,,,
13284952,N,N,N,N,N,N,N,5/18/2013,12:42 PM,0061327813D,,101,208,N,Y,,,1,610,,2,3500,S,SOUTH LP W SER N,,N,N,45,N,N,CONCRETE,Y,19,,,1,9498,,TIMBERSIDE,DR,,,,,,,11,1,2,,1,1,8,12:49 PM,DISPATCHED,12:55 PM,5/19/2013,Y,TXHPD0000,2469,18,125,40,8,2,1,23,64,46,2,1,1,21,21,101,208,,,IH,610,,,IH0610,,,,,,,,,,TIMBERSIDE DR,,,,,Y,Y,N,5,9,N,SAT,,,,,,,,,,,,,,,,,,,,,,,,,,,,,,,,,,,,,,,,,,,,,,,,,,,,,,,,0,0,0,2,0,0,0,,,,
13285068,N,N,N,N,N,N,N,5/18/2013,7:00 AM,0061232313K,,101,208,N,Y,,,1,45,,1,3000,N,NORTH,FWY,N,N,60,N,N,CONCRETE,N,19,,,,,,CAVALCADE,,,,,,,,12,1,0,,2,1,20,7:03 AM,DISPATCH,7:17 AM,5/18/2013,Y,TXHPD0000,2469,24,121,33,8,2,4,21,64,9,1,1,1,21,21,101,208,,,IH,45,,,IH0045,,,,,,,,,,,,,,,Y,Y,N,5,9,N,SAT,,,,,,,,,,,,,,,,,,,,,,,,,,,,,,,,,,,,,,,,,,,,,,,,,,,,,,,,0,0,0,2,0,0,0,,,,
13285720,N,N,N,N,Y,Y,N,5/17/2013,8:23 PM,1305-0210,2,246,72,N,Y,,,12,183,A,1,3500,,183A,,N,Y,75,N,N,,N,19,,,,700,,BRUSHY CREEK,RD,,,,,,,11,4,0,,1,1,20,8:25 PM,DISPATCHED,8:41 PM,11/12/2013,N,TX2460900,224,,,27,8,7,4,1,29,3,1,6,2,21,21,246,72,30.50999942,-97.82271858,,,,,OLD TX 183,191,,,,,,,,,,,,,,Y,N,N,3,7,Y,FRI,,,,,,,,,,,,,,,,,,,,,,,,,,,,,,,,,,,,,,,,,,,,,,,,,,,,,,,,0,0,1,0,0,1,0,90,,,
13285986,N,N,N,N,N,N,N,5/21/2013,1:17 PM,HSB1190038,,150,862,N,Y,,,19,,,1,900,,BAY WEST BLVD,,N,N,30,N,N,"SMOOTH, PAVED",Y,19,,,7,100,,SILVER WAY,,,,,,"SMOOTH, PAVED",,11,1,2,,6,1,1,1:17 PM,POLICE RADIO,1:23 PM,5/21/2013,Y,TX0271100,1477,,,,8,7,2,1,36,54,1,5,2,21,21,150,862,30.53455475,-98.40425229,,,,,BAY WEST BLVD,,,,,,,,,,SILVER WAY,,,,,Y,N,Y,5,3,Y,TUE,,,,,,,,,,,,,,,,,,,,,,,,,,,,,,,,,,,,,,,,,,,,,,,,,,,,,,,,0,0,0,1,0,0,0,,,,
13285998,N,N,N,N,N,N,N,5/19/2013,4:00 AM,1300009548,,220,363,N,Y,,,19,,,1,5400,,BLACK OAK,LN,N,N,30,N,N,,N,19,,,,800,,YALE,ST,,,,,,,12,4,0,,1,1,1,1:16 PM,DISPATCHED,1:22 PM,5/21/2013,N,TX2202300,2024,87,166,37,8,4,4,5,64,54,1,5,1,21,21,220,363,32.77338771,-97.40272642,,,,,BLACK OAK LN,5471,,,,,,,,,,,,,,Y,N,N,0,4,Y,SUN,,,,,,,,,,,,,,,,,,,,,,,,,,,,,,,,,,,,,,,,,,,,,,,,,,,,,,,,0,0,0,0,1,0,0,282,,,
13286001,N,N,N,N,N,N,N,5/19/2013,3:29 AM,13-0039,,184,866,N,Y,,,1,20,,1,413,E,IH 20,,N,N,65,N,N,,N,1,20,,4,413,E,IH 20,,,,,,,,12,3,0,,1,1,20,3:29 AM,RADIO,3:33 AM,5/19/2013,Y,TX1840400,1492,,227,308,8,7,4,1,63,54,1,1,2,21,21,184,866,,,IH,20,,,IH0020,,,,,,,,,,,,,,,Y,Y,Y,5,1,N,SUN,,,,,,,,,,,,,,,,,,,,,,,,,,,,,,,,,,,,,,,,,,,,,,,,,,,,,,,,0,0,0,1,0,0,0,,,,
13286110,N,N,N,N,N,N,N,5/18/2013,11:48 AM,13-A0073,,20,81,N,Y,,,19,,,1,600,,WEST ST,,N,N,20,N,N,BITUMINOUS CONCRETE,N,19,,,1,300,,W PLANTATION,,,,,,PORTLAND CEMENT,,11,1,2,,2,1,8,11:48 AM,RADIO,11:51 AM,5/18/2013,Y,TX0200300,289,,,33,8,2,2,31,64,3,1,5,1,21,21,20,81,29.01423044,-95.40822314,,,,,WEST ST,699,,,,,,,,,W PLANTATION DR,,,,,Y,N,N,5,5,Y,SAT,,,,,,,,,,,,,,,,,,,,,,,,,,,,,,,,,,,,,,,,,,,,,,,,,,,,,,,,0,0,0,3,0,0,0,15,,,
13286140,N,N,N,N,N,N,N,5/10/2013,1:04 PM,13039262,,43,162,N,Y,33.14599,-96.83959,19,,,1,8100,,DALLAS,PKWY,N,N,50,N,N,,Y,19,,,1,,,COTTON GIN,RD,,,,,,,12,1,4,,1,1,20,1:05 PM,DISPATCHED,1:11 PM,5/10/2013,Y,TX0430400,1331,,,,8,2,2,22,64,42,1,5,1,21,21,43,162,33.14588419,-96.83961254,,,,,DALLAS PKWY,,,,,,,,,,COTTON GIN RD,,,,,Y,N,N,2,8,Y,FRI,,,,,,,,,,,,,,,,,,,,,,,,,,,,,,,,,,,,,,,,,,,,,,,,,,,,,,,,0,1,0,2,0,1,0,282,,,
13286181,N,N,N,N,N,N,N,5/15/2013,8:52 AM,2013-00012545,,105,239,N,N,,,6,150,,1,500,E,NOT REPORTED,,N,N,45,Y,N,,N,19,,,1,100,,LEHMAN,RD,,,,,,,2,1,0,1,4,2,20,8:54 AM,DISPATCH,8:58 AM,5/15/2013,Y,TX1050700,1604,,,,8,2,4,22,64,49,1,3,1,21,21,105,239,29.9814266,-97.86963625,RM,150,,21.578,RM0150,,805,1,0.392,470,-0.335,,,,,,,,,N,Y,N,5,6,Y,WED,2,0,2,2,0,2,2,80,24,20,4,0,0,5,2,5,5,2,5,0,0,4,16,14498,2014,14498,2.2,3.8,6,,,,,,,,,,,,,,,,,,,,,,,,,,,0,0,0,2,0,0,0,90,,,
13286331,N,N,N,N,N,N,N,5/14/2013,6:25 PM,13-002335,TX0571700,57,253,N,Y,,,19,,,1,1300,,CEDARDALE,,N,N,45,N,N,2 LANED ROADWAY,N,19,,,,,,BOARDWALK,,,,,,BOARDWALK,,11,1,0,,2,1,12,6:27 PM,DISPATCHED,6:29 PM,5/18/2013,Y,TX0571700,1641,,,,8,2,4,21,1,7,1,5,1,21,21,57,253,32.63330572,-96.7943283,,,,,CEDARDALE RD,1595,,,,,,,,,,,,,,Y,N,N,2,6,Y,TUE,,,,,,,,,,,,,,,,,,,,,,,,,,,,,,,,,,,,,,,,,,,,,,,,,,,,,,,,0,2,0,2,0,2,0,282,,,
13286394,N,N,N,N,N,N,N,5/12/2013,5:30 PM,2013-04703,,71,1635,Y,Y,,,19,,,1,3819,,GWENDOLYN,DR,N,N,30,N,N,STRAIGHT LEVEL,N,19,,,1,3800,,NORMA,DR,,,,,STARIGHT LEVEL,,11,1,0,,1,1,1,5:30 PM,DISPATCHED,5:39 PM,5/12/2013,Y,TX0710000,1260,,,,8,10,4,1,1,54,1,5,2,21,21,71,1635,31.8094181,-106.1624907,,,,,GWENDOLYN DR,3779,,,,,,,,,,,,,,Y,N,Y,5,0,Y,SUN,,,,,,,,,,,,,,,,,,,,,,,,,,,,,,,,,,,,,,,,,,,,,,,,,,,,,,,,0,0,0,2,0,0,0,66,,,
13286430,N,N,N,N,N,N,N,5/6/2013,7:40 AM,130060464,0,101,1666,Y,Y,,,19,,,1,13410,,OLD RICHMOND,RD,N,N,35,N,N,,N,19,,,,,,ELDRIDGE,PKWY,,,,,,,11,1,98,,1,1,1,7:46 AM,DISPATCHED,7:46 AM,5/6/2013,Y,TX1010000,1419,122,4,5,8,2,4,22,64,42,1,5,1,21,21,101,1666,29.67532762,-95.62259202,,,,,OLD RICHMOND RD,13578,,,,,,,,,,,,,,Y,N,Y,5,0,Y,MON,,,,,,,,,,,,,,,,,,,,,,,,,,,,,,,,,,,,,,,,,,,,,,,,,,,,,,,,0,0,0,4,0,0,0,15,,,
13286497,N,N,N,N,N,N,N,5/11/2013,7:53 PM,13-8109,,92,268,N,Y,,,19,,,1,2400,,MOBBERLY,AVE,N,N,40,N,N,,N,19,,,,,S,HIGH,ST,,,,,,,11,1,0,,1,1,20,8:01 PM,DISPATCHED,8:04 PM,5/11/2013,Y,920500,1691,,,,8,2,3,10,64,14,1,5,1,32,21,92,268,32.46106423,-94.73185282,,,,,S MOBBERLY AVE,2480,,,,,,,,,,,,,,Y,N,N,5,7,Y,SAT,,,,,,,,,,,,,,,,,,,,,,,,,,,,,,,,,,,,,,,,,,,,,,,,,,,,,,,,0,0,0,4,0,0,0,361,,,
13286756,N,Y,N,N,N,N,N,5/1/2013,8:15 PM,1300007364,,101,208,N,Y,,,2,290,,2,18800,E,NORTHWEST SR,FWY,N,N,45,Y,N,LOCAL STREET,Y,19,,,1,12100,,WEST,RD,,,,,LOCAL STREET,,11,3,3,2,1,1,5,8:17 PM,DISPATCHED,8:19 PM,5/1/2013,Y,10157,1537,259,2,3,8,2,1,24,64,49,2,2,1,21,21,101,223,29.90083147,-95.59922309,US,290,,262.97,US0290,,50,8,21.914,728,-0.142,SH,6,,SH0006,,,,,Y,Y,N,5,4,Y,WED,5,1,8,10,58,3,6,330,112,72,5,0,0,2,18,5,2,18,5,3,40,4,12,160487,2014,160487,5.1,7.4,12.4,,,,,,,,,,,,,,,,,,,,,,,,,,,0,0,0,3,0,0,0,15,,,
13287429,N,N,N,N,N,N,N,5/17/2013,10:45 PM,122700A,122724A,57,107,N,Y,,,19,,,1,11500,,FERGUSON,RD,N,N,40,N,N,,N,19,,,,11600,,DRUMMOND,DR,,,,,,,11,4,0,,1,1,20,12:05 AM,DISPATCH,12:15 AM,5/18/2013,N,TX0000006,2471,,,33,8,7,4,1,29,54,1,5,4,21,21,57,107,32.84838331,-96.65776684,,,,,FERGUSON RD,,,,,,,,,,,,,,,Y,N,N,0,9,Y,FRI,,,,,,,,,,,,,,,,,,,,,,,,,,,,,,,,,,,,,,,,,,,,,,,,,,,,,,,,0,0,0,0,1,0,0,282,,,
13287764,N,N,N,N,N,N,N,4/27/2013,2:13 PM,13-117141,,71,136,N,N,,,19,,,1,10600,,VISTA DEL SOL,DR,N,N,0,N,N,,N,19,,,,,,YARBROUGH,,,,,,,,11,1,0,,1,1,1,2:27 PM,DISPATCH,2:33 PM,4/27/2013,Y,TX0710200,1259,,,,8,2,3,14,64,14,1,5,1,32,21,71,136,31.75604987,-106.3417099,,,,,VISTA DEL SOL DR,10616,,,,,,,,,,,,,,Y,N,N,2,9,Y,SAT,,,,,,,,,,,,,,,,,,,,,,,,,,,,,,,,,,,,,,,,,,,,,,,,,,,,,,,,0,1,0,1,0,1,0,66,,,
13287862,N,N,N,N,N,N,N,5/20/2013,11:45 AM,130067871,0,101,1666,Y,N,,,3,249,,2,19700,,TOMBALL,PKWY,N,N,45,N,N,,N,19,,,,,,CYPRESSWOOD,DR,,,,,,,11,1,0,2,1,1,20,12:00 PM,DISPATCHED,12:13 PM,5/20/2013,Y,TX1010000,1419,205,33,5,8,2,4,21,64,9,2,2,1,21,21,101,1666,29.98134567,-95.56774142,SH,249,,15.076,SH0249,,720,3,11.413,0460A,0.241,,,,,,,,,N,Y,Y,5,0,Y,MON,5,0,20,10,42,3,6,400,132,72,5,0,0,2,40,5,2,20,5,2,2,4,12,52892,2014,52892,5.1,7.4,12.4,1,127,0,2,2,,,,,,,,,,,,,,,,,,,,,,0,0,0,2,0,0,0,15,,,
13288110,N,Y,N,N,N,N,N,4/27/2013,10:42 AM,13-117094,,71,136,N,Y,,,19,,,1,11600,,GATEWAY WEST,,N,N,45,N,N,,Y,19,,,1,11400,,CHITO SAMANIEGO,,,,,,,,11,1,0,2,1,1,8,10:47 AM,DISPATCH,10:52 AM,4/27/2013,N,TX0710200,1259,,,,8,2,1,13,64,54,1,1,1,21,21,71,136,31.73047004,-106.3151064,IH,10,,31.237,IH0010,11701,2121,3,31.978,31,0.235,,,,CHITO SAMANIEGO DR,,,,,Y,Y,N,5,9,Y,SAT,5,0,10,10,42,8,6,300,113,74,5,0,1,2,19,5,2,20,5,,23,4,11,72904,2014,72904,3.4,13.5,16.9,,,,,,,,,,,,,,,,,,,,,,,,,,,0,0,0,1,1,0,0,66,,,
13288165,N,Y,N,N,N,N,N,5/14/2013,4:29 PM,2013A001217,29B,57,166,N,N,32.9086,-96.63319,3,78,,1,200,W,AVENUE D,,N,N,40,N,N,,N,19,,,1,400,S,SECOND,ST,,,,,,,11,1,0,3,1,1,20,4:29 PM,DISPATCHED,4:39 PM,5/14/2013,Y,TX0571100,1344,,,,8,2,4,22,64,42,1,2,1,21,21,57,166,32.90988755,-96.63309463,SH,78,,80.022,SH0078,242,9,2,6.259,276,0.197,,,,,,,,,Y,Y,N,3,8,Y,TUE,0,0,0,0,0,3,8,100,88,88,5,2,2,1,0,0,1,0,0,4,0,4,14,30212,2014,30212,6.4,4,10.4,,,,,,,,,,,,,,,,,,,,,,,,,,,0,0,1,1,0,1,0,282,,,
13288220,N,N,N,N,N,N,N,5/5/2013,9:30 PM,,,108,1673,Y,Y,26.22473,-97.95157,15,,,1,,,MILE 2 12 WEST,RD,N,N,30,N,N,,N,15,,,,,,SIESTA,AVE,,,,,,,11,3,0,,1,1,1,9:39 PM,WESLACO DPS-COMM.,10:19 PM,5/22/2013,Y,,10000,17,127,1,8,10,4,1,4,29,1,4,1,21,21,108,1673,26.22490005,-97.95159841,,,,,N MILE 2 12 W,6754,,,,,,,,,,,,,,Y,N,Y,1,0,Y,SUN,,,,,,,,,,,,,,,,,,,,,,,,,,,,,,,,,,,,,,,,,,,,,,,,,,,,,,,,2,0,0,0,0,2,0,230,,,
13288421,N,N,N,N,N,N,N,4/29/2013,9:50 AM,13-120064,,71,136,N,N,,,19,,,1,,,BUCKNER,ST,N,N,0,N,N,,Y,19,,,1,,,MONTANA AVE WB,AVE,,,,,,,0,0,98,,7,8,17,12:00 AM,PHONE,12:00 AM,4/30/2013,Y,TX0710200,1259,,,43,8,2,2,23,64,54,1,5,1,21,21,71,136,31.79374484,-106.3655404,,,,,BUCKNER ST,3600,,,,,,,,,MONTANA AVE,,,,,N,N,N,5,9,Y,MON,,,,,,,,,,,,,,,,,,,,,,,,,,,,,,,,,,,,,,,,,,,,,,,,,,,,,,,,0,0,0,2,0,0,0,66,,,
13288435,N,N,N,N,N,N,N,4/29/2013,10:43 PM,13-119288,,71,136,N,Y,31.67349,-106.30683,19,,,7,9725,,ALAMEDA,AVE,N,N,50,N,N,,N,19,,,7,100,,INGLEWOOD,,,,,,,,11,4,0,3,1,1,1,10:44 PM,DISPATCHED,10:50 PM,4/29/2013,Y,TX0710200,1259,,,111,8,7,4,1,33,3,1,2,2,21,21,71,136,31.67518349,-106.3082818,SH,20,,33.781,SH0020,9686,2,2,33.848,342,-0.017,,,,,,,,,Y,Y,N,5,9,Y,MON,2,0,2,2,0,2,4,80,54,50,4,0,0,3,2,5,3,2,5,0,0,4,14,10130,2014,10130,1.3,1.9,3.2,,,,,,,,,,,,,,,,,,,,,,,,,,,0,0,0,1,0,0,0,66,,,
13288702,N,N,N,N,N,N,N,5/15/2013,12:30 PM,13-135186,,71,136,N,N,,,2,54,,1,,,US 54,HWY,N,N,60,N,N,,Y,19,,,1,,,RP 25,,,,,,,,12,1,0,2,1,1,1,2:19 PM,DISPATCHED,2:26 PM,5/15/2013,N,TX0710200,1259,,,152,8,8,4,1,98,54,1,2,1,21,21,71,136,31.84999205,-106.4402245,US,54,,6.338,US0054,,167,1,11.039,26,0.262,,,,,,,,,N,Y,N,5,9,Y,WED,5,0,4,10,56,8,7,500,160,84,5,0,1,2,8,5,2,20,5,3,48,4,12,64710,2014,64710,6.9,6.8,13.7,,,,,,,,,,,,,,,,,,,,,,,,,,,0,0,0,2,0,0,0,66,,,
13288767,N,N,N,N,N,N,N,5/16/2013,5:31 PM,2013A001231,29A,57,166,N,Y,32.91687,-96.68086,19,,,1,3500,W,WALNUT,ST,N,N,35,N,N,,N,19,,,1,300,N,JUPITER,RD,,,,,,,11,1,0,,1,1,11,5:31 PM,ON SCENE,5:31 PM,5/16/2013,Y,TX0571100,1344,,,104,8,2,3,34,64,13,1,5,1,32,21,57,166,32.9171007,-96.68476111,,,,,W WALNUT ST,3535,,,,,,,,,,,,,,Y,N,N,5,8,Y,THU,,,,,,,,,,,,,,,,,,,,,,,,,,,,,,,,,,,,,,,,,,,,,,,,,,,,,,,,0,0,0,2,0,0,0,282,,,
13288805,N,N,N,N,N,N,N,5/17/2013,6:45 PM,2013A001244,29B,57,166,N,Y,32.96805,-96.66492,19,,,1,6000,N,SHILOH,RD,N,N,35,N,N,,N,19,,,1,2400,E,MAPLERIDGE,DR,,,,,,,11,1,0,,1,1,1,6:46 PM,DISPATCHED,6:51 PM,5/17/2013,Y,TX0571100,1344,,,65,8,7,4,1,23,54,1,5,2,21,21,57,166,32.966772,-96.6654605,,,,,N SHILOH RD,,,,,,,,,,,,,,,Y,N,N,5,8,Y,FRI,,,,,,,,,,,,,,,,,,,,,,,,,,,,,,,,,,,,,,,,,,,,,,,,,,,,,,,,0,0,0,1,0,0,0,282,,,
13289061,N,N,N,N,N,N,N,5/14/2013,9:15 AM,20130530,AUTO/VAN/AUTO FSGI,101,208,N,Y,,,19,,,1,11400,,SOUTHWEST FREEWAY 59 SERVICE ROAD WEST BOUND,,N,N,45,N,N,DRY CONCRETE ONE WAY,N,19,,,1,10600,W,BELFORT,ST,,,,,DRY CONCRETE,,11,1,4,2,1,1,5,9:20 AM,DISPATCHER,10:20 AM,5/14/2013,Y,TX1017000,2164,,,,8,2,2,22,64,38,2,1,1,21,21,101,208,29.65397009,-95.56552159,IH,69,,20.205,IH0069,,27,13,7.468,135,-8.49,FM,1092,,FM1092,,,,,Y,Y,N,5,9,Y,TUE,5,1,10,10,30,1,8,400,168,96,5,0,0,2,20,5,2,20,5,2,10,4,11,199203,2014,199203,2.9,6,8.9,,,,,,,,,,,,,,,,,,,,,,,,,,,0,0,0,1,2,0,0,15,,,
13289271,N,N,N,N,N,N,N,4/17/2013,9:00 PM,13-00301,,126,10,N,Y,,,17,,,7,708,N,PARKWAY,DR,Y,N,0,N,N,PARKINGLOT,N,2,67,,,,,NOT REPORTED,,,,,,BLACKTOP,,12,4,0,,7,1,1,10:10 PM,DISPATCHED,10:15 PM,4/18/2013,N,TX1260100,26,,,,8,2,4,22,64,54,7,9,5,33,21,126,10,,,,,,,N PARKWAY DR,,,,,,,,,,,,,,,N,N,Y,5,3,N,WED,,,,,,,,,,,,,,,,,,,,,,,,,,,,,,,,,,,,,,,,,,,,,,,,,,,,,,,,0,0,0,2,1,0,0,,,,
13289472,N,N,N,N,N,Y,N,5/21/2013,1:55 PM,13-49828,,220,156,N,N,,,19,,,1,800,,CLIFF,ST,N,N,30,N,N,,Y,19,,,1,700,NW,28TH,ST,,,,,,,2,1,4,2,5,2,5,2:03 PM,DISPATCHED,2:18 PM,5/21/2013,N,TX2201200,1318,885,29,120,8,2,2,22,64,3,1,2,1,21,21,220,156,32.79483662,-97.35786587,SH,183,,12.008,SH0183,,94,5,8.238,564,-0.344,,,,CLIFF ST,,,,,N,Y,N,5,9,Y,TUE,3,0,0,0,10,2,4,80,48,48,6,1,1,1,0,0,1,0,0,1,10,4,14,18537,2014,18537,3.6,5,8.5,,,,,,,,,,,,,,,,,,,,,,,,,,,0,0,0,1,1,0,0,282,,,
13289476,N,N,N,N,N,N,N,5/19/2013,5:00 AM,,,163,1728,Y,Y,29.1242,-98.90517,4,3176,,1,,,NOT REPORTED,,N,N,55,N,N,,N,1,35,,,,,NOT REPORTED,,,,,,,,11,3,0,1,4,1,11,6:19 AM,MEDINA COUNTY SO,7:45 AM,5/28/2013,Y,,10000,8,92,1,8,10,4,1,1,54,1,3,2,21,21,163,116,29.12380156,-98.9048259,FM,3176,,1.073,FM3176,2688,3257,1,2.077,522,-0.922,,,,,,,,,Y,Y,Y,0,3,Y,SUN,2,0,0,0,0,2,2,98,24,24,2,0,0,1,0,0,1,0,0,0,0,2,17,824,2014,824,5,10.7,15.7,1,119,8,1,50,,,,,,,,,,,,,,,,,,,,,,0,0,0,0,1,0,0,,,,