Crash_ID,Crash_Fatal_Fl,Cmv_Involv_Fl,Schl_Bus_Fl,Rr_Relat_Fl,Medical_Advisory_Fl,Amend_Supp_Fl,Active_School_Zone_Fl,Crash_Date,Crash_Time,Case_ID,Local_Use,Rpt_CRIS_Cnty_ID,Rpt_City_ID,Rpt_Outside_City_Limit_Fl,Thousand_Damage_Fl,Rpt_Latitude,Rpt_Longitude,Rpt_Rdwy_Sys_ID,Rpt_Hwy_Num,Rpt_Hwy_Sfx,Rpt_Road_Part_ID,Rpt_Block_Num,Rpt_Street_Pfx,Rpt_Street_Name,Rpt_Street_Sfx,Private_Dr_Fl,Toll_Road_Fl,Crash_Speed_Limit,Road_Constr_Zone_Fl,Road_Constr_Zone_Wrkr_Fl,Rpt_Street_Desc,At_Intrsct_Fl,Rpt_Sec_Rdwy_Sys_ID,Rpt_Sec_Hwy_Num,Rpt_Sec_Hwy_Sfx,Rpt_Sec_Road_Part_ID,Rpt_Sec_Block_Num,Rpt_Sec_Street_Pfx,Rpt_Sec_Street_Name,Rpt_Sec_Street_Sfx,Rpt_Ref_Mark_Offset_Amt,Rpt_Ref_Mark_Dist_Uom,Rpt_Ref_Mark_Dir,Rpt_Ref_Mark_Nbr,Rpt_Sec_Street_Desc,Rpt_CrossingNumber,Wthr_Cond_ID,Light_Cond_ID,Entr_Road_ID,Road_Type_ID,Road_Algn_ID,Surf_Cond_ID,Traffic_Cntl_ID,Investigat_Notify_Time,Investigat_Notify_Meth,Investigat_Arrv_Time,Report_Date,Investigat_Comp_Fl,ORI_Number,Investigat_Agency_ID,Investigat_Area_ID,Investigat_District_ID,Investigat_Region_ID,Bridge_Detail_ID,Harm_Evnt_ID,Intrsct_Relat_ID,FHE_Collsn_ID,Obj_Struck_ID,Othr_Factr_ID,Road_Part_Adj_ID,Road_Cls_ID,Road_Relat_ID,Phys_Featr_1_ID,Phys_Featr_2_ID,Cnty_ID,City_ID,Latitude,Longitude,Hwy_Sys,Hwy_Nbr,Hwy_Sfx,Dfo,Street_Name,Street_Nbr,Control,Section,Milepoint,Ref_Mark_Nbr,Ref_Mark_Displ,Hwy_Sys_2,Hwy_Nbr_2,Hwy_Sfx_2,Street_Name_2,Street_Nbr_2,Control_2,Section_2,Milepoint_2,Txdot_Rptable_Fl,Onsys_Fl,Rural_Fl,Crash_Sev_ID,Pop_Group_ID,Located_Fl,Day_of_Week,Hwy_Dsgn_Lane_ID,Hwy_Dsgn_Hrt_ID,Hp_Shldr_Left,Hp_Shldr_Right,Hp_Median_Width,Base_Type_ID,Nbr_Of_Lane,Row_Width_Usual,Roadbed_Width,Surf_Width,Surf_Type_ID,Curb_Type_Left_ID,Curb_Type_Right_ID,Shldr_Type_Left_ID,Shldr_Width_Left,Shldr_Use_Left_ID,Shldr_Type_Right_ID,Shldr_Width_Right,Shldr_Use_Right_ID,Median_Type_ID,Median_Width,Rural_Urban_Type_ID,Func_Sys_ID,Adt_Curnt_Amt,Adt_Curnt_Year,Adt_Adj_Curnt_Amt,Pct_Single_Trk_Adt,Pct_Combo_Trk_Adt,Trk_Aadt_Pct,Curve_Type_ID,Curve_Lngth,Cd_Degr,Delta_Left_Right_ID,Dd_Degr,Feature_Crossed,Structure_Number,I_R_Min_Vert_Clear,Approach_Width,Bridge_Median_ID,Bridge_Loading_Type_ID,Bridge_Loading_In_1000_Lbs,Bridge_Srvc_Type_On_ID,Bridge_Srvc_Type_Under_ID,Culvert_Type_ID,Roadway_Width,Deck_Width,Bridge_Dir_Of_Traffic_ID,Bridge_Rte_Struct_Func_ID,Bridge_IR_Struct_Func_ID,CrossingNumber,RRCo,Poscrossing_ID,WDCode_ID,Standstop,Yield,Incap_Injry_Cnt,Nonincap_Injry_Cnt,Poss_Injry_Cnt,Non_Injry_Cnt,Unkn_Injry_Cnt,Tot_Injry_Cnt,Death_Cnt,MPO_ID,Investigat_Service_ID,Investigat_DA_ID,Investigator_Narrative
13289757,N,N,N,N,N,N,N,5/7/2013,3:30 PM,0056183613P,,101,208,N,Y,,,4,1960,,1,6800,W,FM 1960,,N,N,40,N,N,,N,19,,,,13000,,HAYNES,RD,,,,,,,11,1,2,,1,1,5,3:35 PM,HPD DISPATCH,3:41 PM,5/7/2013,Y,TXHPD0000,2469,6,106,87,8,2,2,34,64,9,1,3,1,21,21,101,208,,,FM,1960,,,FM1960,,,,,,,,,,HAYNES RD,,,,,Y,Y,N,5,9,N,TUE,,,,,,,,,,,,,,,,,,,,,,,,,,,,,,,,,,,,,,,,,,,,,,,,,,,,,,,,0,0,0,3,0,0,0,,,,
13290193,N,Y,N,N,N,N,N,5/21/2013,7:12 AM,130068317,0,101,1666,Y,Y,,,19,,,7,200,W,RICHEY,RD,Y,N,0,N,N,,N,1,45,,,,,NOT REPORTED,,,,,,,,12,3,0,,1,1,1,7:20 AM,DISPATCHED,7:22 AM,5/21/2013,N,TX1010000,1419,205,33,5,8,4,4,4,64,54,7,9,5,33,21,101,1666,,,,,,,W RICHEY RD,,,,,,,,,,,,,,,N,N,Y,5,0,N,TUE,,,,,,,,,,,,,,,,,,,,,,,,,,,,,,,,,,,,,,,,,,,,,,,,,,,,,,,,0,0,0,1,0,0,0,,,,
13290617,N,N,N,N,N,N,N,4/26/2013,3:01 PM,13-14303,,152,270,N,Y,,,11,289,,2,1900,W,289,LOOP,N,N,50,N,N,,Y,2,62,,1,5800,,19TH,ST,,,,,,,11,1,4,2,1,1,5,3:02 PM,POLICE RADIO CALL,3:06 PM,4/26/2013,Y,TX1520200,1706,,,,8,2,2,20,1,54,2,2,1,21,21,152,270,33.57780414,-101.943924,SH,114,,67.71,SH0114,,130,5,12.899,294,-0.113,SL,289,,SL0289,,,,,Y,Y,N,3,8,Y,FRI,3,0,0,12,14,2,4,130,72,48,4,1,1,1,0,0,2,24,5,1,14,4,14,23405,2014,23405,1.9,2.4,4.3,,,,,,,,,,,,,,,,,,,,,,,,,,,0,0,1,1,0,1,0,122,,,
13290689,N,N,N,N,N,N,N,5/4/2013,9:09 AM,1307736,1307736,95,335,N,Y,,,1,27,,2,700,N,I 27,,N,N,45,N,N,BLACKTOP,Y,2,70,,1,3700,,OLTON,RD,,,,,BLACKTOP,,11,1,4,2,1,1,5,9:09 AM,DISPATCHER,9:16 AM,5/4/2013,Y,TX0950400,1937,,151,234,8,2,1,14,64,54,2,1,1,21,21,95,335,34.18753433,-101.7499006,IH,27,,49.21,IH0027,,67,4,27.924,49,0.063,US,70,,US0070,,,,,Y,Y,N,5,5,Y,SAT,5,0,4,10,54,8,4,300,76,48,5,0,0,2,8,5,2,20,5,3,46,2,11,9756,2014,9756,7.4,15.8,23.2,,,,,,,,,,,,,,,,,,,,,,,,,,,0,0,0,4,0,0,0,,,,
13290722,N,N,N,N,N,N,N,5/16/2013,5:25 AM,,,8,393,N,Y,,,19,,,1,3700,,OUTLET CENTER,DR,N,N,55,N,N,,Y,19,,,1,100,,HLUCHAN,RD,,,,,,,2,3,98,,1,2,11,5:30 AM,ACSO DISPATCH,5:34 AM,5/16/2013,Y,TX0080200,2108,,,,8,2,2,23,64,3,1,5,1,21,21,8,393,29.77464482,-96.12812289,,,,,OUTLET CENTER DR,3699,,,,,,,,,HLUCHAN RD,,,,,Y,N,N,5,4,Y,THU,,,,,,,,,,,,,,,,,,,,,,,,,,,,,,,,,,,,,,,,,,,,,,,,,,,,,,,,0,0,0,3,0,0,0,,,,
13290745,N,N,N,N,N,N,N,5/18/2013,12:28 AM,C1303663,,178,97,N,Y,,,19,,,1,3100,,MEADOW RIDGE,DR,N,N,30,N,N,,N,19,,,1,400,,CARIBBEAN,DR,,,,,,,11,4,0,,1,1,1,12:39 AM,DISPATCH,12:45 AM,5/18/2013,Y,TX1780200,1115,,,12,8,7,4,1,61,54,1,5,2,21,21,178,97,27.63473529,-97.29817268,,,,,MEADOW RIDGE DR,3100,,,,,,,,,,,,,,Y,N,N,5,9,Y,SAT,,,,,,,,,,,,,,,,,,,,,,,,,,,,,,,,,,,,,,,,,,,,,,,,,,,,,,,,0,0,0,1,0,0,0,96,,,
13290865,N,N,N,N,N,N,N,5/20/2013,5:36 PM,2.01E+11,W/H,57,357,N,Y,,,19,,,1,700,N,COIT,RD,N,N,40,N,N,,N,19,,,1,1400,W,ARAPAHO,RD,,,,,,,11,1,0,,1,1,20,5:42 PM,DISPATCHED,5:44 PM,5/20/2013,Y,TX0572000,2011,,7,59,8,2,3,34,64,13,1,5,1,32,21,57,357,32.9578174,-96.76880121,,,,,N COIT RD,540,,,,,,,,,,,,,,Y,N,N,5,8,Y,MON,,,,,,,,,,,,,,,,,,,,,,,,,,,,,,,,,,,,,,,,,,,,,,,,,,,,,,,,0,0,0,5,0,0,0,282,,,
13291047,N,N,N,N,N,N,N,5/12/2013,9:10 AM,,,186,155,N,Y,,,2,285,,1,500,S,NOT REPORTED,,N,N,55,N,N,,N,19,,,1,600,E,CALLAGHAN STREET,,,,,,,,11,4,0,,1,1,20,9:10 AM,DISPATCH,9:13 AM,5/12/2013,Y,TX1860100,1317,,,44,8,6,4,1,64,54,1,2,1,21,21,186,155,,,US,285,,,US0285,,,,,,,,,,,,,,,Y,Y,N,5,4,N,SUN,,,,,,,,,,,,,,,,,,,,,,,,,,,,,,,,,,,,,,,,,,,,,,,,,,,,,,,,0,0,0,1,0,0,0,,,,
13291945,N,N,N,N,N,N,N,4/20/2013,6:50 PM,13-8781,,68,315,N,N,,,19,,,1,4000,E,42ND,ST,N,N,45,N,N,,N,19,,,,4200,N,JBS,PKWY,,,,,,,11,1,4,,1,1,5,6:55 PM,DISPATCH,6:58 PM,4/20/2013,N,680200,1873,,,,8,2,4,20,64,54,1,2,1,21,21,68,315,,,,,,,E 42ND ST,,,,,,,,,,,,,,,Y,N,N,2,8,N,SAT,,,,,,,,,,,,,,,,,,,,,,,,,,,,,,,,,,,,,,,,,,,,,,,,,,,,,,,,0,2,0,4,1,2,0,,,,
13291989,N,N,N,N,N,N,N,5/21/2013,9:08 AM,1300010534,,220,37,N,Y,,,19,,,1,6200,,SW,BLVD,N,N,50,Y,N,,N,19,,,,4200,,BRYANT IRVIN,,,,,,,,11,1,0,,5,1,1,9:08 AM,DISPATCH,9:10 AM,5/21/2013,Y,TX2200400,115,,,,8,2,2,13,64,49,1,2,1,21,21,220,37,,,,,,,SW BLVD,,,,,,,,,,BRYANT IRVIN,,,,,Y,N,N,5,5,N,TUE,,,,,,,,,,,,,,,,,,,,,,,,,,,,,,,,,,,,,,,,,,,,,,,,,,,,,,,,0,0,0,2,0,0,0,,,,
13292035,N,N,N,N,N,N,N,5/13/2013,2:26 AM,131331071,,227,22,N,Y,,,19,,,1,,,WEST 6TH,ST,N,N,30,N,N,,Y,19,,,,,,WEST LAWN,ST,,,,,,,11,1,2,,1,1,5,2:26 PM,DISPATCH,2:27 PM,5/13/2013,Y,TX2270100,74,,41,27,8,2,1,10,64,54,1,5,1,21,21,227,22,30.27481478,-97.76263246,,,,,W 6TH ST,1598,,,,,,,,,W LYNN ST,,,,,Y,N,N,5,9,Y,MON,,,,,,,,,,,,,,,,,,,,,,,,,,,,,,,,,,,,,,,,,,,,,,,,,,,,,,,,0,0,0,3,0,0,0,90,,,
13292278,N,Y,N,N,N,N,N,5/16/2013,9:16 AM,131360563,,227,22,N,Y,,,19,,,1,2700,S,CAPITAL OF TEXAS SB,HWY,N,N,0,N,N,,N,19,,,,,,WALSH TARLTON,LN,,,,,,,11,1,0,2,3,1,1,9:45 AM,DISPATCH,10:10 AM,5/16/2013,Y,TX2270100,74,42,93,112,8,10,4,1,1,54,1,2,1,21,21,227,1792,30.25914289,-97.81318044,SL,360,,11.794,SL0360,2673,113,13,22.808,444,-0.235,,,,,,,,,Y,Y,Y,5,0,Y,THU,3,0,4,10,68,2,4,350,76,48,4,0,0,2,8,5,2,20,5,3,60,4,14,42412,2014,42412,2.3,0.4,2.7,,,,,,,,,,,,,,,,,,,,,,,,,,,0,0,0,1,0,0,0,90,,,
13292312,N,Y,Y,N,N,N,N,5/13/2013,7:37 AM,130983,,79,228,N,Y,,,19,,,1,1200,,SAND PINES,DR,N,N,30,N,N,,N,19,,,,24000,,BAY HILL,BLVD,,,,,,,11,1,0,,1,1,1,7:37 AM,DISPATCH,7:50 AM,5/13/2013,Y,TX1016700,1558,,18,23,8,4,4,1,64,48,1,5,1,21,21,79,228,,,,,,,SAND PINES DR,,,,,,,,,,,,,,,Y,N,N,5,5,N,MON,,,,,,,,,,,,,,,,,,,,,,,,,,,,,,,,,,,,,,,,,,,,,,,,,,,,,,,,0,0,0,9,0,0,0,,,,
13292315,N,Y,N,N,N,N,N,5/10/2013,12:40 PM,C-2013-0027,,81,144,N,Y,,,2,84,,1,,,NOT REPORTED,,N,N,0,N,N,,Y,1,45,,4,,,NOT REPORTED,,,,,,OFF RAMP,,12,1,4,2,1,2,5,12:42 PM,DISPATCHED,12:44 PM,5/12/2013,Y,810100,1284,19,8,23,8,2,1,13,64,54,4,1,1,21,21,81,144,31.71472549,-96.17656708,IH,45,,197.938,IH0045,,675,2,17.053,198,-0.177,US,84,,US0084,,57,3,17.864,Y,Y,Y,5,3,Y,FRI,5,0,4,10,86,2,4,400,76,48,4,0,0,2,9,5,2,19,5,2,77,1,1,27579,2014,27579,3.9,36.5,40.4,,,,,,,,,,,,,,,,,,,,,,,,,,,0,0,0,5,0,0,0,,,,
13292842,N,N,N,N,N,N,N,4/28/2013,8:10 PM,04-13-01681,,108,4,N,N,,,4,907,,1,829,N,FM 907,RD,Y,N,0,N,N,829 N FM 907,N,19,,,1,1100,,LOPEZ,DR,,,,,1100 BLK LOPEZ DR,,11,4,0,,1,1,20,8:10 PM,RADIO,8:16 PM,4/30/2013,Y,TX1080100,15,64,34,48,8,2,4,21,64,3,7,9,5,33,21,108,4,,,FM,907,,,FM0907,,,,,,,,,,,,,,,N,Y,N,5,5,N,SUN,,,,,,,,,,,,,,,,,,,,,,,,,,,,,,,,,,,,,,,,,,,,,,,,,,,,,,,,0,0,0,4,0,0,0,,,,
13292891,N,N,N,N,N,N,N,5/18/2013,11:59 AM,2013-012144,,123,30,N,Y,,,19,,,1,2900,,BLANCHETTE,,N,N,30,N,N,,Y,19,,,1,2300,S,4TH,ST,,,,,,,11,1,0,,1,1,20,12:00 PM,DISPATCH,12:12 PM,5/18/2013,Y,TX1230100,104,,,,8,2,3,10,64,14,1,5,1,32,21,123,30,30.0637647,-94.1156634,,,,,BLANCHETTE ST,2901,,,,,,,,,,,,,,Y,N,N,5,8,Y,SAT,,,,,,,,,,,,,,,,,,,,,,,,,,,,,,,,,,,,,,,,,,,,,,,,,,,,,,,,0,0,0,2,1,0,0,135,,,
13292975,N,N,N,N,N,Y,N,4/3/2013,7:15 PM,130018638,,220,19,N,Y,,,19,,,1,1500,N,FIELDER,RD,N,N,40,N,N,,N,19,,,,1600,,COCHISE,DR,,,,,,,2,4,0,,1,2,5,7:15 PM,DISPATCHED,7:20 PM,5/6/2013,Y,TX2200100,59,,8,227,8,2,2,22,64,38,1,5,1,21,21,220,19,32.75675057,-97.13165262,,,,,N FIELDER RD,1507,,,,,,,,,COCHISE DR,,,,,Y,N,N,5,9,Y,WED,,,,,,,,,,,,,,,,,,,,,,,,,,,,,,,,,,,,,,,,,,,,,,,,,,,,,,,,0,0,0,2,0,0,0,282,,,
13293725,N,N,N,N,N,N,N,5/18/2013,10:44 AM,,,249,1814,Y,Y,33.16175,-97.70621,15,3341,,1,,,NOT REPORTED,,N,N,40,N,N,,N,3,114,,,,,NOT REPORTED,,,,,,,,11,1,0,,1,1,1,10:46 AM,DISPATCH,11:06 AM,5/18/2013,Y,,10000,15,118,1,8,7,4,1,62,25,1,4,2,21,21,249,1814,33.16175004,-97.70621572,,,,,COUNTY ROAD 3341,343,,,,,,,,,,,,,,Y,N,Y,5,0,Y,SAT,,,,,,,,,,,,,,,,,,,,,,,,,,,,,,,,,,,,,,,,,,,,,,,,,,,,,,,,0,0,0,1,0,0,0,282,,,
13295582,N,N,N,N,N,N,N,5/11/2013,3:14 PM,C1303475,,178,97,N,Y,,,19,,,1,800,S,PORT,AVE,N,N,35,N,N,,N,19,,,1,2800,,RUTH,ST,,,,,,,11,1,4,,1,1,11,3:24 PM,DISPATCHED,3:32 PM,5/11/2013,Y,TX1780200,1115,,,25,8,4,3,4,64,14,1,5,1,32,21,178,97,27.78287973,-97.4204553,,,,,S PORT AVE,878,,,,,,,,,,,,,,Y,N,N,5,9,Y,SAT,,,,,,,,,,,,,,,,,,,,,,,,,,,,,,,,,,,,,,,,,,,,,,,,,,,,,,,,0,0,0,3,0,0,0,96,,,
13295641,N,N,N,N,N,N,N,5/9/2013,2:38 PM,13SP040893,,220,406,N,Y,32.97083,-97.17331,4,1709,,1,1400,W,SOUTHLAKE,BLVD,N,N,45,N,N,3 LANE RD DIVIDED BY CONCRETE MEDIAN,N,19,,,1,100,,SOUTHRIDGE LAKES,PKWY,,,,,2 LANE RD DIVIDED BY CONCRETE MEDIAN,,2,1,0,,1,2,5,2:40 PM,DISPATCHED,3:17 PM,5/9/2013,Y,TX2203200,2154,,8,11,8,2,4,22,64,42,1,3,1,21,21,220,406,,,FM,1709,,,FM1709,,,,,,,,,,,,,,,Y,Y,N,5,6,N,THU,,,,,,,,,,,,,,,,,,,,,,,,,,,,,,,,,,,,,,,,,,,,,,,,,,,,,,,,0,0,0,2,0,0,0,,,,
13296165,N,N,N,N,N,N,N,5/21/2013,12:30 PM,130027992,,220,19,N,N,,,19,,,7,817,W,PARK ROW DR,DR,Y,N,0,N,N,PARKING LOT-MOSAIC CHURCH,N,4,157,,,1400,S,COOPER,ST,,,,,,,12,1,0,,7,1,1,1:00 PM,BY VICTIM,1:04 PM,5/21/2013,N,TX2200100,59,,8,63,8,1,4,4,64,54,7,9,5,33,21,220,19,,,,,,,W PARK ROW DR DR,,,,,,,,,,,,,,,N,N,N,3,9,N,TUE,,,,,,,,,,,,,,,,,,,,,,,,,,,,,,,,,,,,,,,,,,,,,,,,,,,,,,,,0,0,1,0,1,1,0,,,,
13296944,N,N,N,N,N,N,N,5/18/2013,6:39 PM,13HP024200,,220,186,N,Y,,,19,,,1,4400,,GARY,DR,N,N,35,N,N,DRIVEWAY,N,19,,,,3200,,CHERYL,LN,,,,,,,11,1,0,,7,1,1,6:39 PM,DISPATCH,6:43 PM,5/22/2013,Y,TX2201400,1404,,,35,8,1,3,3,64,13,1,5,2,32,21,220,186,32.80884427,-97.28070629,,,,,GARY DR,4435,,,,,,,,,,,,,,Y,N,N,3,6,Y,SAT,,,,,,,,,,,,,,,,,,,,,,,,,,,,,,,,,,,,,,,,,,,,,,,,,,,,,,,,0,0,1,1,0,1,0,282,,,
13297819,N,N,N,N,N,N,N,5/20/2013,4:37 PM,130027804,,220,19,N,Y,,,19,,,1,1700,NE,GREEN OAKS,BLVD,N,N,45,N,N,,N,19,,,,2400,,ASCENSION,BLVD,,,,,,,11,1,0,,3,1,20,4:37 PM,DISPATCHED,4:42 PM,5/20/2013,Y,TX2200100,59,,8,31,8,2,4,22,64,39,1,5,1,21,21,220,19,32.77808902,-97.08413967,,,,,NE GREEN OAKS BLVD,,,,,,,,,,,,,,,Y,N,N,5,9,Y,MON,,,,,,,,,,,,,,,,,,,,,,,,,,,,,,,,,,,,,,,,,,,,,,,,,,,,,,,,0,0,0,3,0,0,0,282,,,
13298086,N,N,N,N,N,N,N,5/10/2013,1:44 PM,A13-14538,,108,295,N,N,,,19,,,1,900,N,HOLLAND,AVE,N,N,30,N,N,,N,8,83,,,800,W,NOT REPORTED,,,,,,,,11,1,0,,1,1,5,1:44 PM,DISPATCHED,1:53 PM,5/10/2013,Y,TX1081000,1791,,,,8,2,2,22,64,38,1,2,1,21,21,108,295,26.21593276,-98.33385817,,,,,N HOLLAND AVE,902,,,,,,US,83,,US0083,,,,,N,N,N,5,7,Y,FRI,,,,,,,,,,,,,,,,,,,,,,,,,,,,,,,,,,,,,,,,,,,,,,,,,,,,,,,,0,0,0,1,1,0,0,230,,,
13298783,N,N,N,N,N,N,N,5/20/2013,5:00 PM,130068117,0,101,1666,Y,N,,,19,,,1,16000,,EAST,FWY,N,N,65,N,N,,N,15,,,,,,MALGNOLIA,,,,,,,,11,1,0,,1,1,1,5:37 PM,DISPATCHED,5:45 PM,5/20/2013,Y,TX1010000,1419,109,4,5,8,8,4,1,50,54,1,4,1,21,21,101,1666,29.77945479,-95.11924315,,,,,EAST FWY,16000,,,,,,,,,,,,,,N,N,Y,5,0,Y,MON,,,,,,,,,,,,,,,,,,,,,,,,,,,,,,,,,,,,,,,,,,,,,,,,,,,,,,,,0,0,0,1,0,0,0,15,,,
13298900,N,N,N,N,N,N,N,5/19/2013,9:15 PM,13-04206,,84,165,N,Y,,,19,,,1,27,,STREET,,N,N,35,N,N,2 LANE NOT DIVIDED,Y,19,,,1,,,AVE O HALF,,,,,,2 LANE NOT DIVIDED,,12,4,2,,1,1,8,9:15 PM,DISPATCH,9:20 PM,5/19/2013,Y,TX0840400,1341,,,,8,2,1,10,64,3,1,5,1,21,21,84,165,,,,,,,STREET,,,,,,,,,,AVE O HALF,,,,,Y,N,N,5,6,N,SUN,,,,,,,,,,,,,,,,,,,,,,,,,,,,,,,,,,,,,,,,,,,,,,,,,,,,,,,,0,0,0,5,0,0,0,,,,
13299079,N,N,N,N,N,N,N,5/7/2013,11:10 PM,13048473,,57,289,N,Y,,,19,,,1,1900,,OATES,DR,N,N,40,N,N,,Y,1,635,,2,16000,,NOT REPORTED,,,,,,,,11,4,0,2,1,1,21,11:10 PM,DISPATCH,11:11 PM,5/7/2013,Y,TX0571800,1774,,41,40,8,2,2,22,64,38,2,1,1,21,21,57,289,32.83561157,-96.63241054,IH,635,,9.717,IH0635,,2374,2,9.616,9,-0.14,,,,OATES DR,,,,,Y,Y,N,3,8,Y,TUE,5,1,10,12,28,2,8,320,140,96,5,0,0,2,20,5,2,24,5,2,8,4,11,190349,2014,190349,5.2,8.7,14,,,,,,,,,,,,,,,,,,,,,,,,,,,0,0,1,2,0,1,0,282,,,
13299254,N,N,N,N,N,N,N,5/17/2013,3:54 PM,13-8486,,92,268,N,Y,,,11,281,,1,2400,W,LOOP 281,,N,N,45,N,N,,Y,4,1845,,1,400,,PINE TREE,RD,,,,,,,11,1,4,3,1,1,5,3:54 PM,DISPATCHED,3:58 PM,5/17/2013,Y,920500,1691,,,,8,2,1,34,64,54,1,3,1,21,21,92,268,32.51049805,-94.79611969,FM,1845,,9.439,FM1845,,1763,2,15.965,282,-0.043,SL,281,,SL0281,,2642,1,0.211,Y,Y,N,5,7,Y,FRI,2,0,0,0,0,2,4,80,48,48,2,2,2,1,0,0,1,0,0,0,0,3,16,11323,2014,11323,1.4,1.1,2.4,,,,,,,,,,,,,,,,,,,,,,,,,,,0,0,0,2,0,0,0,361,,,
13299271,N,N,N,N,N,N,N,5/21/2013,4:58 PM,13-8789,,92,268,N,N,,,19,,,1,100,,MOBBERLY,AVE,N,N,40,N,N,,Y,19,,,1,700,E,METHVIN,ST,,,,,,,12,1,4,,1,1,5,5:00 PM,DISPATCHED,5:11 PM,5/21/2013,Y,920500,1691,,,,8,2,1,34,64,54,1,5,1,21,21,92,268,32.49330423,-94.72919312,,,,,S MOBBERLY AVE,100,,,,,,,,,UNKNOWN,,,,,N,N,N,5,7,Y,TUE,,,,,,,,,,,,,,,,,,,,,,,,,,,,,,,,,,,,,,,,,,,,,,,,,,,,,,,,0,0,0,3,0,0,0,361,,,
13299421,N,N,N,N,N,N,N,5/15/2013,2:24 PM,2013-09989,,239,48,N,Y,,,2,290,,1,1800,W,US HIGHWAY 290,HWY,N,N,45,N,N,,N,19,,,1,,N,DIXIE,ST,,,,,,,12,1,3,,1,1,1,2:24 PM,DISPATCH,2:26 PM,5/15/2013,Y,TX2390100,156,,,,8,2,4,21,64,9,1,2,1,21,21,239,48,,,US,290,,,US0290,,,,,,,,,,,,,,,Y,Y,N,5,5,N,WED,,,,,,,,,,,,,,,,,,,,,,,,,,,,,,,,,,,,,,,,,,,,,,,,,,,,,,,,0,0,0,3,0,0,0,,,,
13300655,N,N,N,N,N,N,N,5/21/2013,3:57 PM,131411173,,227,22,N,Y,,,19,,,2,,N,MOPAC SVRD NB,,N,N,55,N,N,,Y,19,,,,,,STECK,AVE,,,,,,,11,1,4,2,1,1,20,3:57 PM,DISPATCH,4:39 PM,5/21/2013,Y,TX2270100,74,,46,64,8,7,2,1,36,32,2,2,2,21,21,227,22,30.36818308,-97.74249246,SL,1,,8.552,SL0001,,3136,1,8.679,432,0.795,US,183,,US0183,,,,,Y,Y,N,5,9,Y,TUE,5,0,6,10,48,2,6,350,104,72,4,1,0,2,12,5,2,20,5,2,36,4,12,123443,2014,123443,1.3,0.3,1.6,1,210,1,1,11,,,,,,,,,,,,,,,,,,,,,,0,0,0,3,0,0,0,90,,,
13300904,N,N,N,N,N,N,N,4/20/2013,12:45 PM,1300008186,,220,37,N,Y,,,2,377,,1,9000,S,NOT REPORTED,HWY,N,N,40,N,N,,N,19,,,,1000,,SPROLES,DR,,,,,,,11,1,0,3,2,1,20,12:48 PM,RADIO DISPATCH,12:50 PM,4/20/2013,Y,TX2200400,115,,,,8,2,4,20,64,42,1,2,1,21,21,220,37,32.67459913,-97.46825335,US,377,,101.725,US0377,9076,80,7,4.932,304,0.273,,,,,,,,,Y,Y,N,5,5,Y,SAT,2,0,8,8,0,2,4,120,76,60,4,0,0,2,8,5,2,8,5,0,0,4,14,34170,2014,34170,3.1,2.8,5.9,,,,,,,,,,,,,,,,,,,,,,,,,,,0,0,0,2,0,0,0,282,,,
13301140,N,N,N,N,N,N,N,5/16/2013,7:53 AM,13-136047,,71,136,N,Y,,,19,,,1,10800,,MONTANA,AVE,N,N,55,N,N,,N,19,,,1,,,LEE TREVEINO,,,,,,,,11,1,0,2,1,1,20,7:58 AM,DISPATCHED,8:08 AM,5/16/2013,Y,TX0710200,1259,,,221,8,2,4,20,64,42,1,2,1,21,21,71,136,31.79923196,-106.3231484,US,62,,11.047,US0062,,374,2,18.327,30,-0.804,,,,,,,,,Y,Y,N,5,9,Y,THU,3,0,6,10,73,2,4,200,80,48,4,0,0,2,12,5,2,20,5,2,61,4,14,29357,2014,29357,5.7,14.8,20.4,,,,,,,,,,,,,,,,,,,,,,,,,,,0,0,0,8,0,0,0,66,,,
13302132,N,N,N,N,N,N,N,5/16/2013,11:05 PM,0060632213P,,101,208,N,Y,,,19,,,1,713,,MEDINA,,N,N,30,N,N,2WAY/CONCRETE/DRY/UNDIVIDED,N,19,,,,800,E,ERATH,ST,,,,,,,11,3,0,,1,1,1,11:28 PM,DISPATCH,11:34 PM,6/5/2013,Y,TXHPD0000,2469,24,113,65,8,7,3,4,33,14,1,5,2,32,21,101,208,29.72037069,-95.27972216,,,,,MEDINA ST,706,,,,,,,,,,,,,,Y,N,N,0,9,Y,THU,,,,,,,,,,,,,,,,,,,,,,,,,,,,,,,,,,,,,,,,,,,,,,,,,,,,,,,,0,0,0,0,0,0,0,15,,,
13302946,N,N,N,N,N,N,N,5/20/2013,4:30 PM,13-10750,,108,448,N,N,,,19,,,1,1900,E,1ST,ST,N,N,30,N,N,,N,19,,,,,,PALO BLANCO,ST,,,,,,,11,1,0,,1,1,1,4:35 PM,DISPATCHED,4:42 PM,5/20/2013,Y,TX1081400,2396,,,,8,2,3,45,64,14,1,5,1,32,21,108,448,26.16254471,-97.97124694,,,,,E 1ST ST,2080,,,,,,,,,,,,,,N,N,N,5,6,Y,MON,,,,,,,,,,,,,,,,,,,,,,,,,,,,,,,,,,,,,,,,,,,,,,,,,,,,,,,,0,0,0,6,0,0,0,230,,,