Crash_ID,Crash_Fatal_Fl,Cmv_Involv_Fl,Schl_Bus_Fl,Rr_Relat_Fl,Medical_Advisory_Fl,Amend_Supp_Fl,Active_School_Zone_Fl,Crash_Date,Crash_Time,Case_ID,Local_Use,Rpt_CRIS_Cnty_ID,Rpt_City_ID,Rpt_Outside_City_Limit_Fl,Thousand_Damage_Fl,Rpt_Latitude,Rpt_Longitude,Rpt_Rdwy_Sys_ID,Rpt_Hwy_Num,Rpt_Hwy_Sfx,Rpt_Road_Part_ID,Rpt_Block_Num,Rpt_Street_Pfx,Rpt_Street_Name,Rpt_Street_Sfx,Private_Dr_Fl,Toll_Road_Fl,Crash_Speed_Limit,Road_Constr_Zone_Fl,Road_Constr_Zone_Wrkr_Fl,Rpt_Street_Desc,At_Intrsct_Fl,Rpt_Sec_Rdwy_Sys_ID,Rpt_Sec_Hwy_Num,Rpt_Sec_Hwy_Sfx,Rpt_Sec_Road_Part_ID,Rpt_Sec_Block_Num,Rpt_Sec_Street_Pfx,Rpt_Sec_Street_Name,Rpt_Sec_Street_Sfx,Rpt_Ref_Mark_Offset_Amt,Rpt_Ref_Mark_Dist_Uom,Rpt_Ref_Mark_Dir,Rpt_Ref_Mark_Nbr,Rpt_Sec_Street_Desc,Rpt_CrossingNumber,Wthr_Cond_ID,Light_Cond_ID,Entr_Road_ID,Road_Type_ID,Road_Algn_ID,Surf_Cond_ID,Traffic_Cntl_ID,Investigat_Notify_Time,Investigat_Notify_Meth,Investigat_Arrv_Time,Report_Date,Investigat_Comp_Fl,ORI_Number,Investigat_Agency_ID,Investigat_Area_ID,Investigat_District_ID,Investigat_Region_ID,Bridge_Detail_ID,Harm_Evnt_ID,Intrsct_Relat_ID,FHE_Collsn_ID,Obj_Struck_ID,Othr_Factr_ID,Road_Part_Adj_ID,Road_Cls_ID,Road_Relat_ID,Phys_Featr_1_ID,Phys_Featr_2_ID,Cnty_ID,City_ID,Latitude,Longitude,Hwy_Sys,Hwy_Nbr,Hwy_Sfx,Dfo,Street_Name,Street_Nbr,Control,Section,Milepoint,Ref_Mark_Nbr,Ref_Mark_Displ,Hwy_Sys_2,Hwy_Nbr_2,Hwy_Sfx_2,Street_Name_2,Street_Nbr_2,Control_2,Section_2,Milepoint_2,Txdot_Rptable_Fl,Onsys_Fl,Rural_Fl,Crash_Sev_ID,Pop_Group_ID,Located_Fl,Day_of_Week,Hwy_Dsgn_Lane_ID,Hwy_Dsgn_Hrt_ID,Hp_Shldr_Left,Hp_Shldr_Right,Hp_Median_Width,Base_Type_ID,Nbr_Of_Lane,Row_Width_Usual,Roadbed_Width,Surf_Width,Surf_Type_ID,Curb_Type_Left_ID,Curb_Type_Right_ID,Shldr_Type_Left_ID,Shldr_Width_Left,Shldr_Use_Left_ID,Shldr_Type_Right_ID,Shldr_Width_Right,Shldr_Use_Right_ID,Median_Type_ID,Median_Width,Rural_Urban_Type_ID,Func_Sys_ID,Adt_Curnt_Amt,Adt_Curnt_Year,Adt_Adj_Curnt_Amt,Pct_Single_Trk_Adt,Pct_Combo_Trk_Adt,Trk_Aadt_Pct,Curve_Type_ID,Curve_Lngth,Cd_Degr,Delta_Left_Right_ID,Dd_Degr,Feature_Crossed,Structure_Number,I_R_Min_Vert_Clear,Approach_Width,Bridge_Median_ID,Bridge_Loading_Type_ID,Bridge_Loading_In_1000_Lbs,Bridge_Srvc_Type_On_ID,Bridge_Srvc_Type_Under_ID,Culvert_Type_ID,Roadway_Width,Deck_Width,Bridge_Dir_Of_Traffic_ID,Bridge_Rte_Struct_Func_ID,Bridge_IR_Struct_Func_ID,CrossingNumber,RRCo,Poscrossing_ID,WDCode_ID,Standstop,Yield,Incap_Injry_Cnt,Nonincap_Injry_Cnt,Poss_Injry_Cnt,Non_Injry_Cnt,Unkn_Injry_Cnt,Tot_Injry_Cnt,Death_Cnt,MPO_ID,Investigat_Service_ID,Investigat_DA_ID,Investigator_Narrative
13281750,N,N,N,N,Y,N,N,5/23/2013,1:00 PM,,,205,1770,Y,Y,27.94292,-97.57542,4,631,,1,,,NOT REPORTED,,N,N,-1,N,N,,N,15,51,,,,,NOT REPORTED,,,,,,,,11,1,0,1,5,1,20,1:08 PM,DISPATCHED,1:20 PM,5/23/2013,Y,,10000,12,112,1,8,7,4,1,22,54,1,3,2,21,21,205,1770,27.94294204,-97.57541394,FM,631,,0.721,FM0631,14619,507,2,0.692,550,0.696,,,,,,,,,Y,Y,Y,1,0,Y,THU,2,0,4,4,0,2,2,80,32,24,2,0,0,2,4,5,2,4,5,0,0,1,7,1491,2014,1491,3.4,3.6,7,1,122,10,,0,,,,,,,,,,,,,,,,,,,,,,1,0,0,0,0,1,0,,,,
13281970,N,N,N,N,N,N,N,5/22/2013,9:30 PM,2013-2097,,50,95,N,Y,,,19,,,1,200,,CONSTITUTION,DR,N,N,30,N,N,,Y,19,,,1,2700,,INDEPENDENCE,DR,,,,,,,11,4,2,,1,1,20,9:32 PM,DISPATCHED,9:34 PM,5/23/2013,Y,TX0500100,1112,,,35,8,2,1,24,64,54,1,5,1,21,21,50,95,31.11976462,-97.86863239,,,,,CONSTITUTION DR,301,,,,,,,,,INDEPENDENCE DR,,,,,Y,N,N,5,6,Y,WED,,,,,,,,,,,,,,,,,,,,,,,,,,,,,,,,,,,,,,,,,,,,,,,,,,,,,,,,0,0,0,4,0,0,0,277,,,
13284066,N,N,N,N,N,N,N,5/23/2013,5:25 PM,0063768813Z,,101,208,N,Y,,,19,,,1,100,,RANKIN,RD,N,N,30,N,N,,Y,19,,,1,13700,,RICHBOROUGH,,,,,,,,11,1,0,,1,1,8,5:26 PM,ON VIEW,5:26 PM,5/23/2013,Y,TXHPD0000,2469,52,152,59,8,2,1,10,64,3,1,5,1,21,21,101,208,29.96586476,-95.42185307,,,,,W RANKIN RD,201,,,,,,,,,RICHBOURG ST,,,,,Y,N,N,2,9,Y,THU,,,,,,,,,,,,,,,,,,,,,,,,,,,,,,,,,,,,,,,,,,,,,,,,,,,,,,,,0,1,0,2,0,1,0,15,,,
13284646,N,N,N,N,N,N,N,5/24/2013,6:53 PM,129168A,,57,107,N,N,,,19,,,1,3000,E,ILLINOIS,AVE,N,N,40,N,N,,N,19,,,,,,BONNIE VIEW,RD,,,,,,,12,1,0,,1,1,5,7:58 PM,DISPATCHED,8:13 PM,5/24/2013,N,TX0000006,2471,,,71,8,2,2,22,64,38,1,5,1,21,21,57,107,32.71647362,-96.77640352,,,,,E ILLINOIS AVE,3011,,,,,,,,,BONNIE VIEW RD,,,,,N,N,N,5,9,Y,FRI,,,,,,,,,,,,,,,,,,,,,,,,,,,,,,,,,,,,,,,,,,,,,,,,,,,,,,,,0,0,0,1,1,0,0,282,,,
13284704,N,N,N,N,N,N,N,5/25/2013,2:22 PM,SAPD13111067,2340,15,379,N,Y,,,19,,,1,2000,,BUENA VISTA,ST,N,N,35,N,N,,N,19,,,,100,S,SABINAS,ST,,,,,,,12,1,0,,1,2,1,2:35 PM,DISPATCH,2:45 PM,5/25/2013,Y,TXSPD0000,2473,,109,138,8,2,2,21,64,3,1,5,1,21,21,15,379,29.42645643,-98.52019795,,,,,BUENA VISTA ST,2002,,,,,,,,,S SABINAS ST,,,,,Y,N,N,5,9,Y,SAT,,,,,,,,,,,,,,,,,,,,,,,,,,,,,,,,,,,,,,,,,,,,,,,,,,,,,,,,0,0,0,3,0,0,0,28,,,
13284804,N,N,N,N,N,N,N,5/24/2013,5:50 PM,0064258113E,,101,208,N,Y,,,19,,,1,9200,,LAURA KOPPE,RD,N,N,35,N,N,SMOOTH CONCRETE,Y,19,,,1,8700,,SULTON,RD,,,,,,,11,1,0,,1,1,8,5:56 PM,HPD DISPATCH,5:59 PM,5/24/2013,Y,TXHPD0000,2469,6,124,42,8,2,1,10,64,54,1,5,1,21,21,101,208,29.83994478,-95.25276312,,,,,LAURA KOPPE RD,9201,,,,,,,,,SULTAN DR,,,,,Y,N,N,5,9,Y,FRI,,,,,,,,,,,,,,,,,,,,,,,,,,,,,,,,,,,,,,,,,,,,,,,,,,,,,,,,0,0,0,3,0,0,0,15,,,
13284821,N,N,N,N,N,N,N,5/25/2013,12:35 AM,P131450025,13-14144,79,1644,Y,Y,,,19,,,1,8500,,CHICKMAUGA,LN,N,N,35,N,N,,N,19,,,,16700,,KEEGANS RIDGE WAY,DR,,,,,,,11,4,2,,1,1,1,12:35 AM,DISPATCHED,12:49 AM,5/25/2013,N,TX0790000,1312,,,35,8,7,2,3,21,54,1,4,2,21,21,79,1644,29.68119224,-95.67777346,,,,,CHICKAMAUGA LN,8596,,,,,,,,,KEEGANS RIDGE WAY DR,,,,,Y,N,Y,5,0,Y,SAT,,,,,,,,,,,,,,,,,,,,,,,,,,,,,,,,,,,,,,,,,,,,,,,,,,,,,,,,0,0,0,1,0,0,0,15,,,
13284938,N,N,N,N,N,N,N,5/26/2013,4:20 AM,13-12060,2 Unit Minor Acc,57,218,N,Y,,,1,635,,1,900,W,LYNDON B JOHNSON,FWY,N,N,60,N,N,,N,19,,,,7900,N,MACARTHUR,BLVD,,,,,,,2,3,0,2,1,2,20,4:22 AM,DISPATCHED,4:24 AM,5/26/2013,Y,TX0571500,1518,,,33,8,2,4,21,20,9,1,1,1,21,21,57,218,32.91570523,-96.95984781,IH,635,,31.457,IH0635,,2374,7,4.114,31,0.069,,,,,,,,,Y,Y,N,5,8,Y,SUN,5,0,11,11,30,2,6,800,116,72,5,0,0,2,22,5,2,22,5,2,8,4,11,57691,2014,57691,2.8,3.7,6.4,,,,,,,,,,,,,,,,,,,,,,,,,,,0,0,0,5,0,0,0,282,,,
13285173,N,N,N,N,N,N,N,5/26/2013,10:05 PM,13-13287,,227,1792,Y,Y,,,19,,,7,12200,,TRAILS END,RD,N,N,45,N,N,,N,19,,,,17000,,TRAILS END,CV,,,,,,,12,3,0,,1,1,1,10:05 PM,RADIO DISPATCH,10:10 PM,5/27/2013,N,TX2270000,2292,,29,208,8,7,4,1,32,54,1,5,2,21,21,227,1792,30.50009474,-97.88843241,,,,,TRAILS END RD,12200,,,,,,,,,,,,,,Y,N,Y,0,0,Y,SUN,,,,,,,,,,,,,,,,,,,,,,,,,,,,,,,,,,,,,,,,,,,,,,,,,,,,,,,,0,0,0,0,1,0,0,90,,,
13285297,N,N,N,N,N,N,N,5/22/2013,5:55 AM,,,242,1807,Y,N,35.19275,-100.2492,2,83,,1,,,NOT REPORTED,,N,N,70,N,N,,N,,,,,,,NOT REPORTED,,0.6,M,N,118,,,11,3,0,1,6,1,12,6:07 AM,DISPATCHED,6:36 AM,5/22/2013,Y,,10000,19,130,1,8,6,4,1,64,54,1,2,1,21,21,242,1807,35.18961219,-100.2501235,US,83,,105.756,US0083,,31,1,2.511,118,-0.6,,,,NOT REPORTED,,,,,N,Y,Y,5,0,Y,WED,2,0,8,8,0,9,2,100,40,24,6,0,0,2,8,5,2,8,5,0,0,1,6,1821,2014,1821,3.7,26.6,30.3,,,,,,,,,,,,,,,,,,,,,,,,,,,0,0,0,1,0,0,0,,,,
13285690,N,N,N,N,N,N,N,5/25/2013,7:40 PM,130079A,,57,107,N,Y,,,1,45,,1,600,N,JULIUS SCHEPPS,FWY,N,N,60,N,N,,N,19,,,,2900,,ROSS,AVE,,,,,,,2,5,0,2,4,2,20,7:44 PM,DISPATCHED,7:47 PM,5/25/2013,Y,TX0000006,2471,,,35,8,2,4,22,64,10,1,1,1,21,21,57,107,32.79256707,-96.79249222,IH,345,,1.211,IH0345,,92,14,21.228,1,0.168,,,,,,,,,Y,Y,N,5,9,Y,SAT,5,0,10,10,24,9,8,300,136,96,5,0,0,2,20,5,2,20,5,2,4,4,11,158422,2014,158422,4.4,23.9,28.3,1,75,1,1,3,,,,,,,,,,,,,,,,,,,,,,0,0,0,2,0,0,0,282,,,
13285706,N,N,N,N,N,N,N,5/26/2013,9:40 PM,0065267313I,,101,208,N,Y,,,19,,,1,5300,W,OREM,DR,N,N,45,N,N,DRY CONCRETE,N,19,,,,13500,,JORNS,ST,,,,,,,11,4,2,,1,1,20,9:47 PM,DISPATCHED,9:50 PM,5/26/2013,Y,TXHPD0000,2469,18,125,81,8,2,4,12,64,54,1,5,2,21,21,101,208,29.62721402,-95.46223613,,,,,W OREM DR,5336,,,,,,,,,,,,,,Y,N,N,5,9,Y,SUN,,,,,,,,,,,,,,,,,,,,,,,,,,,,,,,,,,,,,,,,,,,,,,,,,,,,,,,,0,0,0,2,0,0,0,15,,,
13285715,N,N,N,N,N,N,N,5/24/2013,10:50 PM,0064401913M,,101,208,N,Y,,,19,,,1,6600,W,AIRPORT,BLVD,N,N,35,N,N,CONCRETE,Y,19,,,1,12200,,FONDREN,RD,,,,,,,12,4,4,,1,1,5,11:07 PM,FLAGGED DOWN,11:07 PM,5/25/2013,Y,TXHPD0000,2469,6,125,55,8,2,1,10,64,54,1,5,1,21,21,101,208,29.64416483,-95.50836306,,,,,W AIRPORT BLVD,,,,,,,,,,FONDREN RD,,,,,Y,N,N,5,9,Y,FRI,,,,,,,,,,,,,,,,,,,,,,,,,,,,,,,,,,,,,,,,,,,,,,,,,,,,,,,,0,0,0,2,0,0,0,15,,,
13285791,N,Y,N,N,Y,N,N,5/27/2013,12:55 AM,131187A,,57,107,N,Y,,,19,,,1,2900,,DOTHAN,LN,N,N,30,N,N,,N,19,,,,,,BROCKBANK,DR,,,,,,,11,4,0,,1,1,1,2:19 AM,DISPATCHED,2:41 AM,5/28/2013,Y,TX0000006,2471,,,71,8,4,4,1,64,3,1,5,1,21,21,57,107,32.8978112,-96.87949959,,,,,DOTHAN LN,2931,,,,,,,,,,,,,,Y,N,N,3,9,Y,MON,,,,,,,,,,,,,,,,,,,,,,,,,,,,,,,,,,,,,,,,,,,,,,,,,,,,,,,,0,0,1,0,0,1,0,282,,,
13286962,N,N,N,N,N,N,N,5/26/2013,11:57 AM,13-05448,111,61,259,N,Y,,,4,900,,1,900,W,MAIN,ST,N,N,40,N,N,,N,19,,,,100,N,VALLEY,PKWY,,,,,,,11,1,0,2,1,1,5,12:02 PM,DISPATHED,12:04 PM,5/28/2013,N,TX0610600,1659,,,35,8,2,2,20,64,38,1,3,1,21,21,61,259,33.04226864,-97.01901267,FM,1171,,14.227,FM1171,,1311,1,21.606,574,0.149,,,,N VALLEY PKWY,,,,,Y,Y,N,5,7,Y,SUN,3,0,0,3,15,2,6,100,69,66,5,1,2,1,0,0,2,3,5,1,15,4,14,40179,2014,40179,5.2,20.5,25.7,1,208,3,1,32,,,,,,,,,,,,,,,,,,,,,,0,0,0,2,1,0,0,282,,,
13287140,N,N,N,N,N,N,N,5/25/2013,10:45 AM,,,234,1799,Y,Y,32.56452,-95.63425,15,1514,,1,,,NOT REPORTED,,N,N,60,N,N,,N,15,1507,,,,,NOT REPORTED,,,,,,,,12,1,0,,2,1,1,10:50 AM,VZCOSO,11:11 AM,5/25/2013,Y,,10000,7,28,1,8,7,4,1,32,54,1,4,2,21,21,234,1799,32.56445813,-95.63424841,,,,,VZ COUNTY ROAD 1514,2161,,,,,,,,,,,,,,Y,N,Y,3,0,Y,SAT,,,,,,,,,,,,,,,,,,,,,,,,,,,,,,,,,,,,,,,,,,,,,,,,,,,,,,,,0,0,1,0,0,1,0,,,,
13287549,N,N,N,N,N,N,N,5/28/2013,5:57 PM,132676A,,57,107,N,Y,,,2,75,,1,10800,N,CENTRAL,EXPY,N,N,60,N,N,,N,19,,,,7900,,ROYAL,LN,,,,,,,11,1,0,2,1,1,1,5:59 PM,DISPATCHED,6:10 PM,5/28/2013,Y,tx0000006,2471,,,71,8,2,4,20,64,54,1,2,1,21,21,57,107,32.89497106,-96.76912444,US,75,,68.131,US0075,,47,7,7.458,264,-0.342,,,,,,,,,Y,Y,N,5,9,Y,TUE,5,0,10,10,24,3,8,300,136,96,5,0,0,2,20,5,2,20,5,2,4,4,12,165434,2014,165434,2.8,5.4,8.3,,,,,,,,,,,,,,,,,,,,,,,,,,,0,0,0,3,0,0,0,282,,,
13288176,N,N,N,N,N,N,N,5/29/2013,6:50 AM,133129A,,57,107,N,Y,,,3,183,,1,8600,,JOHN W CARPENTER,FWY,N,N,60,N,N,,N,19,,,,,,REGAL ROW,,,,,,,,12,1,0,,1,1,11,7:17 AM,DISPATCHED,7:25 AM,5/29/2013,Y,TX0000006,2471,,,87,8,7,4,1,39,54,1,2,4,21,21,57,107,,,SH,183,,,SH0183,,,,,,,,,,,,,,,Y,Y,N,2,9,N,WED,,,,,,,,,,,,,,,,,,,,,,,,,,,,,,,,,,,,,,,,,,,,,,,,,,,,,,,,0,1,0,1,0,1,0,,,,
13288223,N,N,N,N,N,N,N,5/22/2013,2:30 PM,0065853713W,FSRA,101,208,N,N,,,19,,,1,7255,,CORPORATE,DR,Y,N,-1,N,N,APARTMENT COMPLEX PARKING LOT,N,19,,,,9700,,STROUD,DR,,,,,,,0,0,0,,8,0,1,11:45 AM,WALKED IN STOREFRONT,11:45 AM,5/28/2013,Y,TXHPD0000,2469,16,128,39,8,1,4,1,64,54,7,9,5,33,21,101,208,,,,,,,CORPORATE DR,,,,,,,,,,,,,,,N,N,N,2,9,N,WED,,,,,,,,,,,,,,,,,,,,,,,,,,,,,,,,,,,,,,,,,,,,,,,,,,,,,,,,0,1,0,0,1,1,0,,,,
13289440,N,N,N,N,N,N,N,5/28/2013,11:40 AM,0065854413D,,101,208,N,Y,,,1,610,,1,2800,N,NORTH LP E,,N,N,60,N,N,CONCRETE,N,12,,,,,,HARDY,RD,,,,,,,11,1,0,,1,1,20,11:59 AM,DISPATCHED,12:12 PM,5/28/2013,Y,TXHPD0000,2469,24,124,113,8,2,4,20,64,3,1,1,1,21,21,101,208,,,IH,610,,,IH0610,,,,,,,,,,,,,,,Y,Y,N,5,9,N,TUE,,,,,,,,,,,,,,,,,,,,,,,,,,,,,,,,,,,,,,,,,,,,,,,,,,,,,,,,0,0,0,5,0,0,0,,,,
13289530,N,N,N,N,N,N,N,5/22/2013,4:05 PM,13-50254,,220,156,N,Y,32.79127,-97.38189,19,,,1,2000,,MENEFEE,AVE,N,N,30,N,N,,Y,19,,,1,2500,NW,20TH,ST,,,,,,,11,1,4,,2,1,8,4:55 PM,DISPATCHED,5:01 PM,5/22/2013,Y,TX2201200,1318,885,29,120,8,2,1,10,64,3,1,5,1,21,21,220,156,32.79125428,-97.38188242,,,,,MENEFEE AVE,2048,,,,,,,,,NW 20TH ST,,,,,Y,N,N,5,9,Y,WED,,,,,,,,,,,,,,,,,,,,,,,,,,,,,,,,,,,,,,,,,,,,,,,,,,,,,,,,0,0,0,2,0,0,0,282,,,
13289849,N,N,N,N,N,Y,N,5/23/2013,2:00 AM,,,68,1633,Y,Y,31.91045,-102.39422,15,,,1,,W,YUKON,ST,N,N,55,N,N,,N,2,385,,,,,NOT REPORTED,,,,,,,,11,4,4,,1,1,5,2:00 AM,DISPATCHED,3:04 AM,12/27/2013,Y,,10000,22,32,1,8,7,4,1,26,54,1,4,4,21,21,68,1633,31.91052679,-102.3942384,,,,,W YUKON RD,111,,,,,,,,,,,,,,Y,N,Y,2,0,Y,THU,,,,,,,,,,,,,,,,,,,,,,,,,,,,,,,,,,,,,,,,,,,,,,,,,,,,,,,,0,1,0,0,0,1,0,174,,,
13289953,N,N,N,N,N,N,N,5/29/2013,3:34 AM,0066203413J,FSGI,101,208,N,Y,,,12,,,1,2700,W,WEST SAM HOUSTON S,PKWY,N,Y,45,N,N,CONCRETE,Y,4,1093,,1,10400,,WESTHEIMER,RD,,,,,,,12,4,4,,1,1,5,3:36 AM,RADIO DISPATCH,3:39 AM,5/29/2013,Y,TXHPD0000,2469,16,128,21,8,2,1,10,64,54,1,3,1,21,21,101,208,,,,,,,W WEST SAM HOUSTON S PKWY,,,,,,,FM,1093,,FM1093,,,,,Y,N,N,5,9,N,WED,,,,,,,,,,,,,,,,,,,,,,,,,,,,,,,,,,,,,,,,,,,,,,,,,,,,,,,,0,0,0,1,1,0,0,,,,
13290004,N,N,N,N,N,N,N,5/24/2013,10:20 PM,0064385113A,,101,208,N,Y,,,1,45,,2,2700,N,NORTH SER W,FWY,N,N,30,N,N,CONCRETE,Y,19,,,1,,W,PATTON,ST,,,,,,,11,4,4,,1,1,8,10:31 PM,DISPATCHED,10:35 PM,5/25/2013,Y,TXHPD0000,2469,24,121,33,8,2,1,24,64,3,2,1,1,21,21,101,208,,,IH,45,,,IH0045,,,,,,,,,,W PATTON ST,,,,,Y,Y,N,5,9,N,FRI,,,,,,,,,,,,,,,,,,,,,,,,,,,,,,,,,,,,,,,,,,,,,,,,,,,,,,,,0,0,0,2,0,0,0,,,,
13290089,N,N,N,N,N,N,N,5/25/2013,1:44 PM,2013-46916,,108,283,N,Y,,,19,,,1,1400,E,JACKSON,AVE,N,N,35,N,N,,N,19,,,,1000,S,JACKSON,RD,,,,,,,11,1,4,,1,1,20,2:08 PM,DISPATCH,2:17 PM,5/25/2013,Y,TX1080800,1753,,,35,8,2,3,14,64,14,1,5,1,32,21,108,283,26.19081671,-98.20656683,,,,,E JACKSON AVE,1400,,,,,,,,,,,,,,Y,N,N,3,8,Y,SAT,,,,,,,,,,,,,,,,,,,,,,,,,,,,,,,,,,,,,,,,,,,,,,,,,,,,,,,,0,0,4,2,0,4,0,230,,,
13290877,N,N,N,N,N,N,N,5/22/2013,8:18 AM,2.01E+11,W/H,57,357,N,Y,,,19,,,1,,,CUSTER,RD,N,N,30,N,N,,Y,19,,,1,,,MELROSE,DR,,,,,,,12,1,4,,1,1,20,8:18 AM,RADIO DISPATCH,8:25 AM,5/22/2013,Y,TX0572000,2011,,8,63,8,2,1,34,64,54,1,5,1,21,21,57,357,32.96941422,-96.73426258,,,,,CUSTER RD,1448,,,,,,,,,MELROSE DR,,,,,Y,N,N,3,8,Y,WED,,,,,,,,,,,,,,,,,,,,,,,,,,,,,,,,,,,,,,,,,,,,,,,,,,,,,,,,0,0,1,2,0,1,0,282,,,
13291240,N,N,N,N,N,N,N,5/30/2013,10:00 AM,,,218,1783,Y,Y,30.53038,-100.85754,5,1989,,1,,,NOT REPORTED,,N,N,55,N,N,,N,,,,,,,NOT REPORTED,,0.6,M,W,424,,,11,1,0,1,1,1,11,10:15 AM,DISPATCHED,10:47 AM,5/30/2013,Y,,10000,15,32,1,8,7,4,1,22,3,1,3,2,21,21,218,1783,30.53019966,-100.8578477,RM,1989,,8.493,RM1989,,2227,1,8.452,424,0.6,,,,NOT REPORTED,,,,,Y,Y,Y,2,0,Y,THU,2,0,2,2,0,2,2,100,28,24,2,0,0,2,2,5,2,2,5,0,0,1,8,78,2014,78,6,4.5,10.4,,,,,,,,,,,,,,,,,,,,,,,,,,,0,1,0,0,0,1,0,,,,
13291346,N,N,N,N,N,N,N,5/30/2013,10:00 AM,SAPD13114778,3110,15,379,N,Y,,,19,,,1,2222,W,SILVER SANDS,,N,N,30,N,N,,N,19,,,,,,REVERIE,LN,,,,,,,12,1,2,,1,1,1,10:10 AM,DISP,10:15 AM,5/30/2013,Y,TXSPD0000,2473,,29,131,8,4,4,1,64,3,1,5,1,21,21,15,379,29.54353974,-98.49626314,,,,,W SILVER SANDS DR,178,,,,,,,,,,,,,,Y,N,N,5,9,Y,THU,,,,,,,,,,,,,,,,,,,,,,,,,,,,,,,,,,,,,,,,,,,,,,,,,,,,,,,,0,0,0,1,0,0,0,28,,,
13291808,N,N,N,N,N,N,N,5/26/2013,6:10 PM,130850A,,57,107,N,Y,,,1,35,E,1,2900,S,R L THORNTON,FWY,N,N,60,N,N,,N,19,,,,300,W,KIEST,BLVD,,,,,,,11,1,0,,1,1,20,6:14 PM,DISPATCHED,6:14 PM,5/30/2013,Y,TX0000006,2471,,,113,8,2,4,21,1,9,1,1,1,21,21,57,107,,,IH,35,E,,IH0035E,,,,,,,,,,,,,,,Y,Y,N,5,9,N,SUN,,,,,,,,,,,,,,,,,,,,,,,,,,,,,,,,,,,,,,,,,,,,,,,,,,,,,,,,0,0,0,3,0,0,0,,,,
13291827,N,N,N,N,N,N,N,5/29/2013,4:20 AM,133097A,,57,107,N,Y,,,3,67,,1,4600,,MARVIN D LOVE,FWY,N,N,60,N,N,,N,11,12,,,1300,W,LEDBETTER,DR,,,,,,,12,4,0,2,5,1,20,4:27 AM,DISPATCHED,4:42 AM,5/29/2013,Y,TX0000006,2471,,,71,8,2,4,21,56,9,1,2,1,21,21,57,107,32.68997044,-96.84682189,US,67,,185.908,US0067,,261,3,1.73,410,-0.957,,,,,,,,,Y,Y,N,2,9,Y,WED,5,1,4,4,8,2,4,300,64,48,5,0,0,2,4,5,2,4,5,2,4,4,12,71644,2014,71644,3,3.2,6.2,1,102,1,1,5,,,,,,,,,,,,,,,,,,,,,,0,1,1,1,0,2,0,282,,,
13291860,N,N,N,N,N,N,N,5/30/2013,9:12 PM,0067011213B,,101,208,N,Y,,,19,,,1,6200,,WESTHEIMER,RD,N,N,35,N,N,,Y,19,,,1,2700,,BRIARHURST,DR,,,,,,,11,4,0,2,1,1,5,10:12 PM,HPD DISPATCH,10:16 PM,5/31/2013,Y,TXHPD0000,2469,18,106,54,8,2,2,22,64,38,1,3,1,21,21,101,208,29.73770754,-95.49283311,FM,1093,,52.301,FM1093,6199,1258,4,12.249,680,0.216,,,,BRIARHURST DR,,,,,Y,Y,N,5,9,Y,THU,3,0,0,0,12,9,8,120,90,90,6,2,2,1,0,0,1,0,0,1,12,4,14,55345,2014,55345,3.9,1.4,5.2,,,,,,,,,,,,,,,,,,,,,,,,,,,0,0,0,2,0,0,0,15,,,
13292888,N,N,N,N,N,N,N,5/23/2013,4:30 PM,13E364,,101,208,N,N,,,1,I-10,,2,8500,,KATY FWY FRONTAGE ROAD,,N,N,45,N,N,SOUTH FRONTAGE ROAD-EAST BOUND,N,19,,,,900,,BINGLE,RD,,,,,LOCAL ROADWAY,,11,1,98,2,4,1,9,4:38 PM,DISPATCHED,4:39 PM,5/24/2013,Y,TX1012400,1767,,,198,8,2,2,22,64,42,2,1,1,21,21,101,408,29.78430369,-95.4984946,IH,10,,759.14,IH0010,,271,7,19.204,761,-0.221,IH,610,,IH0610,,,,,Y,Y,Y,3,3,Y,THU,5,1,0,10,30,9,6,275,96,72,6,0,0,1,10,0,2,10,5,2,20,4,11,287905,2014,287905,2.8,3.6,6.4,,,,,,,,,,,,,,,,,,,,,,,,,,,0,0,1,0,1,1,0,15,,,
13293047,N,N,N,N,N,N,N,5/24/2013,3:19 PM,1300009805,,220,363,N,Y,,,3,183,,1,4800,,RIVER OAKS,BLVD,N,N,40,N,N,FLAT LEVEL BLVD,Y,19,,,1,1300,,LONG,AVE,,,,,FLAT LEVEL 2 LANE,,12,1,4,2,1,2,5,3:19 PM,DISPATCHED,3:24 PM,5/24/2013,Y,TX2202300,2024,,8,11,8,2,2,22,64,38,1,2,1,21,21,220,363,32.78024386,-97.3908377,SH,183,,9.671,SH0183,,94,5,5.887,562,-0.753,,,,LONG AVE,,,,,Y,Y,N,5,4,Y,FRI,3,0,0,8,2,9,4,171,62,46,6,0,0,1,0,0,2,16,5,2,2,4,14,19770,2014,19770,3.6,5,8.5,,,,,,,,,,,,,,,,,,,,,,,,,,,0,0,0,3,0,0,0,282,,,