Crash_ID,Crash_Fatal_Fl,Cmv_Involv_Fl,Schl_Bus_Fl,Rr_Relat_Fl,Medical_Advisory_Fl,Amend_Supp_Fl,Active_School_Zone_Fl,Crash_Date,Crash_Time,Case_ID,Local_Use,Rpt_CRIS_Cnty_ID,Rpt_City_ID,Rpt_Outside_City_Limit_Fl,Thousand_Damage_Fl,Rpt_Latitude,Rpt_Longitude,Rpt_Rdwy_Sys_ID,Rpt_Hwy_Num,Rpt_Hwy_Sfx,Rpt_Road_Part_ID,Rpt_Block_Num,Rpt_Street_Pfx,Rpt_Street_Name,Rpt_Street_Sfx,Private_Dr_Fl,Toll_Road_Fl,Crash_Speed_Limit,Road_Constr_Zone_Fl,Road_Constr_Zone_Wrkr_Fl,Rpt_Street_Desc,At_Intrsct_Fl,Rpt_Sec_Rdwy_Sys_ID,Rpt_Sec_Hwy_Num,Rpt_Sec_Hwy_Sfx,Rpt_Sec_Road_Part_ID,Rpt_Sec_Block_Num,Rpt_Sec_Street_Pfx,Rpt_Sec_Street_Name,Rpt_Sec_Street_Sfx,Rpt_Ref_Mark_Offset_Amt,Rpt_Ref_Mark_Dist_Uom,Rpt_Ref_Mark_Dir,Rpt_Ref_Mark_Nbr,Rpt_Sec_Street_Desc,Rpt_CrossingNumber,Wthr_Cond_ID,Light_Cond_ID,Entr_Road_ID,Road_Type_ID,Road_Algn_ID,Surf_Cond_ID,Traffic_Cntl_ID,Investigat_Notify_Time,Investigat_Notify_Meth,Investigat_Arrv_Time,Report_Date,Investigat_Comp_Fl,ORI_Number,Investigat_Agency_ID,Investigat_Area_ID,Investigat_District_ID,Investigat_Region_ID,Bridge_Detail_ID,Harm_Evnt_ID,Intrsct_Relat_ID,FHE_Collsn_ID,Obj_Struck_ID,Othr_Factr_ID,Road_Part_Adj_ID,Road_Cls_ID,Road_Relat_ID,Phys_Featr_1_ID,Phys_Featr_2_ID,Cnty_ID,City_ID,Latitude,Longitude,Hwy_Sys,Hwy_Nbr,Hwy_Sfx,Dfo,Street_Name,Street_Nbr,Control,Section,Milepoint,Ref_Mark_Nbr,Ref_Mark_Displ,Hwy_Sys_2,Hwy_Nbr_2,Hwy_Sfx_2,Street_Name_2,Street_Nbr_2,Control_2,Section_2,Milepoint_2,Txdot_Rptable_Fl,Onsys_Fl,Rural_Fl,Crash_Sev_ID,Pop_Group_ID,Located_Fl,Day_of_Week,Hwy_Dsgn_Lane_ID,Hwy_Dsgn_Hrt_ID,Hp_Shldr_Left,Hp_Shldr_Right,Hp_Median_Width,Base_Type_ID,Nbr_Of_Lane,Row_Width_Usual,Roadbed_Width,Surf_Width,Surf_Type_ID,Curb_Type_Left_ID,Curb_Type_Right_ID,Shldr_Type_Left_ID,Shldr_Width_Left,Shldr_Use_Left_ID,Shldr_Type_Right_ID,Shldr_Width_Right,Shldr_Use_Right_ID,Median_Type_ID,Median_Width,Rural_Urban_Type_ID,Func_Sys_ID,Adt_Curnt_Amt,Adt_Curnt_Year,Adt_Adj_Curnt_Amt,Pct_Single_Trk_Adt,Pct_Combo_Trk_Adt,Trk_Aadt_Pct,Curve_Type_ID,Curve_Lngth,Cd_Degr,Delta_Left_Right_ID,Dd_Degr,Feature_Crossed,Structure_Number,I_R_Min_Vert_Clear,Approach_Width,Bridge_Median_ID,Bridge_Loading_Type_ID,Bridge_Loading_In_1000_Lbs,Bridge_Srvc_Type_On_ID,Bridge_Srvc_Type_Under_ID,Culvert_Type_ID,Roadway_Width,Deck_Width,Bridge_Dir_Of_Traffic_ID,Bridge_Rte_Struct_Func_ID,Bridge_IR_Struct_Func_ID,CrossingNumber,RRCo,Poscrossing_ID,WDCode_ID,Standstop,Yield,Incap_Injry_Cnt,Nonincap_Injry_Cnt,Poss_Injry_Cnt,Non_Injry_Cnt,Unkn_Injry_Cnt,Tot_Injry_Cnt,Death_Cnt,MPO_ID,Investigat_Service_ID,Investigat_DA_ID,Investigator_Narrative
13297662,N,N,N,N,N,N,N,5/25/2013,12:54 PM,13052506,,220,277,N,Y,,,19,,,1,100,W,DEBBIE,LN,N,N,45,N,N,PAVEMENT,N,19,,,1,1800,,TOWN CROSSING,BLVD,,,,,PAVEMENT,,11,1,2,,1,1,8,12:54 PM,DISPATCH,1:01 PM,5/25/2013,Y,TX2202000,1726,,,,8,2,1,10,64,54,1,5,1,21,21,220,277,32.59194801,-97.14651072,,,,,W DEBBIE LN,231,,,,,,,,,TOWNE CROSSING BLVD,,,,,Y,N,N,3,7,Y,SAT,,,,,,,,,,,,,,,,,,,,,,,,,,,,,,,,,,,,,,,,,,,,,,,,,,,,,,,,0,0,1,2,0,1,0,282,,,
13297689,N,N,N,N,N,N,N,5/23/2013,5:06 PM,13-17906,,152,270,N,Y,,,11,289,,2,1900,W,289,LOOP,N,N,45,N,N,,Y,3,114,,1,5800,,19TH,ST,,,,,19TH STREET,,12,1,4,2,1,1,5,5:21 PM,POLICE RADIO,5:26 PM,5/23/2013,Y,TX1520200,1706,,,,8,2,2,20,64,46,2,2,1,21,21,152,270,33.57780414,-101.943924,SH,114,,67.71,SH0114,,130,5,12.899,294,-0.113,SL,289,,SL0289,,,,,Y,Y,N,5,8,Y,THU,3,0,0,12,14,2,4,130,72,48,4,1,1,1,0,0,2,24,5,1,14,4,14,23405,2014,23405,1.9,2.4,4.3,,,,,,,,,,,,,,,,,,,,,,,,,,,0,0,0,2,0,0,0,122,,,
13297867,N,N,N,N,N,N,N,5/25/2013,7:41 PM,130028968,,220,19,N,Y,,,3,360,,1,3500,,NOT REPORTED,,N,N,60,N,N,,N,19,,,,2700,E,MAYFIELD,RD,,,,,,,2,5,0,2,1,2,20,8:25 PM,DISPATCH,8:31 PM,5/25/2013,N,TX2200100,59,,8,134,8,2,4,21,64,9,1,2,1,21,21,220,19,32.69150992,-97.06258242,SH,360,,16.091,SH0360,,2266,2,16.148,272,0.038,,,,,,,,,Y,Y,N,5,9,Y,SAT,5,0,4,10,59,3,6,440,108,72,5,0,0,2,8,5,2,22,5,3,51,4,12,161628,2014,161628,3.4,2.4,5.9,,,,,,,,,,,,,,,,,,,,,,,,,,,0,0,0,1,1,0,0,282,,,
13298923,N,N,N,N,N,N,N,5/23/2013,12:40 PM,2.01E+11,,57,357,N,Y,,,19,,,1,300,W,CAMPBELL,RD,N,N,40,N,N,,Y,19,,,1,1900,,GATEWAY,BLVD,,,,,,,11,1,3,,1,1,8,12:44 PM,RADIO DISPATCH,12:46 PM,5/23/2013,Y,TX0572000,2011,,8,99,8,2,1,10,64,54,1,5,1,21,21,57,357,32.97553421,-96.72155258,,,,,W CAMPBELL RD,298,,,,,,,,,GATEWAY BLVD,,,,,Y,N,N,3,8,Y,THU,,,,,,,,,,,,,,,,,,,,,,,,,,,,,,,,,,,,,,,,,,,,,,,,,,,,,,,,0,0,3,4,0,3,0,282,,,
13299090,N,N,N,N,N,N,N,5/27/2013,9:20 PM,13051917,,246,256,N,Y,,,19,,,1,520,,POWELL,DR,N,N,30,N,N,POWELL DRIVE,Y,19,,,1,500,,HORSESHOE,DR,,,,,HORSESHOE DR,,11,3,0,,2,1,1,9:32 PM,COMMUNICATIONS,9:37 PM,5/27/2013,Y,TX2461700,1649,,,,8,7,4,1,32,3,1,5,2,21,21,246,256,30.56799472,-97.85875242,,,,,POWELL DR,598,,,,,,,,,,,,,,Y,N,N,3,6,Y,MON,,,,,,,,,,,,,,,,,,,,,,,,,,,,,,,,,,,,,,,,,,,,,,,,,,,,,,,,0,0,1,0,0,1,0,90,,,
13299611,N,Y,N,N,N,N,N,5/28/2013,2:45 PM,13-52449,,220,156,N,N,32.75798,-97.333,19,,,1,100,W,BELKNAP,ST,N,N,30,Y,N,,N,19,,,,100,N,HOUSTON,ST,,,,,,,12,1,0,,1,1,1,3:07 PM,POLICE DISPATCHED,3:07 PM,5/28/2013,Y,TX2201200,1318,885,3,120,8,2,4,22,64,49,1,1,1,20,21,220,156,32.75757585,-97.33374627,,,,,W BELKNAP ST,148,,,,,,,,,,,,,,N,N,N,5,9,Y,TUE,,,,,,,,,,,,,,,,,,,,,,,,,,,,,,,,,,,,,,,,,,,,,,,,,,,,,,,,0,0,0,2,0,0,0,282,,,
13299613,N,N,N,N,N,N,N,5/31/2013,10:00 AM,13-53598,,220,156,N,N,32.66694,-97.34506,19,,,1,5400,,JAMES,AVE,N,N,35,N,N,,N,19,,,,1700,,FRAZIER E,DR,,,,,,,12,1,98,,1,1,17,8:05 AM,DISPATCHED,8:19 AM,5/31/2013,Y,TX2201200,1318,885,11,120,8,2,3,10,64,14,1,5,1,32,21,220,156,32.6677543,-97.34504244,,,,,JAMES AVE,5400,,,,,,,,,,,,,,N,N,N,5,9,Y,FRI,,,,,,,,,,,,,,,,,,,,,,,,,,,,,,,,,,,,,,,,,,,,,,,,,,,,,,,,0,0,0,4,0,0,0,282,,,
13299696,N,N,N,N,N,N,N,5/29/2013,8:30 PM,13-53018,,220,156,N,Y,,,19,,,1,5200,,BRIARWOOD,DR,N,N,30,N,N,,N,19,,,,1600,,WILSON,RD,,,,,,,11,3,0,,1,1,1,9:57 PM,DISPATCHED,9:58 PM,5/29/2013,N,TX2201200,1318,885,9,120,8,4,4,5,64,3,1,5,1,21,21,220,156,32.75660605,-97.24162543,,,,,BRIARWOOD LN,5283,,,,,,,,,,,,,,Y,N,N,0,9,Y,WED,,,,,,,,,,,,,,,,,,,,,,,,,,,,,,,,,,,,,,,,,,,,,,,,,,,,,,,,0,0,0,0,1,0,0,282,,,
13299955,N,N,N,N,N,N,N,6/3/2013,6:27 PM,138517A,,57,107,N,Y,,,19,,,1,2200,,SKILLMAN,ST,N,N,30,N,N,,Y,19,,,1,6100,,RICHMOND,AVE,,,,,,,11,1,0,,1,1,5,6:43 PM,DISPATCHED,6:50 PM,6/3/2013,Y,TX0000006,2471,,,35,8,2,1,34,64,54,1,5,1,21,21,57,107,32.81612425,-96.76152258,,,,,SKILLMAN ST,,,,,,,,,,RICHMOND AVE,,,,,Y,N,N,5,9,Y,MON,,,,,,,,,,,,,,,,,,,,,,,,,,,,,,,,,,,,,,,,,,,,,,,,,,,,,,,,0,0,0,2,1,0,0,282,,,
13300067,N,N,N,N,N,N,N,5/31/2013,7:45 AM,,,68,1633,Y,Y,31.89842,-102.58618,3,302,,1,,,NOT REPORTED,,N,N,75,N,N,,N,4,866,,,,,NOT REPORTED,,,,,,,,11,1,4,2,1,1,11,7:51 AM,DISPATCHED,8:09 AM,5/31/2013,Y,,10000,22,32,1,8,7,2,2,20,25,1,2,2,21,21,68,1633,31.89925689,-102.5866484,SH,302,,68.572,SH0302,,572,1,10.514,256,-0.671,FM,866,,FM0866,,,,,Y,Y,Y,5,0,Y,FRI,3,0,4,10,64,2,4,200,76,48,4,0,0,2,8,5,2,20,5,3,56,3,16,10262,2014,10262,4.9,16.5,21.4,,,,,,,,,,,,,,,,,,,,,,,,,,,0,0,0,1,0,0,0,174,,,
13300109,N,N,N,N,N,N,N,6/4/2013,6:40 AM,SAPD13118877,3250,15,379,N,N,,,17,,,3,4354,,INDUSTRIAL CENTER,,Y,N,5,N,N,PARKING LOT/DRIVEWAY,N,19,,,,8700,,LOCKWAY,,,,,,8700 BLOCK OF LOCKWAY,,11,2,0,,2,1,1,6:45 AM,DISPATCH,6:48 AM,6/4/2013,Y,TXSPD0000,2473,,29,131,8,7,4,1,33,3,7,9,5,33,21,15,379,,,,,,,INDUSTRIAL CENTER,,,,,,,,,,,,,,,N,N,N,2,9,N,TUE,,,,,,,,,,,,,,,,,,,,,,,,,,,,,,,,,,,,,,,,,,,,,,,,,,,,,,,,0,1,0,0,0,1,0,,,,
13300113,N,N,N,N,N,N,N,6/4/2013,11:50 AM,SAPD13119067,3130,15,379,N,Y,,,19,,,1,17200,,HENDERSON PASS,,N,N,40,N,N,,Y,19,,,1,2200,,GOLD CANYON,,,,,,,,11,1,2,,1,1,5,11:50 AM,DISPATCH,12:09 PM,6/4/2013,Y,TXSPD0000,2473,,29,131,8,2,1,10,64,54,1,5,1,21,21,15,379,29.60228494,-98.45936231,,,,,HENDERSON PASS,,,,,,,,,,GOLD CANYON DR,,,,,Y,N,N,5,9,Y,TUE,,,,,,,,,,,,,,,,,,,,,,,,,,,,,,,,,,,,,,,,,,,,,,,,,,,,,,,,0,0,0,1,1,0,0,28,,,
13300147,N,N,N,N,N,N,N,6/3/2013,5:35 PM,0068784413B,,101,208,N,Y,,,1,45,,1,7900,S,GULF,FWY,N,N,60,N,N,,N,19,,,,,,PARK PLACE,,,,,,,,11,1,0,,2,1,20,5:45 PM,ONVIEW,5:45 PM,6/3/2013,Y,TXHPD0000,2469,18,113,65,8,2,4,20,64,42,1,1,1,21,21,101,208,,,IH,45,,,IH0045,,,,,,,,,,,,,,,Y,Y,N,5,9,N,MON,,,,,,,,,,,,,,,,,,,,,,,,,,,,,,,,,,,,,,,,,,,,,,,,,,,,,,,,0,0,0,3,0,0,0,,,,
13300197,N,N,N,N,N,N,N,5/31/2013,1:50 PM,SAPD13115807,7180,15,379,N,Y,,,1,10,,1,7800,W,NOT REPORTED,HWY,N,N,65,N,N,,N,19,,,,7900,,CALLAGHAN,RD,,,,,,,11,1,0,2,1,1,11,1:51 PM,DISPATCHED,1:59 PM,6/3/2013,Y,TXSPD0000,2473,,7,147,8,2,4,20,64,42,1,1,1,21,21,15,379,29.51126258,-98.55234538,IH,10,,561.374,IH0010,,72,12,18.126,563,0.121,,,,,,,,,Y,Y,N,3,9,Y,FRI,5,0,4,10,10,9,10,450,159,132,5,0,0,2,7,5,2,20,5,,3,4,11,158228,2014,158228,1.9,2.8,4.7,,,,,,,,,,,,,,,,,,,,,,,,,,,0,0,4,0,0,4,0,28,,,
13300205,N,N,N,N,N,N,N,5/31/2013,12:38 PM,SAPD13115773,3360,15,379,N,Y,,,1,410,,1,,,NOT REPORTED,,N,N,60,N,N,,N,,,,,,,NOT REPORTED,,1000,F,SE,165,,,11,1,98,,1,1,20,12:38 PM,DISPATCHED,1:05 PM,5/31/2013,Y,TXSPD0000,2473,,7,147,8,2,4,20,64,42,1,1,1,21,21,15,379,,,IH,410,,,IH0410,,,,,,,,,,NOT REPORTED,,,,,Y,Y,N,3,9,N,FRI,,,,,,,,,,,,,,,,,,,,,,,,,,,,,,,,,,,,,,,,,,,,,,,,,,,,,,,,0,0,2,1,0,2,0,,,,
13300375,N,N,N,N,N,N,N,6/3/2013,5:00 PM,SAPD13118480,3170,15,379,N,Y,,,4,1604,,2,100,N,LOOP 1604,,N,N,50,N,N,,N,19,,,,18700,,STONE OAK,PKWY,,,,,,,11,1,0,2,1,1,9,5:05 PM,DISPATCH,5:17 PM,6/3/2013,Y,TXSPD0000,2473,,29,131,8,2,2,20,64,42,2,2,1,21,21,15,379,29.60885138,-98.49256803,SL,1604,,39.876,SL1604,,2452,2,11.803,528,-0.131,,,,STONE OAK PKWY,,,,,Y,Y,N,5,9,Y,MON,5,0,4,10,48,2,4,300,76,48,4,0,0,2,8,5,2,20,5,3,40,4,12,45375,2014,45375,1.9,8.7,10.7,,,,,,,,,,,,,,,,,,,,,,,,,,,0,0,0,2,0,0,0,28,,,
13300403,N,N,N,N,N,N,N,6/1/2013,4:00 PM,0068171813L,FSGI,101,208,N,Y,,,17,,,7,7500,,HOMESTEAD,RD,Y,N,5,N,N,PRIVATE LOT,N,19,,,,7100,,LEY,RD,,,,,,,12,0,98,,7,1,17,9:50 AM,ON VIEW,9:50 AM,6/2/2013,Y,TXHPD0000,2469,24,124,42,8,4,4,4,64,12,7,9,5,33,21,101,208,,,,,,,HOMESTEAD RD,,,,,,,,,,,,,,,N,N,N,0,9,N,SAT,,,,,,,,,,,,,,,,,,,,,,,,,,,,,,,,,,,,,,,,,,,,,,,,,,,,,,,,0,0,0,0,1,0,0,,,,
13300630,N,N,N,N,N,N,N,5/24/2013,4:31 PM,,178937,62,469,N,Y,,,19,,,1,100,,CONCRETE,ST,N,N,30,N,N,,Y,19,,,1,700,,KENNEDY,,,,,,,,12,1,4,,1,1,8,4:31 PM,DISPATCHER,4:36 PM,5/24/2013,N,TX1430300,2462,,,,8,2,2,24,64,7,1,5,1,21,21,62,469,29.28390496,-97.14948266,,,,,CONCRETE ST,201,,,,,,,,,S KENEDY ST,,,,,Y,N,N,5,4,Y,FRI,,,,,,,,,,,,,,,,,,,,,,,,,,,,,,,,,,,,,,,,,,,,,,,,,,,,,,,,0,0,0,3,0,0,0,,,,
13300646,N,N,N,N,N,N,N,5/24/2013,1:55 PM,13-0042,,184,866,N,Y,,,2,180,,1,2900,E,US HWY 180,,N,N,45,Y,Y,,Y,19,,,1,100,,OAKRIDGE DR,,,,,,,,2,1,0,2,1,2,5,1:55 PM,RADIO,1:55 PM,5/24/2013,Y,TX1840400,1492,,8,276,8,2,4,20,64,49,1,2,1,21,21,184,866,32.75701203,-97.71071252,US,180,,299.294,US0180,,8,3,6.899,554,-0.836,,,,,,,,,Y,Y,Y,3,1,Y,FRI,3,0,0,10,11,3,4,162,67,48,4,1,0,1,0,0,2,19,5,1,11,2,14,18810,2014,18810,2.1,1.6,3.7,,,,,,,,,,,,,,,,,,,,,,,,,,,0,0,3,1,0,3,0,282,,,
13300915,N,N,N,N,N,N,N,5/29/2013,7:10 PM,13050805,,133,880,N,Y,30.07369,-99.23673,3,39,,1,100,,HIGHWAY 39,,N,N,35,Y,N,ASPHALT STATE HIGHWAY,Y,3,27,,1,3200,,JUNCTION HWY,,,,,,ASPHALT STATE HIGHWAY,,12,1,2,1,1,1,5,7:12 PM,RADIO,7:14 PM,5/29/2013,Y,TX1330500,1512,,,,8,2,2,22,64,49,1,2,1,21,21,133,880,30.07400472,-99.23627688,SH,27,,13.806,SH0027,3296,142,3,14.801,460,-0.215,SH,39,,SH0039,,,,,Y,Y,Y,5,1,Y,WED,2,0,10,10,0,2,2,100,44,24,4,0,0,2,10,5,2,10,5,0,0,2,17,5147,2014,5147,8.2,1,9.2,,,,,,,,,,,,,,,,,,,,,,,,,,,0,0,0,3,0,0,0,,,,
13301020,N,Y,N,N,N,N,N,5/23/2013,2:25 AM,13000311,,250,293,N,Y,32.4017,-95.3049,19,,,1,100,,GRAVES,ST,N,N,30,N,N,,N,19,,,,1600,,COUNTRY CLUB,DR,,,,,,,11,1,0,,1,1,1,2:29 AM,DISPATCH,2:36 AM,5/23/2013,Y,TX2500300,1789,,,27,8,7,4,1,27,3,1,5,1,21,21,250,293,32.67163627,-95.51355789,,,,,GRAVES,160,,,,,,,,,,,,,,Y,N,Y,5,3,Y,THU,,,,,,,,,,,,,,,,,,,,,,,,,,,,,,,,,,,,,,,,,,,,,,,,,,,,,,,,0,0,0,1,0,0,0,,,,
13301101,N,N,N,N,N,N,N,5/22/2013,3:29 PM,13-002487,,57,71,N,N,,,19,,,7,300,S,CANNADY,DR,N,N,15,N,N,ALLEY,N,19,,,1,800,,WHITNEY,ST,,,,,,,11,1,0,,1,1,1,3:34 PM,DISPATCH,3:40 PM,5/23/2013,Y,TX0570500,223,,,,8,1,4,1,64,54,7,7,5,11,21,57,71,32.58624243,-96.93239074,,,,,S CANNADY DR,303,,,,,,,,,,,,,,Y,N,N,2,6,Y,WED,,,,,,,,,,,,,,,,,,,,,,,,,,,,,,,,,,,,,,,,,,,,,,,,,,,,,,,,0,1,0,1,0,1,0,282,,,
13301188,N,N,N,N,N,N,N,5/24/2013,6:26 PM,2013A001299,29C,57,166,N,N,,,3,66,,1,2000,,NOT REPORTED,,N,N,0,N,N,,Y,19,,,1,3200,E,CENTERVILLE,RD,,,,,,,12,1,4,2,2,1,5,6:27 PM,DISPATCH,6:31 PM,5/24/2013,N,TX0571100,1344,,,139,8,2,2,22,64,38,1,2,1,21,21,57,166,32.91013369,-96.59885126,SH,66,,1.94,SH0066,1996,9,3,32.295,598,-0.051,,,,E CENTERVILLE RD,,,,,N,Y,N,5,8,Y,FRI,3,0,2,2,19,8,6,120,80,72,5,1,2,2,4,5,2,4,5,1,15,4,14,20932,2014,20932,8.1,9.1,17.2,,,,,,,,,,,,,,,,,,,,,,,,,,,0,0,0,4,0,0,0,282,,,
13301455,N,N,N,N,N,N,N,6/4/2013,2:07 PM,13-12852,1 unt fixed obj min,57,218,N,Y,,,19,,,1,7800,,MACARTHUR PARK,BLVD,N,N,30,N,N,,N,19,,,,,,LAS COLINAS,BLVD,,,,,,,11,1,0,,1,1,20,2:07 PM,ON VIEW,2:07 PM,6/4/2013,Y,TX0571500,1518,,,33,8,7,3,2,36,13,1,5,2,32,21,57,218,32.91143114,-96.95879401,,,,,N MACARTHUR BLVD,,,,,,,,,,,,,,,Y,N,N,5,8,Y,TUE,,,,,,,,,,,,,,,,,,,,,,,,,,,,,,,,,,,,,,,,,,,,,,,,,,,,,,,,0,0,0,1,0,0,0,282,,,
13301508,N,N,N,N,N,Y,N,5/31/2013,7:05 PM,,,107,1672,Y,Y,32.25437,-96.06282,15,2531,,1,,,NOT REPORTED,,N,N,35,N,N,,N,15,2701,,,,,NOT REPORTED,,,,,,,,11,1,0,,5,1,1,7:10 PM,DISPATCHED BY HCSO,7:54 PM,5/16/2014,Y,,10000,15,28,1,8,2,4,30,32,54,1,4,1,21,21,107,1672,32.25437656,-96.0628103,,,,,CLEAR CREEK RD,7475,,,,,,,,,,,,,,Y,N,Y,3,0,Y,FRI,,,,,,,,,,,,,,,,,,,,,,,,,,,,,,,,,,,,,,,,,,,,,,,,,,,,,,,,0,0,1,1,0,1,0,,,,
13301545,N,N,N,N,N,N,N,5/31/2013,6:54 PM,13-53779,,220,156,N,N,32.69758,-97.3012,19,,,1,2100,,FAIRWAY,DR,N,N,35,N,N,,N,19,,,,4500,,ELLIS RANCH,TRL,,,,,,,11,1,0,,1,1,1,7:08 PM,DISPATCH,7:18 PM,5/31/2013,N,TX2201200,1318,885,11,120,8,4,3,4,64,14,1,5,1,32,21,220,156,32.69755575,-97.30111829,,,,,FAIRWAY DR,2156,,,,,,,,,,,,,,N,N,N,0,9,Y,FRI,,,,,,,,,,,,,,,,,,,,,,,,,,,,,,,,,,,,,,,,,,,,,,,,,,,,,,,,0,0,0,0,1,0,0,282,,,
13301635,N,N,N,N,N,N,N,6/4/2013,5:16 AM,138891A,,57,107,N,Y,,,19,,,1,7100,,FISHER,RD,N,N,30,N,N,,N,19,,,,7000,E,MOCKINGBIRD,LN,,,,,,,11,3,0,,1,1,1,5:45 AM,DISPATCHED,5:54 AM,6/5/2013,Y,tx0000006,2471,,,33,8,8,4,1,50,24,1,5,1,21,21,57,107,32.84293766,-96.73754036,,,,,FISHER RD,7100,,,,,,,,,,,,,,Y,N,N,3,9,Y,TUE,,,,,,,,,,,,,,,,,,,,,,,,,,,,,,,,,,,,,,,,,,,,,,,,,,,,,,,,0,0,1,0,0,1,0,282,,,
13301638,N,N,N,N,N,N,N,5/23/2013,12:50 AM,0063464213V,,101,208,N,Y,,,4,1960,,1,7400,W,FM 1960,,N,N,40,N,N,,N,19,,,,13100,,BRETON RIDGE,ST,,,,,,,11,4,2,2,1,1,5,12:54 AM,DISPATCH,12:58 AM,5/23/2013,Y,TXHPD0000,2469,6,106,87,8,2,4,20,64,3,1,3,1,21,21,101,208,29.96573197,-95.5392249,FM,1960,,5.721,FM1960,7482,1685,1,6.965,672,0.034,,,,,,,,,Y,Y,N,5,9,Y,THU,3,0,0,0,14,9,6,100,66,66,5,1,1,1,0,0,1,0,0,1,14,4,14,31062,2014,31062,3.5,1,4.6,,,,,,,,,,,,,,,,,,,,,,,,,,,0,0,0,4,0,0,0,15,,,
13301656,N,Y,N,N,N,N,N,5/25/2013,11:30 AM,0064594713Q,,101,208,N,Y,,,19,,,1,5800,,MAIN,ST,N,N,40,N,N,,N,19,,,,5500,,MONTROSE,BLVD,,,,,,,12,1,4,,4,1,1,1:11 PM,DISPATCH,1:22 PM,6/5/2013,Y,TXHPD0000,2469,51,113,29,8,2,2,22,64,3,1,5,1,21,21,101,208,29.72406706,-95.39126153,,,,,MAIN ST,,,,,,,,,,MONTROSE BLVD,,,,,Y,N,N,5,9,Y,SAT,,,,,,,,,,,,,,,,,,,,,,,,,,,,,,,,,,,,,,,,,,,,,,,,,,,,,,,,0,0,0,2,0,0,0,15,,,
13301969,N,N,N,N,N,N,N,6/5/2013,11:50 AM,0069537513S,,101,208,N,Y,,,19,,,1,1800,,CHARTRES,,N,N,30,N,N,,Y,19,,,1,2000,,PEASE,,,,,,,,11,1,4,,1,1,5,11:54 AM,DISPATCHED,12:02 PM,6/5/2013,Y,TXHPD0000,2469,18,113,29,8,2,1,24,64,54,1,5,1,21,21,101,208,29.7465548,-95.36048309,,,,,CHARTRES ST,1701,,,,,,,,,PEASE ST,,,,,Y,N,N,5,9,Y,WED,,,,,,,,,,,,,,,,,,,,,,,,,,,,,,,,,,,,,,,,,,,,,,,,,,,,,,,,0,0,0,2,0,0,0,15,,,
13302096,N,N,N,N,N,N,N,6/5/2013,5:14 PM,SAPD13120268,3330,15,379,N,N,,,19,,,2,2400,NE,LOOP 410,,N,N,45,N,N,,N,19,,,,8300,,PERRIN BIETEL,RD,,,,,,,11,1,0,2,1,1,1,5:40 PM,BY OFFICER,5:40 PM,6/5/2013,N,TXSPD0000,2473,,29,131,8,2,4,21,64,54,2,1,1,21,21,15,379,29.51600442,-98.41525655,IH,410,,25.193,IH0410,,521,4,25.539,25,0.461,,,,,,,,,Y,Y,N,3,9,Y,WED,5,0,10,10,23,2,6,300,112,72,4,0,0,2,20,5,2,20,5,2,3,4,11,107186,2014,107186,2.9,1.9,4.7,,,,,,,,,,,,,,,,,,,,,,,,,,,0,0,1,1,0,1,0,28,,,
13302106,N,N,N,N,N,N,N,6/5/2013,2:26 AM,SAPD13119706,2270,15,379,N,Y,,,19,,,1,100,W,CYPRESS,ST,N,N,30,N,N,,Y,19,,,1,300,,OGDEN,ST,,,,,,,11,4,0,,1,1,8,2:26 AM,DISPATCHED,2:27 AM,6/5/2013,Y,TXSPD0000,2473,,3,122,8,2,1,10,64,3,1,5,1,21,21,15,379,29.44064497,-98.49298231,,,,,E CYPRESS ST,198,,,,,,,,,OGDEN ST,,,,,Y,N,N,3,9,Y,WED,,,,,,,,,,,,,,,,,,,,,,,,,,,,,,,,,,,,,,,,,,,,,,,,,,,,,,,,0,0,2,2,0,2,0,28,,,
13302158,N,N,N,N,N,N,N,6/2/2013,7:17 PM,SAPD13117762,5340,15,379,N,Y,,,1,410,,7,1255,SW,LOOP 410,,Y,N,5,N,N,,N,19,,,,1200,,WATERS EDGE,DR,,,,,,,11,1,0,,1,1,1,7:47 PM,DISPATCHED,8:04 PM,6/3/2013,Y,TXSPD0000,2473,,19,148,8,2,4,40,64,12,7,9,5,33,21,15,379,,,IH,410,,,IH0410,,,,,,,,,,,,,,,N,Y,N,5,9,N,SUN,,,,,,,,,,,,,,,,,,,,,,,,,,,,,,,,,,,,,,,,,,,,,,,,,,,,,,,,0,0,0,3,0,0,0,,,,
13302208,N,N,N,N,N,N,N,6/6/2013,12:10 AM,SAPD13120570,4210,15,379,N,Y,,,19,,,1,5000,,BENHAM,,N,N,30,N,N,,N,19,,,,1600,,WILLENBROCK,,,,,,,,11,3,0,,1,1,1,12:11 AM,DISPATCHER,12:16 AM,6/6/2013,Y,TXSPD0000,2473,,9,162,8,4,4,1,64,3,1,5,1,21,21,15,379,29.40752783,-98.39359833,,,,,BENHAM DR,5028,,,,,,,,,,,,,,Y,N,N,3,9,Y,THU,,,,,,,,,,,,,,,,,,,,,,,,,,,,,,,,,,,,,,,,,,,,,,,,,,,,,,,,0,0,1,1,0,1,0,28,,,