Crash_ID,Crash_Fatal_Fl,Cmv_Involv_Fl,Schl_Bus_Fl,Rr_Relat_Fl,Medical_Advisory_Fl,Amend_Supp_Fl,Active_School_Zone_Fl,Crash_Date,Crash_Time,Case_ID,Local_Use,Rpt_CRIS_Cnty_ID,Rpt_City_ID,Rpt_Outside_City_Limit_Fl,Thousand_Damage_Fl,Rpt_Latitude,Rpt_Longitude,Rpt_Rdwy_Sys_ID,Rpt_Hwy_Num,Rpt_Hwy_Sfx,Rpt_Road_Part_ID,Rpt_Block_Num,Rpt_Street_Pfx,Rpt_Street_Name,Rpt_Street_Sfx,Private_Dr_Fl,Toll_Road_Fl,Crash_Speed_Limit,Road_Constr_Zone_Fl,Road_Constr_Zone_Wrkr_Fl,Rpt_Street_Desc,At_Intrsct_Fl,Rpt_Sec_Rdwy_Sys_ID,Rpt_Sec_Hwy_Num,Rpt_Sec_Hwy_Sfx,Rpt_Sec_Road_Part_ID,Rpt_Sec_Block_Num,Rpt_Sec_Street_Pfx,Rpt_Sec_Street_Name,Rpt_Sec_Street_Sfx,Rpt_Ref_Mark_Offset_Amt,Rpt_Ref_Mark_Dist_Uom,Rpt_Ref_Mark_Dir,Rpt_Ref_Mark_Nbr,Rpt_Sec_Street_Desc,Rpt_CrossingNumber,Wthr_Cond_ID,Light_Cond_ID,Entr_Road_ID,Road_Type_ID,Road_Algn_ID,Surf_Cond_ID,Traffic_Cntl_ID,Investigat_Notify_Time,Investigat_Notify_Meth,Investigat_Arrv_Time,Report_Date,Investigat_Comp_Fl,ORI_Number,Investigat_Agency_ID,Investigat_Area_ID,Investigat_District_ID,Investigat_Region_ID,Bridge_Detail_ID,Harm_Evnt_ID,Intrsct_Relat_ID,FHE_Collsn_ID,Obj_Struck_ID,Othr_Factr_ID,Road_Part_Adj_ID,Road_Cls_ID,Road_Relat_ID,Phys_Featr_1_ID,Phys_Featr_2_ID,Cnty_ID,City_ID,Latitude,Longitude,Hwy_Sys,Hwy_Nbr,Hwy_Sfx,Dfo,Street_Name,Street_Nbr,Control,Section,Milepoint,Ref_Mark_Nbr,Ref_Mark_Displ,Hwy_Sys_2,Hwy_Nbr_2,Hwy_Sfx_2,Street_Name_2,Street_Nbr_2,Control_2,Section_2,Milepoint_2,Txdot_Rptable_Fl,Onsys_Fl,Rural_Fl,Crash_Sev_ID,Pop_Group_ID,Located_Fl,Day_of_Week,Hwy_Dsgn_Lane_ID,Hwy_Dsgn_Hrt_ID,Hp_Shldr_Left,Hp_Shldr_Right,Hp_Median_Width,Base_Type_ID,Nbr_Of_Lane,Row_Width_Usual,Roadbed_Width,Surf_Width,Surf_Type_ID,Curb_Type_Left_ID,Curb_Type_Right_ID,Shldr_Type_Left_ID,Shldr_Width_Left,Shldr_Use_Left_ID,Shldr_Type_Right_ID,Shldr_Width_Right,Shldr_Use_Right_ID,Median_Type_ID,Median_Width,Rural_Urban_Type_ID,Func_Sys_ID,Adt_Curnt_Amt,Adt_Curnt_Year,Adt_Adj_Curnt_Amt,Pct_Single_Trk_Adt,Pct_Combo_Trk_Adt,Trk_Aadt_Pct,Curve_Type_ID,Curve_Lngth,Cd_Degr,Delta_Left_Right_ID,Dd_Degr,Feature_Crossed,Structure_Number,I_R_Min_Vert_Clear,Approach_Width,Bridge_Median_ID,Bridge_Loading_Type_ID,Bridge_Loading_In_1000_Lbs,Bridge_Srvc_Type_On_ID,Bridge_Srvc_Type_Under_ID,Culvert_Type_ID,Roadway_Width,Deck_Width,Bridge_Dir_Of_Traffic_ID,Bridge_Rte_Struct_Func_ID,Bridge_IR_Struct_Func_ID,CrossingNumber,RRCo,Poscrossing_ID,WDCode_ID,Standstop,Yield,Incap_Injry_Cnt,Nonincap_Injry_Cnt,Poss_Injry_Cnt,Non_Injry_Cnt,Unkn_Injry_Cnt,Tot_Injry_Cnt,Death_Cnt,MPO_ID,Investigat_Service_ID,Investigat_DA_ID,Investigator_Narrative
13313456,N,N,N,N,N,N,N,5/24/2013,4:10 PM,13-144224,,71,136,N,N,,,19,,,1,,,JOE BATTLE BLVD SB,,N,N,0,Y,N,,Y,19,,,1,,,MONTWOOD DR WB,,,,,,,,11,1,98,,7,1,9,4:49 PM,VIA PHONE,4:49 PM,5/24/2013,N,TX0710200,1259,,,185,8,2,2,22,64,49,1,5,1,21,21,71,136,31.76077484,-106.2682704,,,,,JOE BATTLE BLVD,,,,,,,,,,MONTWOOD DR,,,,,N,N,N,5,9,Y,FRI,,,,,,,,,,,,,,,,,,,,,,,,,,,,,,,,,,,,,,,,,,,,,,,,,,,,,,,,0,0,0,5,0,0,0,66,,,
13313678,N,N,N,N,N,N,N,6/3/2013,4:14 PM,1311073,,181,317,N,Y,,,4,3247,,1,400,,MARTIN LUTHER KING,DR,N,N,35,N,N,,Y,19,,,1,4000,,TULANE,,,,,,,,11,1,2,,1,1,8,4:18 PM,DISPATCHED,4:21 PM,6/3/2013,Y,TX1810200,1884,,,,8,7,2,1,62,54,1,3,2,21,21,181,317,,,FM,3247,,,FM3247,,,,,,,,,,TULANE,,,,,Y,Y,N,1,5,N,MON,,,,,,,,,,,,,,,,,,,,,,,,,,,,,,,,,,,,,,,,,,,,,,,,,,,,,,,,1,0,0,2,0,1,0,,,,
13313882,N,N,N,N,N,N,N,5/23/2013,12:27 PM,13-143139,,71,136,N,Y,31.72373,-106.29977,19,,,1,1200,,PULLMAN,DR,N,N,35,N,N,,Y,19,,,1,12000,,ROJAS,AVE,,,,,,,11,1,4,,1,1,8,12:27 PM,DISPATCH,12:35 PM,5/23/2013,Y,TX0710200,1259,,,184,8,2,1,10,64,54,1,5,1,21,21,71,136,31.72587485,-106.2979004,,,,,PULLMAN DR,,,,,,,,,,ROJAS DR,,,,,Y,N,N,2,9,Y,THU,,,,,,,,,,,,,,,,,,,,,,,,,,,,,,,,,,,,,,,,,,,,,,,,,,,,,,,,0,1,0,1,0,1,0,66,,,
13313971,N,N,N,N,N,N,N,6/10/2013,4:53 PM,2013072762,,57,67,N,Y,,,19,,,1,2400,N,JOSEY,LN,N,N,40,N,N,,N,19,,,,1800,,CREST VIEW,DR,,,,,,,11,1,0,,1,1,11,4:53 PM,DISPATCHED,4:57 PM,6/10/2013,Y,TX0570400,214,,,170,8,2,4,20,64,42,1,5,1,21,21,57,67,32.9827494,-96.89014368,,,,,N JOSEY LN,,,,,,,,,,,,,,,Y,N,N,5,8,Y,MON,,,,,,,,,,,,,,,,,,,,,,,,,,,,,,,,,,,,,,,,,,,,,,,,,,,,,,,,0,0,0,3,1,0,0,282,,,
13313985,N,N,N,N,N,N,N,6/13/2013,7:45 AM,SAPD13126411,3170,15,379,N,Y,,,2,281,,2,18500,N,US 281,,N,N,45,N,N,SOUTHBOUND,N,11,1604,,,1600,N,LOOP 1604,,,,,,FRONTAGE RD,,12,1,98,2,1,1,5,7:47 AM,DISPATCH,8:00 AM,6/13/2013,Y,TXSPD0000,2473,,29,131,8,2,2,22,64,3,1,2,1,21,21,15,379,29.60927801,-98.46836128,US,281,,319.275,US0281,,253,4,8.934,524,-0.11,SL,1604,,SL1604,,,,,Y,Y,N,5,9,Y,THU,5,0,13,14,28,2,5,300,120,60,4,0,0,2,25,5,2,35,5,2,3,4,12,51700,2014,51700,1.8,0.6,2.3,,,,,,,,,,,,,,,,,,,,,,,,,,,0,0,0,2,0,0,0,28,,,
13314156,N,N,N,N,N,N,N,6/12/2013,12:50 PM,13-58120,,220,156,N,Y,32.78263,-97.32039,1,35W,,1,1500,,NORTH,FWY,N,N,60,N,N,,N,19,,,,1800,W,NORTHSIDE,DR,,,,,,,11,1,0,2,2,1,20,12:59 PM,DISPATCHED,1:03 PM,6/12/2013,Y,TX2201200,1318,885,29,120,8,2,4,22,64,42,1,1,1,21,21,220,156,32.78262298,-97.32052202,IH,35,W,53.279,IH0035W,,14,16,9.281,53,0.301,,,,,,,,,Y,Y,N,3,9,Y,WED,5,0,4,10,28,2,6,320,96,72,6,1,0,2,8,5,2,16,5,2,20,4,11,138149,2014,138149,4.9,6.2,11.2,1,80,1,2,6,,,,,,,,,,,,,,,,,,,,,,0,0,1,3,0,1,0,282,,,
13314224,N,N,N,N,N,N,N,6/13/2013,11:10 AM,0073248813D,,101,208,N,Y,,,19,,,1,1900,,FRANKLIN,ST,N,N,30,N,N,CONCRETE,Y,19,,,1,100,,HAMILTON,ST,,,,,,,12,1,4,,1,1,4,11:15 AM,HPD DISPATCHER,11:29 AM,6/13/2013,Y,TXHPD0000,2469,16,121,35,8,2,1,34,64,54,1,5,1,21,21,101,208,29.7583348,-95.35237309,,,,,FRANKLIN ST,1899,,,,,,,,,HAMILTON ST,,,,,Y,N,N,3,9,Y,THU,,,,,,,,,,,,,,,,,,,,,,,,,,,,,,,,,,,,,,,,,,,,,,,,,,,,,,,,0,0,1,7,0,1,0,15,,,
13314293,N,N,N,N,N,N,N,6/7/2013,7:51 AM,13060885,,31,53,N,Y,,,19,,,1,300,E,MADISON,ST,N,N,20,N,N,,N,19,,,,800,E,4 TH,ST,,,,,,,11,1,0,,1,1,1,7:52 AM,DISPATCHED,8:05 AM,6/7/2013,Y,TX0310100,172,,211,44,8,4,4,4,64,54,1,5,1,21,21,31,53,25.90900393,-97.50120977,,,,,E MADISON ST,382,,,,,,,,,,,,,,Y,N,N,5,8,Y,FRI,,,,,,,,,,,,,,,,,,,,,,,,,,,,,,,,,,,,,,,,,,,,,,,,,,,,,,,,0,0,0,1,0,0,0,248,,,
13314385,N,Y,N,N,N,N,N,6/12/2013,1:33 PM,,,170,1735,Y,Y,30.23633,-95.56784,19,,,1,,,HONEA EGYPT,RD,N,N,35,N,N,,Y,19,,,1,,,SENDERA RANCH,DR,,,,,,,11,1,2,,1,1,20,1:52 PM,DPS COMMUNICATIONS,2:08 PM,6/12/2013,Y,,10000,17,52,1,8,2,1,25,64,7,1,4,1,21,21,170,1735,30.23596471,-95.56746302,,,,,HONEA EGYPT RD,998,,,,,,,,,SENDERA RANCH DR,,,,,Y,N,Y,5,0,Y,WED,,,,,,,,,,,,,,,,,,,,,,,,,,,,,,,,,,,,,,,,,,,,,,,,,,,,,,,,0,0,0,2,0,0,0,15,,,
13314387,N,N,N,N,N,N,N,6/12/2013,7:25 PM,,,170,1735,Y,Y,30.11115,-95.69863,19,,,1,,,COE,LOOP,N,N,40,N,N,,N,19,,,,,,DECKER PRAIRIE ROSEHILL,RD,,,,,,,11,1,0,,1,1,12,7:30 PM,DPS COMM HOUSTON,7:42 PM,6/12/2013,Y,,10000,17,52,1,8,7,4,1,33,54,1,4,2,21,21,170,1735,30.11110852,-95.69855932,,,,,COE LOOP,15008,,,,,,,,,,,,,,Y,N,Y,5,0,Y,WED,,,,,,,,,,,,,,,,,,,,,,,,,,,,,,,,,,,,,,,,,,,,,,,,,,,,,,,,0,0,0,1,0,0,0,15,,,
13314400,N,N,N,N,N,N,N,6/12/2013,7:52 PM,13-13522,2 Unit Class C,57,218,N,Y,,,19,,,1,1500,E,IRVING,BLVD,N,N,30,N,N,,Y,19,,,1,600,S,IRVING HEIGHTS,DR,,,,,,,11,1,4,2,1,1,8,7:55 PM,DISPATCH,7:57 PM,6/12/2013,Y,TX0571500,1518,,,35,8,2,1,10,64,3,1,2,1,21,21,57,218,32.80889629,-96.92562702,SH,356,,5.098,SH0356,1600,92,7,14.757,578,0.688,,,,S IRVING HEIGHTS DR,,,,,Y,Y,N,3,8,Y,WED,3,0,0,0,15,3,6,120,80,66,6,1,1,1,0,0,1,0,0,1,15,4,14,21950,2014,21950,3.2,11.5,14.7,1,151,4,2,0,,,,,,,,,,,,,,,,,,,,,,0,0,1,1,0,1,0,282,,,
13314500,N,N,N,N,N,N,N,6/12/2013,7:55 PM,SAPD13126092,3330,15,379,N,Y,,,19,,,1,2400,,AUSTIN HWY,,N,N,45,N,N,WET PAVEMENT,Y,19,,,1,8000,,PERRIN BEITEL,,,,,,WET PAVEMENT,,2,4,0,3,1,2,5,7:56 PM,DISPATCH,8:05 PM,6/13/2013,Y,TXSPD0000,2473,,29,131,8,2,1,34,64,54,1,2,1,21,21,15,379,29.50910639,-98.40941563,SL,368,,1.07,SL0368,2397,16,8,11.203,494,0.356,IH,410,,IH0410,,,,,Y,Y,N,3,9,Y,WED,2,0,24,24,0,2,4,120,110,62,4,0,0,2,24,4,2,24,4,0,0,4,14,13911,2014,13911,2.8,3.9,6.7,,,,,,,,,,,,,,,,,,,,,,,,,,,0,0,1,2,0,1,0,28,,,
13314503,N,N,N,N,N,N,N,6/13/2013,3:00 PM,SAPD13126757,5320,15,379,N,Y,,,1,410,,7,6301,NW,410,LOOP,Y,N,20,N,N,,N,19,,,,6000,,INGRAM,RD,,,,,,,12,1,0,,1,1,11,4:10 PM,DISPATCHER,4:25 PM,6/13/2013,N,TXSPD0000,2473,,19,148,8,4,4,4,64,12,7,9,5,33,21,15,379,,,IH,410,,,IH0410,,,,,,,,,,,,,,,N,Y,N,5,9,N,THU,,,,,,,,,,,,,,,,,,,,,,,,,,,,,,,,,,,,,,,,,,,,,,,,,,,,,,,,0,0,0,1,0,0,0,,,,
13314546,N,Y,N,N,N,N,N,6/4/2013,10:19 PM,,,8,1573,Y,Y,29.7526,-96.27012,1,10,,1,,,NOT REPORTED,,N,N,75,N,N,,N,,,,,,,NOT REPORTED,,0.1,M,E,713,,,11,3,0,2,1,1,11,10:31 PM,ACSO DISPATCH,10:49 PM,6/12/2013,Y,,10000,15,52,1,8,2,4,21,64,9,1,1,1,21,21,8,1573,29.75198636,-96.27414337,IH,10,,711.754,IH0010,,271,2,1.606,713,0.1,,,,NOT REPORTED,,,,,Y,Y,Y,5,0,Y,TUE,5,0,4,10,56,9,4,335,76,47,6,0,0,2,8,5,2,21,5,2,48,1,1,34790,2014,34790,5.2,29.6,34.8,,,,,,,,,,,,,,,,,,,,,,,,,,,0,0,0,3,0,0,0,,,,
13315082,N,N,N,N,N,N,N,6/6/2013,9:32 PM,13060617,,220,277,N,Y,,,19,,,1,700,,CANNON,DR,N,N,30,Y,N,,Y,19,,,1,3200,E,BROAD,ST,,,,,,,11,4,2,,1,1,5,9:32 PM,DISPATCH,9:37 PM,6/6/2013,Y,TX2202000,1726,,,,8,2,1,34,64,49,1,5,1,21,21,220,277,32.57597155,-97.08346794,,,,,CANNON DR,,,,,,,,,,UNKNOWN,,,,,Y,N,N,5,7,Y,THU,,,,,,,,,,,,,,,,,,,,,,,,,,,,,,,,,,,,,,,,,,,,,,,,,,,,,,,,0,0,0,3,0,0,0,282,,,
13315162,N,N,N,N,N,N,N,6/6/2013,3:04 PM,130076669,0,101,1666,Y,Y,,,3,6,,1,4300,N,NOT REPORTED,,N,N,40,N,N,,N,15,,,,,,CLAY,RD,,,,,,,11,1,0,3,1,1,20,3:04 PM,ON VIEW,3:04 PM,6/6/2013,Y,TX1010000,1419,100,4,5,8,2,2,20,64,54,1,2,1,21,21,101,1666,29.83588031,-95.64567369,SH,6,,487.473,SH0006,,1685,5,7.112,670,0.17,,,,CLAY RD,,,,,Y,Y,Y,5,0,Y,THU,2,0,0,0,0,3,6,120,91,86,6,2,2,1,0,0,1,0,0,0,0,4,14,50517,2014,50517,3.9,1.4,5.2,,,,,,,,,,,,,,,,,,,,,,,,,,,0,0,0,4,0,0,0,15,,,
13315179,N,N,N,N,N,N,N,6/8/2013,7:45 PM,,13-080249,57,107,N,Y,,,1,30,,1,2600,,R L THORNTON,FWY,N,N,55,N,N,,N,19,,,1,,,CESAR CHAVEZ,RD,,,,,,,11,1,0,,1,1,20,7:50 PM,RADIO DISPATCHED,8:00 PM,6/8/2013,Y,TX0570000,1169,,70,22,8,9,4,1,64,30,1,1,2,21,21,57,107,,,IH,30,,,IH0030,,,,,,,,,,,,,,,Y,Y,N,5,9,N,SAT,,,,,,,,,,,,,,,,,,,,,,,,,,,,,,,,,,,,,,,,,,,,,,,,,,,,,,,,0,0,0,1,1,0,0,,,,
13315453,N,N,N,N,N,N,N,6/12/2013,11:10 AM,1300024163,,184,446,N,N,,,19,,,1,200,N,ELM,ST,N,N,30,N,N,,N,19,,,,200,E,SPRING,ST,,,,,,,11,1,0,,1,1,8,11:20 AM,DISPATCHED,11:43 AM,6/12/2013,N,Tx1840100,2388,,,35,8,2,2,35,64,38,1,5,1,21,21,184,446,32.76056171,-97.79545192,,,,,N ELM ST,,,,,,,,,,E SPRING ST,,,,,N,N,N,5,6,Y,WED,,,,,,,,,,,,,,,,,,,,,,,,,,,,,,,,,,,,,,,,,,,,,,,,,,,,,,,,0,0,0,1,1,0,0,282,,,
13315498,N,N,N,N,N,N,N,6/7/2013,2:50 PM,060713-0001,,62,105,N,Y,,,19,,,1,100,,INDUSTRIAL,BLVD,N,N,30,N,N,N,N,2,87,,1,1200,E,BROADWAY,ST,,,,,,,11,1,0,,1,1,8,2:54 PM,RADIO,3:03 PM,6/7/2013,Y,TX0620100,1158,,,237,8,2,2,22,64,38,1,2,1,21,21,62,105,29.08782353,-97.27150263,,,,,INDUSTRIAL DR,109,,,,,,US,87,,US0087,,,,,Y,N,N,5,4,Y,FRI,,,,,,,,,,,,,,,,,,,,,,,,,,,,,,,,,,,,,,,,,,,,,,,,,,,,,,,,0,0,0,4,0,0,0,,,,
13315657,N,N,N,N,N,N,N,6/4/2013,12:25 AM,2013060030,,28,267,N,Y,,,12,130,,1,,,NOT REPORTED,,N,Y,85,N,N,,N,19,,,4,,,MAPLE,ST,200,F,S,475,,,11,3,0,2,1,1,20,12:25 AM,OFFICER OBSERVATION,12:25 AM,6/4/2013,Y,TX0280100,1683,,,,8,6,4,1,64,3,1,2,1,21,21,28,267,29.868251,-97.70660841,SH,130,,62.437,SH0130,,3583,1,12.762,474,-0.118,,,,,,,,,Y,Y,N,5,5,Y,TUE,5,3,6,10,172,3,4,700,80,48,4,0,0,2,12,5,3,20,5,3,160,2,12,5915,2014,5915,6.2,11.5,17.7,1,1463,1,2,86,,,,,,,,,,,,,,,,,,,,,,0,0,0,2,0,0,0,90,,,
13315706,N,N,N,N,N,N,N,6/1/2013,4:31 PM,13-060039,,243,459,N,Y,33.8723,-98.57795,19,,,1,4000,,BARNETT,RD,N,N,0,N,N,,Y,8,287,,2,5300,,KELL BLVD E,BLVD,,,,,,,11,1,4,,1,1,5,4:31 PM,DISPATCH,4:38 PM,6/1/2013,Y,TX2430500,2426,,,,8,2,2,22,64,38,2,2,1,21,21,243,459,33.87355379,-98.57794129,,,,,BARNETT RD,4000,,,,,,,,,UNKNOWN,,,,,Y,N,N,2,8,Y,SAT,,,,,,,,,,,,,,,,,,,,,,,,,,,,,,,,,,,,,,,,,,,,,,,,,,,,,,,,0,1,0,1,1,1,0,151,,,
13315783,N,N,N,N,N,N,N,6/4/2013,4:09 PM,1300025130,,46,309,N,Y,,,1,35,,1,4600,S,35,HWY,N,Y,70,N,N,SOUTBOUND PROPER,N,19,,,1,100,N,SOLMS,RD,,,,,,,11,1,0,2,2,1,20,4:09 PM,DISPATCHED,4:15 PM,6/4/2013,Y,TX0460100,1841,,73,31,8,7,4,1,39,9,1,1,4,21,21,46,309,29.66256688,-98.17123703,IH,35,,183.171,IH0035,,16,5,6.383,184,-0.396,,,,,,,,,Y,Y,N,5,7,Y,TUE,5,0,12,10,26,2,6,350,116,72,4,0,0,2,24,5,2,20,5,2,2,4,11,109226,2014,109226,3.4,11.2,14.6,,,,,,,,,,,,,,,,,,,,,,,,,,,0,0,0,3,0,0,0,28,,,
13315987,N,N,N,N,N,N,N,6/12/2013,7:04 PM,13061668,,31,53,N,N,,,3,48,,1,700,,BOCA CHICA,BLVD,N,N,35,N,N,,N,19,,,,1600,,CENTRAL,BLVD,,,,,,,11,1,0,3,1,1,5,7:06 PM,DISPATCHED,7:15 PM,6/12/2013,Y,TX0310100,172,,211,35,8,2,3,14,64,14,1,2,1,32,21,31,53,25.93281541,-97.44589106,SH,48,,4.455,SH0048,6092,220,5,4.485,562,0.554,,,,,,,,,N,Y,N,5,8,Y,WED,2,0,8,8,0,8,4,100,76,60,5,0,0,2,8,5,2,8,5,0,0,4,14,21225,2014,21225,2.5,0.4,2.9,,,,,,,,,,,,,,,,,,,,,,,,,,,0,0,0,5,0,0,0,248,,,
13316023,Y,N,N,N,N,Y,N,6/12/2013,3:19 PM,,,141,1706,Y,Y,31.08769999,-98.18845,2,281,,1,,,NOT REPORTED,,N,N,55,N,N,,N,,,,,,,NOT REPORTED,,0.1,M,N,412,,,11,1,0,2,2,1,12,3:22 PM,LAMPASAS DPS OFFICE,3:26 PM,8/26/2013,Y,,10000,1,119,1,8,7,4,1,63,3,1,2,2,21,21,141,252,31.08666224,-98.1880598,US,281,,212.261,US0281,,251,5,25.468,412,-0.098,,,,NOT REPORTED,,,,,Y,Y,N,4,4,Y,WED,3,0,0,10,20,2,4,160,68,48,4,1,0,1,0,0,2,20,5,1,20,2,14,5793,2014,5793,11.7,6.6,18.3,1,114,1,2,9,,,,,,,,,,,,,,,,,,,,,,0,1,0,0,0,1,1,,,,
13316372,N,N,N,N,N,N,N,6/14/2013,1:44 PM,20132405,,183,68,N,N,,,8,79,,1,700,W,PANOLA,ST,N,N,30,N,N,,N,19,,,,200,N,ADAMS,ST,,,,,,,11,1,0,,1,1,20,1:45 PM,DISPATCHED,1:48 PM,6/14/2013,Y,TX1830100,216,,,35,8,2,4,22,64,42,1,2,1,21,21,183,68,,,,,,,BU0079,,,,,,,,,,,,,,,Y,Y,N,3,4,N,FRI,,,,,,,,,,,,,,,,,,,,,,,,,,,,,,,,,,,,,,,,,,,,,,,,,,,,,,,,0,0,1,3,0,1,0,,,,
13316471,N,N,N,N,N,N,N,6/14/2013,9:25 PM,149948A,149946A,57,107,N,Y,,,19,,,7,124,S,CARROLL,AVE,Y,N,-1,N,N,,N,19,,,,4500,,COLUMBIA,AVE,,,,,,,11,4,0,,1,1,1,9:45 PM,DISPATCHED,9:50 PM,6/14/2013,N,TX0000006,2471,,,35,8,4,4,4,64,12,7,9,5,33,21,57,107,,,,,,,S CARROLL AVE,,,,,,,,,,,,,,,N,N,N,0,9,N,FRI,,,,,,,,,,,,,,,,,,,,,,,,,,,,,,,,,,,,,,,,,,,,,,,,,,,,,,,,0,0,0,0,1,0,0,,,,
13316522,N,N,N,N,N,N,N,6/6/2013,3:45 PM,141491A,141490A,57,107,N,Y,,,1,635,,1,8700,,LYNDON B JOHNSON,FWY,N,N,55,Y,N,,N,19,,,,12700,,MERIT,DR,,,,,,,11,1,0,2,3,1,1,4:35 PM,DISPATCHED,4:42 PM,6/7/2013,N,TX0000006,2471,,,59,8,2,4,20,64,49,1,1,1,21,21,57,107,32.92421154,-96.77278175,IH,635,,20.298,IH0635,,2374,1,6.765,20,-0.278,,,,,,,,,Y,Y,N,5,9,Y,THU,5,1,2,10,12,2,8,320,140,88,5,0,0,2,4,5,2,20,5,2,8,4,11,203189,2014,203189,5.2,8.7,14,,,,,,,,,,,,,,,,,,,,,,,,,,,0,0,0,1,1,0,0,282,,,
13316606,N,N,N,N,N,N,N,6/13/2013,8:56 PM,148924A,FLID# 148923A,57,107,N,Y,,,1,635,,1,3600,,LYNDON B JOHNSON,FWY,N,N,60,Y,N,,N,19,,,,,,MARSH,LN,,,,,,,11,3,0,2,1,1,20,8:58 PM,DISPATCHED,9:28 PM,6/14/2013,N,TXDPD0000,2471,,,87,8,2,4,22,64,49,1,1,1,21,21,57,107,32.91768241,-96.8568211,IH,635,,25.308,IH0635,,2374,1,11.875,25,-0.228,,,,,,,,,Y,Y,N,5,9,Y,THU,5,1,2,10,12,2,8,800,140,88,5,0,0,2,4,5,2,20,5,2,8,4,11,195906,2014,195906,5.2,8.7,14,1,506,1,1,26,,,,,,,,,,,,,,,,,,,,,,0,0,0,1,1,0,0,282,,,
13316752,N,N,N,N,N,N,N,6/5/2013,5:15 PM,0070545413J,FSGI,101,208,N,Y,,,1,10,,1,10100,W,KATY,FWY,N,N,65,N,N,,N,19,,,,,N,GESSNER,DR,,,,,,,12,1,0,2,1,1,20,1:30 PM,WALK IN,1:30 PM,6/7/2013,Y,TXHPD0000,2469,14,128,21,8,2,4,20,64,54,1,1,1,21,21,101,208,29.78444782,-95.52753016,IH,10,,757.393,IH0010,,271,7,17.447,759,-0.008,,,,,,,,,Y,Y,N,5,9,Y,WED,5,1,0,10,30,9,6,275,96,72,6,0,0,1,10,0,2,10,5,2,20,4,11,277883,2014,277883,2.8,3.6,6.4,,,,,,,,,,,,,,,,,,,,,,,,,,,0,0,0,1,1,0,0,15,,,
13316922,N,N,N,N,N,N,N,6/13/2013,5:13 PM,148702A,,57,107,N,Y,,,19,,,1,1300,N,BECKLEY,AVE,N,N,35,N,N,,N,19,,,,100,W,COLORADO,BLVD,,,,,,,11,1,0,,1,1,20,5:24 PM,DISPATCHED,5:30 PM,6/13/2013,Y,TX0000006,2471,,,44,8,2,4,22,64,42,1,5,1,21,21,57,107,32.76249109,-96.82300766,,,,,N BECKLEY AVE,,,,,,,,,,,,,,,Y,N,N,5,9,Y,THU,,,,,,,,,,,,,,,,,,,,,,,,,,,,,,,,,,,,,,,,,,,,,,,,,,,,,,,,0,0,0,4,0,0,0,282,,,
13316924,N,Y,N,N,N,N,N,6/5/2013,1:05 PM,201322223,201322223,139,324,N,Y,,,11,286,,1,800,NE,286,LOOP,N,N,60,N,N,800 BLK N.E LOOP 286,N,19,,,,2400,,STILLHOUSE,RD,,,,,2400 BLK STILLHOUSE RD,,11,1,0,,6,1,1,1:07 PM,DISPATCHED,1:12 PM,6/5/2013,Y,TX1390200,1907,,,35,8,2,2,21,64,9,1,2,1,21,21,139,324,,,SL,286,,,SL0286,,,,,,,,,,STILLHOUSE RD,,,,,Y,Y,N,3,6,N,WED,,,,,,,,,,,,,,,,,,,,,,,,,,,,,,,,,,,,,,,,,,,,,,,,,,,,,,,,0,0,1,2,0,1,0,,,,
13316972,N,N,N,N,N,N,N,6/14/2013,2:05 PM,0073769913O,FSGI,101,208,N,Y,,,19,,,1,1094,,FEDERAL,RD,N,N,35,N,N,CONCRETE,N,19,,,,12599,,EAST,FWY,,,,,,,11,1,0,2,1,1,20,2:24 PM,DISPATCHED,2:35 PM,6/14/2013,Y,TXHPD0000,2469,6,124,71,8,2,4,21,64,8,1,3,1,21,21,101,208,29.77083547,-95.21370939,FM,526,,4.778,FM0526,,980,2,3.342,468,0.6,,,,,,,,,Y,Y,N,5,9,Y,FRI,3,0,9,9,28,9,4,150,84,48,6,1,1,2,18,2,2,18,2,1,10,4,14,22425,2014,22425,3.9,1.4,5.2,,,,,,,,,,,,,,,,,,,,,,,,,,,0,0,0,1,1,0,0,15,,,
13316978,N,N,N,N,N,N,N,6/13/2013,10:05 AM,0073227813B,,101,208,N,Y,,,19,,,1,400,,ALDINE BENDER,RD,N,N,40,N,N,STRAIGHT AND LEVEL,Y,19,,,1,16000,,SPENCE,RD,,,,,,,11,1,0,3,1,1,8,12:16 PM,HPD DISPATCH,12:20 PM,6/15/2013,Y,TXHPD0000,2469,14,152,59,8,2,1,10,64,54,1,3,1,21,21,101,208,29.93189843,-95.39314322,FM,525,,1.154,FM0525,422,1005,1,1.155,676,1.01,,,,SPENCE RD,,,,,Y,Y,N,5,9,Y,THU,2,0,0,0,0,3,6,100,82,82,5,2,2,1,0,0,1,0,0,0,0,4,16,21063,2014,21063,3.9,1.4,5.2,,,,,,,,,,,,,,,,,,,,,,,,,,,0,0,0,2,0,0,0,15,,,