Crash_ID,Crash_Fatal_Fl,Cmv_Involv_Fl,Schl_Bus_Fl,Rr_Relat_Fl,Medical_Advisory_Fl,Amend_Supp_Fl,Active_School_Zone_Fl,Crash_Date,Crash_Time,Case_ID,Local_Use,Rpt_CRIS_Cnty_ID,Rpt_City_ID,Rpt_Outside_City_Limit_Fl,Thousand_Damage_Fl,Rpt_Latitude,Rpt_Longitude,Rpt_Rdwy_Sys_ID,Rpt_Hwy_Num,Rpt_Hwy_Sfx,Rpt_Road_Part_ID,Rpt_Block_Num,Rpt_Street_Pfx,Rpt_Street_Name,Rpt_Street_Sfx,Private_Dr_Fl,Toll_Road_Fl,Crash_Speed_Limit,Road_Constr_Zone_Fl,Road_Constr_Zone_Wrkr_Fl,Rpt_Street_Desc,At_Intrsct_Fl,Rpt_Sec_Rdwy_Sys_ID,Rpt_Sec_Hwy_Num,Rpt_Sec_Hwy_Sfx,Rpt_Sec_Road_Part_ID,Rpt_Sec_Block_Num,Rpt_Sec_Street_Pfx,Rpt_Sec_Street_Name,Rpt_Sec_Street_Sfx,Rpt_Ref_Mark_Offset_Amt,Rpt_Ref_Mark_Dist_Uom,Rpt_Ref_Mark_Dir,Rpt_Ref_Mark_Nbr,Rpt_Sec_Street_Desc,Rpt_CrossingNumber,Wthr_Cond_ID,Light_Cond_ID,Entr_Road_ID,Road_Type_ID,Road_Algn_ID,Surf_Cond_ID,Traffic_Cntl_ID,Investigat_Notify_Time,Investigat_Notify_Meth,Investigat_Arrv_Time,Report_Date,Investigat_Comp_Fl,ORI_Number,Investigat_Agency_ID,Investigat_Area_ID,Investigat_District_ID,Investigat_Region_ID,Bridge_Detail_ID,Harm_Evnt_ID,Intrsct_Relat_ID,FHE_Collsn_ID,Obj_Struck_ID,Othr_Factr_ID,Road_Part_Adj_ID,Road_Cls_ID,Road_Relat_ID,Phys_Featr_1_ID,Phys_Featr_2_ID,Cnty_ID,City_ID,Latitude,Longitude,Hwy_Sys,Hwy_Nbr,Hwy_Sfx,Dfo,Street_Name,Street_Nbr,Control,Section,Milepoint,Ref_Mark_Nbr,Ref_Mark_Displ,Hwy_Sys_2,Hwy_Nbr_2,Hwy_Sfx_2,Street_Name_2,Street_Nbr_2,Control_2,Section_2,Milepoint_2,Txdot_Rptable_Fl,Onsys_Fl,Rural_Fl,Crash_Sev_ID,Pop_Group_ID,Located_Fl,Day_of_Week,Hwy_Dsgn_Lane_ID,Hwy_Dsgn_Hrt_ID,Hp_Shldr_Left,Hp_Shldr_Right,Hp_Median_Width,Base_Type_ID,Nbr_Of_Lane,Row_Width_Usual,Roadbed_Width,Surf_Width,Surf_Type_ID,Curb_Type_Left_ID,Curb_Type_Right_ID,Shldr_Type_Left_ID,Shldr_Width_Left,Shldr_Use_Left_ID,Shldr_Type_Right_ID,Shldr_Width_Right,Shldr_Use_Right_ID,Median_Type_ID,Median_Width,Rural_Urban_Type_ID,Func_Sys_ID,Adt_Curnt_Amt,Adt_Curnt_Year,Adt_Adj_Curnt_Amt,Pct_Single_Trk_Adt,Pct_Combo_Trk_Adt,Trk_Aadt_Pct,Curve_Type_ID,Curve_Lngth,Cd_Degr,Delta_Left_Right_ID,Dd_Degr,Feature_Crossed,Structure_Number,I_R_Min_Vert_Clear,Approach_Width,Bridge_Median_ID,Bridge_Loading_Type_ID,Bridge_Loading_In_1000_Lbs,Bridge_Srvc_Type_On_ID,Bridge_Srvc_Type_Under_ID,Culvert_Type_ID,Roadway_Width,Deck_Width,Bridge_Dir_Of_Traffic_ID,Bridge_Rte_Struct_Func_ID,Bridge_IR_Struct_Func_ID,CrossingNumber,RRCo,Poscrossing_ID,WDCode_ID,Standstop,Yield,Incap_Injry_Cnt,Nonincap_Injry_Cnt,Poss_Injry_Cnt,Non_Injry_Cnt,Unkn_Injry_Cnt,Tot_Injry_Cnt,Death_Cnt,MPO_ID,Investigat_Service_ID,Investigat_DA_ID,Investigator_Narrative
13347032,N,N,N,N,N,N,N,7/6/2013,4:45 PM,SAPD13145502,5350,15,379,N,Y,,,11,410,,2,2400,SW,LOOP 410,,N,N,45,N,N,SW LOOP 410 FRONTAGE ROAD,Y,19,,,1,100,,DEMYA,,,,,,,,11,1,3,2,2,1,20,5:00 PM,DISPATCHED,5:08 PM,7/6/2013,Y,TXSPD0000,2473,,19,148,8,2,3,23,64,13,2,1,1,32,21,15,379,29.40637356,-98.64967346,IH,410,,6.794,IH0410,,521,4,7.105,7,-0.193,,,,,,,,,Y,Y,N,5,9,Y,SAT,5,0,8,10,21,2,6,300,112,72,4,0,0,2,18,5,2,22,5,2,3,4,11,63247,2014,63247,2.9,1.9,4.7,,,,,,,,,,,,,,,,,,,,,,,,,,,0,0,0,3,0,0,0,28,,,
13347116,N,Y,N,N,N,N,N,6/29/2013,9:15 AM,,,95,1,N,Y,33.83707,-101.84108,1,27,,1,,,NOT REPORTED,,N,N,75,N,N,,N,,,,,,,NOT REPORTED,,0.5,M,SE,22,,,2,1,0,2,5,2,11,9:30 AM,HALE COUNTY DISPATCH,9:51 AM,6/29/2013,Y,,10000,12,17,1,8,10,4,1,1,1,1,1,2,21,21,95,1,33.83261313,-101.8410075,IH,27,,21.646,IH0027,,67,6,0.351,22,-0.5,,,,NOT REPORTED,,,,,Y,Y,Y,5,3,Y,SAT,5,0,7,10,29,8,4,240,82,48,5,0,0,2,14,5,2,20,5,2,15,1,1,10730,2014,10730,7.4,15.8,23.2,,,,,,,,,,,,,,,,,,,,,,,,,,,0,0,0,2,0,0,0,,,,
13347304,N,N,N,N,N,N,N,7/5/2013,5:23 PM,SAPD13144751,7120,15,379,N,Y,,,19,,,1,11500,,CULEBRA,RD,N,N,45,N,N,,Y,19,,,1,6700,,BRIDLEBACK,RD,,,,,,,11,1,0,2,1,1,5,5:23 PM,DISPATCHED,5:33 PM,7/5/2013,Y,TXSPD0000,2473,,61,123,8,2,2,22,64,42,1,3,1,21,21,15,379,29.50028584,-98.72081937,FM,471,,7.072,FM0471,,849,1,7.043,500,0.192,,,,BRIDLEBACK DR,,,,,Y,Y,N,5,9,Y,FRI,3,0,0,5,3,2,4,140,70,60,4,1,1,1,0,0,2,10,3,1,3,4,14,39340,2014,39340,5.9,2.7,8.6,,,,,,,,,,,,,,,,,,,,,,,,,,,0,0,0,7,1,0,0,28,,,
13347442,N,N,N,N,N,N,N,6/29/2013,3:07 AM,13-64203,,220,156,N,Y,32.69601,-97.3377,19,,,1,3600,S,HENDERSON,ST,N,N,-1,N,N,CONCRETE ROAD,Y,19,,,1,1200,W,BIDDISON,,,,,,CONCRETE ROAD,,11,4,2,,1,1,1,3:07 AM,DISPATCH,3:15 AM,6/29/2013,Y,TX2201200,1318,885,11,120,8,7,2,1,29,3,1,5,2,21,21,220,156,32.69862429,-97.33767244,,,,,S HENDERSON ST,3501,,,,,,,,,W BIDDISON ST,,,,,Y,N,N,5,9,Y,SAT,,,,,,,,,,,,,,,,,,,,,,,,,,,,,,,,,,,,,,,,,,,,,,,,,,,,,,,,0,0,0,1,0,0,0,282,,,
13347486,N,N,N,N,N,Y,N,6/22/2013,1:00 PM,13181,,175,98,N,Y,,,19,,,1,2500,,W 7TH,AVE,N,N,35,Y,Y,,Y,19,,,1,300,,S 34TH,,,,,,,,11,1,4,,1,1,5,1:01 PM,POLICE DISPATCH,1:05 PM,6/22/2013,Y,,1119,,,,8,2,1,34,64,49,1,5,1,21,21,175,98,32.07995438,-96.48781269,,,,,W 7TH AVE,2501,,,,,,,,,UNKNOWN,,,,,Y,N,N,3,5,Y,SAT,,,,,,,,,,,,,,,,,,,,,,,,,,,,,,,,,,,,,,,,,,,,,,,,,,,,,,,,0,0,1,5,0,1,0,,,,
13347510,N,N,N,N,N,N,N,7/1/2013,12:00 PM,,,26,62,N,Y,,,3,21,,1,,W,PRESIDENTIAL CORRIDOR,ST,N,N,40,N,N,,Y,19,,,1,,N,JOHNSTON,ST,,,,,,,12,1,2,3,2,1,8,12:00 PM,BCSO DISPATCH,12:00 PM,7/1/2013,Y,TX0260100,194,,,33,8,2,2,13,64,3,1,2,1,21,21,26,62,30.53146207,-96.70158703,SH,21,,91.964,SH0021,,116,3,11.356,622,-0.547,,,,N JOHNSTON ST,,,,,Y,Y,Y,3,3,Y,MON,2,0,0,0,0,2,4,148,62,48,4,0,1,1,0,0,1,0,0,0,0,1,2,14688,2014,14688,10.8,11.1,21.9,,,,,,,,,,,,,,,,,,,,,,,,,,,0,0,1,3,0,1,0,,,,
13347586,N,N,N,N,N,N,N,6/20/2013,1:53 PM,13-004191,13-004191,59,197,N,Y,,,19,,,1,100,,VICTORY,DR,N,N,30,N,N,,N,19,,,1,,S,MAIN,ST,,,,,,,11,1,0,,1,1,17,1:53 PM,DISPATCH,2:00 PM,6/20/2013,Y,TX0590100,1445,,,,8,7,4,1,33,54,1,5,2,21,21,59,197,34.81057542,-102.3942332,,,,,VICTORY DR,,,,,,,,,,,,,,,Y,N,N,0,5,Y,THU,,,,,,,,,,,,,,,,,,,,,,,,,,,,,,,,,,,,,,,,,,,,,,,,,,,,,,,,0,0,0,0,0,0,0,,,,
13347606,N,N,N,N,N,N,N,6/14/2013,12:04 PM,13-004976,,43,285,N,Y,,,19,,,1,1800,,REDBUD,BLVD,N,N,0,N,N,,N,2,380,,1,1700,W,UNIVERSITY,DR,,,,,,,11,1,0,,1,1,5,12:07 PM,DISPATCH,12:08 PM,6/14/2013,Y,TX0430500,1759,,,,8,2,2,20,64,38,1,5,1,21,21,43,285,33.21645052,-96.63150408,,,,,REDBUD BLVD,1896,,,,,,US,380,,US0380,,,,,Y,N,N,5,8,Y,FRI,,,,,,,,,,,,,,,,,,,,,,,,,,,,,,,,,,,,,,,,,,,,,,,,,,,,,,,,0,0,0,4,0,0,0,282,,,
13347612,N,N,N,N,N,N,N,6/12/2013,2:57 PM,13-004922,,43,285,N,Y,,,2,380,,1,1600,W,UNIVERSITY,DR,N,N,40,N,N,CONCRETE,Y,19,,,,1800,,HERITAGE,DR,,,,,CONCRETE,,11,1,0,,1,1,20,2:59 PM,MCKINNEY DISPATCH,3:02 PM,6/12/2013,Y,TX0430500,1759,,50,177,8,2,2,22,64,39,1,2,1,21,21,43,285,,,US,380,,,US0380,,,,,,,,,,HERITAGE DR,,,,,Y,Y,N,3,8,N,WED,,,,,,,,,,,,,,,,,,,,,,,,,,,,,,,,,,,,,,,,,,,,,,,,,,,,,,,,0,0,2,1,0,2,0,,,,
13347700,N,N,N,N,N,N,N,6/22/2013,10:26 PM,P20130088025,,188,12,N,Y,,,19,,,1,100,W,AMARILLO,BLVD,N,N,35,N,N,,Y,19,,,1,800,N,POLK,ST,,,,,,,11,4,4,3,1,1,6,10:26 PM,DISPATCH,10:29 PM,6/23/2013,Y,TX1880100,33,,,93,8,2,1,10,64,54,1,2,1,21,21,188,12,35.22201937,-101.8341512,BI,40,D,9.029,BI0040D,798,90,6,21.222,300,0.921,US,60,,US0060,,,,,Y,Y,N,5,8,Y,SAT,2,0,8,8,0,2,4,90,82,66,2,2,2,2,8,5,2,8,5,0,0,3,14,15106,2014,15106,2.4,34.4,36.8,,,,,,,,,,,,,,,,,,,,,,,,,,,0,0,0,2,0,0,0,120,,,
13347754,N,N,N,N,N,N,N,6/26/2013,12:26 AM,13063454,,31,53,N,Y,,,2,77,,7,2300,N,FRONTAGE,RD,Y,N,5,N,N,PARKING LOT,N,4,802,,,1100,,RUBEN M TORRES,BLVD,,,,,,,11,4,0,,1,1,1,12:26 AM,DISPATCHED,12:34 AM,6/27/2013,Y,TX0310100,172,,211,59,8,2,4,45,64,12,7,9,5,33,21,31,53,,,US,77,,,US0077,,,,,,,,,,,,,,,N,Y,N,5,8,N,WED,,,,,,,,,,,,,,,,,,,,,,,,,,,,,,,,,,,,,,,,,,,,,,,,,,,,,,,,0,0,0,7,0,0,0,,,,
13347823,N,N,N,N,N,N,N,6/27/2013,5:56 PM,13-22492,,152,270,N,Y,,,19,,,7,7300,,UNIVERSITY,AVE,Y,N,15,N,N,,N,19,,,,,,UNIVERSITY,AVE,,,,,UNIVERSITY AVE,,11,1,0,,1,1,1,5:59 PM,POLICE RADIO,6:01 PM,6/27/2013,Y,TX1520200,1706,,,,8,7,4,1,34,54,7,9,5,33,21,152,270,,,,,,,UNIVERSITY AVE,,,,,,,,,,,,,,,N,N,N,5,8,N,THU,,,,,,,,,,,,,,,,,,,,,,,,,,,,,,,,,,,,,,,,,,,,,,,,,,,,,,,,0,0,0,1,0,0,0,,,,
13347972,N,N,N,N,N,N,N,6/5/2013,2:30 AM,130075884,0,101,1666,Y,Y,,,4,2920,,1,3400,,NOT REPORTED,,N,N,50,N,N,,N,19,,,1,2100,,MEADOWHILL,DR,,,,,,,11,4,0,3,1,1,20,2:35 AM,DISPATCHED,2:46 AM,6/5/2013,Y,TX1014900,2744,250,5,6,8,2,3,10,64,14,1,3,1,32,21,101,1666,30.07057929,-95.46945475,FM,2920,,28.771,FM2920,3304,2941,2,17.56,674,0.713,,,,,,,,,Y,Y,Y,3,0,Y,WED,2,0,8,8,0,3,4,120,78,62,6,0,0,2,8,5,2,8,5,0,0,4,14,31722,2014,31722,1.4,1.7,3.1,,,,,,,,,,,,,,,,,,,,,,,,,,,0,0,1,2,0,1,0,15,,,
13348036,N,N,N,N,N,N,N,6/22/2013,8:35 PM,,13-087994,57,107,N,Y,,,19,,,1,2200,,NORTHWEST,HWY,N,N,40,N,N,,Y,11,12,,,,,WALTON WALKER,BLVD,,,,,,,11,4,0,2,1,1,5,8:42 PM,RADIO DISPATCHED,8:55 PM,6/22/2013,Y,TX0570000,1169,,41,22,8,2,1,34,64,54,1,2,1,21,21,57,107,32.86555766,-96.80341273,SL,12,,22.893,SL0012,,353,5,24.606,606,0.869,,,,NORTHWEST PKWY,,,,,Y,Y,N,3,9,Y,SAT,3,0,0,0,15,3,6,120,66,66,6,1,2,1,0,0,1,0,0,1,15,4,14,46366,2014,46366,2.3,0.4,2.7,,,,,,,,,,,,,,,,,,,,,,,,,,,0,0,1,2,0,1,0,282,,,
13348050,N,N,N,N,N,N,N,6/24/2013,6:05 PM,,13-088992,57,107,N,Y,,,1,20,,1,39100,E,LYNDON B JOHNSON,FWY,N,N,65,N,N,,N,19,,,1,,,POLK,ST,,,,,,,11,1,0,2,1,1,20,6:05 PM,ON VIEW,6:05 PM,6/25/2013,Y,TX0570000,1169,,64,22,8,2,4,20,64,42,1,1,1,21,21,57,107,32.64218631,-96.83176949,IH,20,,466.22,IH0020,,2374,4,13.249,467,0.255,,,,,,,,,Y,Y,N,3,9,Y,MON,5,0,10,12,50,3,8,420,140,96,6,0,0,2,22,5,2,22,5,2,28,4,11,158126,2014,158126,2.3,6.3,8.5,,,,,,,,,,,,,,,,,,,,,,,,,,,0,0,2,3,0,2,0,282,,,
13348197,N,N,N,N,N,N,N,7/3/2013,3:45 AM,0082332513W,,101,208,N,Y,,,17,,,1,10222,S,GESSNER,DR,Y,N,-1,N,N,,N,17,,,,,S,GESSNER,DR,,,,,,,0,0,0,,1,0,1,9:57 AM,DISPATCHED,10:25 AM,7/3/2013,Y,TXHPD0000,2469,18,125,55,8,7,4,1,33,54,7,9,5,33,21,101,208,,,,,,,S GESSNER DR,,,,,,,,,,,,,,,N,N,N,5,9,N,WED,,,,,,,,,,,,,,,,,,,,,,,,,,,,,,,,,,,,,,,,,,,,,,,,,,,,,,,,0,0,0,1,0,0,0,,,,
13348318,N,N,N,N,N,N,N,6/18/2013,11:42 AM,13-005001,,84,428,N,Y,,,1,45,,7,2300,,IH45,,Y,N,0,N,N,,N,4,2004,,1,2200,,MALL OF MAINLAND,,,,,,,,11,1,0,,1,1,1,11:42 AM,DISPATCHED,11:59 AM,6/18/2013,Y,TX0840900,2239,,,87,8,7,4,1,36,3,7,9,5,33,21,84,428,,,IH,45,,,IH0045,,,,,,,,,,,,,,,N,Y,N,3,6,N,TUE,,,,,,,,,,,,,,,,,,,,,,,,,,,,,,,,,,,,,,,,,,,,,,,,,,,,,,,,0,0,1,0,0,1,0,,,,
13348499,N,N,N,N,N,N,N,7/2/2013,5:00 PM,,,79,1644,Y,Y,29.7434,-95.77773,15,,,1,,,CINCO RANCH,BLVD,N,N,35,N,N,,N,15,,,,,,COMMERICIAL CENTER,BLVD,,,,,,,11,1,0,,1,1,5,5:32 PM,DPS PIERCE COMM.,5:42 PM,7/3/2013,Y,,10000,19,52,1,8,2,2,22,64,42,1,4,1,21,21,79,1644,29.7432585,-95.77781562,,,,,CINCO RANCH BLVD,,,,,,,,,,COMMERCIAL CENTER BLVD,,,,,Y,N,Y,5,0,Y,TUE,,,,,,,,,,,,,,,,,,,,,,,,,,,,,,,,,,,,,,,,,,,,,,,,,,,,,,,,0,0,0,2,0,0,0,15,,,
13348525,N,N,N,N,N,N,N,6/26/2013,5:27 PM,C1304695,,178,97,N,Y,,,3,358,,1,2000,,NOT REPORTED,,N,N,60,N,N,,N,19,,,1,5000,,AYERS,ST,,,,,,,11,1,0,2,1,1,11,5:27 PM,DISPATCHED,5:32 PM,6/26/2013,Y,TX1780200,1115,,,19,8,2,4,20,64,42,1,2,1,21,21,178,97,27.73578668,-97.42784537,SH,358,,5.955,SH0358,,617,1,5.768,562,-0.135,,,,,,,,,Y,Y,N,5,9,Y,WED,5,0,10,10,22,8,6,250,112,72,4,0,0,2,20,5,2,20,5,2,2,4,12,125741,2014,125741,3.2,3,6.2,,,,,,,,,,,,,,,,,,,,,,,,,,,0,0,0,3,0,0,0,96,,,
13348533,N,N,N,N,N,N,N,6/30/2013,2:53 PM,C1304821,,178,97,N,Y,,,19,,,1,2800,,THUNDER BAY,CT,N,N,30,N,N,,N,19,,,1,,,TORONTO,DR,,,,,,,12,1,0,,1,1,1,3:14 PM,DISPATCHED,3:22 PM,6/30/2013,Y,TX1780200,1115,,,12,8,4,3,4,64,14,1,5,1,32,21,178,97,27.66984963,-97.34652477,,,,,THUNDER BAY CTS,2828,,,,,,,,,,,,,,Y,N,N,0,9,Y,SUN,,,,,,,,,,,,,,,,,,,,,,,,,,,,,,,,,,,,,,,,,,,,,,,,,,,,,,,,0,0,0,0,1,0,0,96,,,
13348541,N,N,N,N,N,N,N,6/13/2013,9:00 PM,13-03016,,101,111,N,Y,,,19,,,1,2600,,HORSESHOE BEND,DR,N,N,20,N,N,,N,19,,,1,,,SAN MARCOS,DR,,,,,,,11,4,0,,1,1,1,9:05 PM,DISPATCH,9:10 PM,6/14/2013,Y,TX1010400,1190,,,,8,4,3,4,64,14,1,5,1,32,21,101,111,29.68860476,-95.09790907,,,,,HORSESHOE BND,2509,,,,,,,,,,,,,,Y,N,N,5,6,Y,THU,,,,,,,,,,,,,,,,,,,,,,,,,,,,,,,,,,,,,,,,,,,,,,,,,,,,,,,,0,0,0,1,0,0,0,15,,,
13348571,N,N,N,N,N,N,N,6/20/2013,11:42 AM,13-03121,,101,111,N,Y,,,19,,,1,3700,,CENTER,ST,N,N,40,N,N,,N,19,,,1,2800,,HILLSHIRE,DR,,,,,,,11,1,0,,1,1,1,11:42 AM,DISPATCH,11:50 AM,6/20/2013,Y,TX1010400,1190,,,,8,2,2,34,64,54,1,5,1,21,21,101,111,29.6779674,-95.1232828,,,,,CENTER ST,,,,,,,,,,HILLSHIRE DR,,,,,Y,N,N,5,6,Y,THU,,,,,,,,,,,,,,,,,,,,,,,,,,,,,,,,,,,,,,,,,,,,,,,,,,,,,,,,0,0,0,3,0,0,0,15,,,
13348577,N,N,N,N,N,N,N,6/17/2013,5:46 PM,13-03077,,101,111,N,Y,,,1,225,,2,6700,,NOT REPORTED,,N,N,50,N,N,,N,19,,,1,300,,EAST BLVE,,,,,,,,11,1,0,,3,1,5,4:49 PM,DISPATCH,4:54 PM,6/17/2013,Y,TX1010400,1190,,,,8,2,4,22,64,38,2,1,1,21,21,101,111,,,,,,,IH0225,,,,,,,,,,,,,,,Y,Y,N,5,6,N,MON,,,,,,,,,,,,,,,,,,,,,,,,,,,,,,,,,,,,,,,,,,,,,,,,,,,,,,,,0,0,0,2,0,0,0,,,,
13348792,N,N,N,N,N,N,N,6/24/2013,8:02 AM,C1304632,,178,97,N,Y,,,19,,,1,13600,,NORTHWEST,BLVD,N,N,35,N,N,,N,3,77,,2,3800,,NOT REPORTED,,,,,,SOUTH BOUND,,11,1,0,3,1,1,11,8:18 AM,RADIO DISPATCHED,8:22 AM,6/24/2013,Y,TX1780200,1115,,,51,8,2,3,34,64,13,1,3,1,32,21,178,97,27.85594888,-97.63034781,FM,624,,113.761,FM0624,,989,2,16.123,564,0.144,,,,,,,,,Y,Y,N,5,9,Y,MON,2,0,8,8,0,2,4,150,78,48,4,0,0,2,8,5,2,8,5,0,0,4,16,31460,2014,31460,2,10,11.9,1,42,1,1,0,,,,,,,,,,,,,,,,,,,,,,0,0,0,2,0,0,0,96,,,
13348815,N,N,N,N,N,N,N,6/28/2013,4:26 PM,C1304761,,178,97,N,Y,,,19,,,1,4511,,UP RIVER,RD,N,N,35,N,N,,N,1,37,,1,4600,,NOT REPORTED,FWY,,,,,,,11,1,0,,1,1,20,4:27 PM,DISPATCHED,4:32 PM,6/28/2013,Y,TX1780200,1115,,,51,8,2,3,11,64,14,1,5,1,32,21,178,97,27.80192767,-97.44159811,,,,,UP RIVER RD,4582,,,,,,,,,,,,,,Y,N,N,5,9,Y,FRI,,,,,,,,,,,,,,,,,,,,,,,,,,,,,,,,,,,,,,,,,,,,,,,,,,,,,,,,0,0,0,4,0,0,0,96,,,
13348863,N,N,N,N,N,N,N,6/17/2013,7:59 PM,2013004117,,7,337,N,Y,,,3,281,,1,300,S,MAIN,ST,N,N,35,N,N,,N,19,,,1,100,E,OAKLAWN,,,,,,SOUTH OF E. OAKLAWN,,11,1,98,3,1,1,20,7:59 PM,DISPATCHED,8:10 PM,6/17/2013,Y,TX0070200,1941,,,,8,2,4,21,64,9,1,2,1,21,21,7,337,28.95684916,-98.48413721,US,281,,370.745,US0281,299,73,4,9.999,576,0.93,,,,,,,,,Y,Y,N,5,4,Y,MON,2,0,10,10,0,2,4,80,68,48,4,1,1,2,10,5,2,10,5,0,0,2,14,8521,2014,8521,5.2,7,12.3,,,,,,,,,,,,,,,,,,,,,,,,,,,0,0,0,2,0,0,0,,,,
13348877,N,N,N,N,N,N,N,7/5/2013,6:50 PM,2013-0000024518,,220,31,N,Y,,,19,,,1,3900,,CHEEK SPARGER,RD,N,N,30,N,N,TWO-WAY MEDIAN DIVIDED ROADWAY,Y,3,121,,2,4100,,SH 121 EAST FRONTAGE,RD,,,,,ONEWAY NORTHBOUND SERVICE ROAD OF SH 121,,11,1,4,2,1,1,5,6:57 PM,DISPATCHED,7:02 PM,7/5/2013,Y,TX2200300,105,,,35,8,2,2,32,64,42,2,2,1,21,21,220,31,32.86580839,-97.10176538,SH,121,,81.882,SH0121,,364,1,12.819,290,-0.603,,,,CHEEK SPARGER RD,,,,,Y,Y,N,2,6,Y,FRI,5,0,10,10,60,3,6,460,112,72,5,0,0,2,20,5,2,20,5,2,40,4,12,97326,2014,97326,3.2,3.5,6.7,,,,,,,,,,,,,,,,,,,,,,,,,,,0,1,1,3,0,2,0,282,,,
13348905,N,Y,N,N,N,N,N,6/27/2013,5:25 AM,58159,,196,1761,Y,Y,28.14198,-97.41406,2,77,,1,,,NOT REPORTED,,N,N,75,N,N,,N,,,,,,,NOT REPORTED,,1.5,M,N,638,,,11,3,0,2,1,1,1,5:36 AM,DISPATCH,5:47 AM,6/27/2013,Y,TX1960000,1997,,,,8,2,4,21,64,3,1,2,1,21,21,196,1761,28.14135147,-97.4142788,US,77,,396.273,US0077,,371,3,35.964,638,-1.5,,,,NOT REPORTED,,,,,Y,Y,Y,2,0,Y,THU,3,0,4,10,79,2,4,240,76,48,4,0,0,2,14,5,2,14,5,3,65,1,2,12043,2014,12043,7.2,28.1,35.3,,,,,,,,,,,,,,,,,,,,,,,,,,,0,1,0,1,0,1,0,,,,
13348934,N,Y,N,N,N,N,N,7/1/2013,9:41 AM,10-I-10451,,231,1796,Y,Y,,,3,67,,1,,,NOT REPORTED,,N,N,75,N,N,,N,14,756,,1,,,NOT REPORTED,,,,,,,,2,1,0,,1,2,3,9:45 AM,DISPATCH,11:39 AM,7/1/2013,Y,TX2310000,2343,,,,8,9,4,1,3,1,1,2,2,21,21,231,1796,,,SH,67,,,SH0067,,,,,,,,,,,,,,,Y,Y,Y,5,0,N,MON,,,,,,,,,,,,,,,,,,,,,,,,,,,,,,,,,,,,,,,,,,,,,,,,,,,,,,,,0,0,0,1,0,0,0,,,,
13349025,N,N,N,N,N,N,N,6/25/2013,1:20 PM,13-002064,13-0386,126,59,N,Y,,,3,174,,1,1300,SW,WILSHIRE,BLVD,N,N,50,Y,N,2-WAY DIVIDED,N,19,,,1,10,,ELK,DR,,,,,,,11,1,0,2,1,8,1,1:23 PM,RADIO DISPATCH,1:29 PM,6/25/2013,Y,TX1260200,185,,,,8,2,4,22,64,49,1,2,1,21,21,126,59,32.52420482,-97.34485039,SH,174,,2.719,SH0174,,19,1,12.626,286,0.639,,,,,,,,,Y,Y,N,5,6,Y,TUE,3,0,4,10,43,2,4,160,76,48,4,0,0,2,14,5,2,14,5,3,33,4,14,25912,2014,25912,1.5,9.3,10.8,,,,,,,,,,,,,,,,,,,,,,,,,,,0,0,0,3,0,0,0,282,,,
13349319,N,N,N,N,N,N,N,7/1/2013,12:40 AM,,,19,1584,Y,Y,33.468,-94.463,1,30,,1,,,NOT REPORTED,,N,N,75,N,N,,N,3,98,,,,,NOT REPORTED,,,,,,,,11,4,0,2,2,1,20,12:51 AM,DPS COMMUNICATIONS,1:01 AM,7/2/2013,Y,TXDPS3100,10000,1,103,1,8,7,4,1,39,31,1,1,4,21,21,19,1584,33.46620955,-94.46731766,IH,30,,198.189,IH0030,,610,6,17.42,198,0.417,,,,,,,,,Y,Y,Y,5,0,Y,MON,5,0,4,10,56,3,4,300,76,48,6,0,0,2,8,5,2,20,5,3,48,1,1,19263,2014,19263,8.2,25.4,33.6,,,,,,,,,,,,,,,,,,,,,,,,,,,0,0,0,1,0,0,0,,,,
13349486,N,N,N,N,N,N,N,7/7/2013,9:00 PM,0084426013B,,101,208,N,N,,,17,,,7,1,,GOODSON,DR,Y,N,5,N,N,PARKING LOT,N,19,,,,11700,,AIRLINE,DR,,,,,,,11,4,0,,1,1,1,9:06 PM,DISPATCH,9:18 PM,7/7/2013,Y,TXHPD0000,2469,14,152,59,8,1,4,1,64,54,7,9,5,33,21,101,208,,,,,,,GOODSON DR,,,,,,,,,,,,,,,N,N,N,3,9,N,SUN,,,,,,,,,,,,,,,,,,,,,,,,,,,,,,,,,,,,,,,,,,,,,,,,,,,,,,,,0,0,1,1,0,1,0,,,,
13349580,N,N,N,N,N,N,N,7/1/2013,3:34 PM,,,170,1735,Y,Y,30.50858,-95.49167,1,45,,1,,,NOT REPORTED,,N,N,65,N,N,,N,19,,,,,,HOSTETTER,DR,,,,,,,11,1,0,2,1,1,20,3:53 PM,DPS COMMUNICATIONS,4:23 PM,7/1/2013,Y,,10000,17,52,1,8,2,4,22,64,42,1,1,1,21,21,170,1735,30.50856498,-95.49140778,IH,45,,100.71,IH0045,,675,8,27.923,101,-0.355,,,,,,,,,Y,Y,Y,5,0,Y,MON,5,0,6,10,52,2,4,320,80,48,6,0,0,2,12,5,2,20,5,3,40,1,1,41041,2014,41041,2.8,19.2,22,,,,,,,,,,,,,,,,,,,,,,,,,,,0,0,0,6,0,0,0,15,,,