Crash_ID,Crash_Fatal_Fl,Cmv_Involv_Fl,Schl_Bus_Fl,Rr_Relat_Fl,Medical_Advisory_Fl,Amend_Supp_Fl,Active_School_Zone_Fl,Crash_Date,Crash_Time,Case_ID,Local_Use,Rpt_CRIS_Cnty_ID,Rpt_City_ID,Rpt_Outside_City_Limit_Fl,Thousand_Damage_Fl,Rpt_Latitude,Rpt_Longitude,Rpt_Rdwy_Sys_ID,Rpt_Hwy_Num,Rpt_Hwy_Sfx,Rpt_Road_Part_ID,Rpt_Block_Num,Rpt_Street_Pfx,Rpt_Street_Name,Rpt_Street_Sfx,Private_Dr_Fl,Toll_Road_Fl,Crash_Speed_Limit,Road_Constr_Zone_Fl,Road_Constr_Zone_Wrkr_Fl,Rpt_Street_Desc,At_Intrsct_Fl,Rpt_Sec_Rdwy_Sys_ID,Rpt_Sec_Hwy_Num,Rpt_Sec_Hwy_Sfx,Rpt_Sec_Road_Part_ID,Rpt_Sec_Block_Num,Rpt_Sec_Street_Pfx,Rpt_Sec_Street_Name,Rpt_Sec_Street_Sfx,Rpt_Ref_Mark_Offset_Amt,Rpt_Ref_Mark_Dist_Uom,Rpt_Ref_Mark_Dir,Rpt_Ref_Mark_Nbr,Rpt_Sec_Street_Desc,Rpt_CrossingNumber,Wthr_Cond_ID,Light_Cond_ID,Entr_Road_ID,Road_Type_ID,Road_Algn_ID,Surf_Cond_ID,Traffic_Cntl_ID,Investigat_Notify_Time,Investigat_Notify_Meth,Investigat_Arrv_Time,Report_Date,Investigat_Comp_Fl,ORI_Number,Investigat_Agency_ID,Investigat_Area_ID,Investigat_District_ID,Investigat_Region_ID,Bridge_Detail_ID,Harm_Evnt_ID,Intrsct_Relat_ID,FHE_Collsn_ID,Obj_Struck_ID,Othr_Factr_ID,Road_Part_Adj_ID,Road_Cls_ID,Road_Relat_ID,Phys_Featr_1_ID,Phys_Featr_2_ID,Cnty_ID,City_ID,Latitude,Longitude,Hwy_Sys,Hwy_Nbr,Hwy_Sfx,Dfo,Street_Name,Street_Nbr,Control,Section,Milepoint,Ref_Mark_Nbr,Ref_Mark_Displ,Hwy_Sys_2,Hwy_Nbr_2,Hwy_Sfx_2,Street_Name_2,Street_Nbr_2,Control_2,Section_2,Milepoint_2,Txdot_Rptable_Fl,Onsys_Fl,Rural_Fl,Crash_Sev_ID,Pop_Group_ID,Located_Fl,Day_of_Week,Hwy_Dsgn_Lane_ID,Hwy_Dsgn_Hrt_ID,Hp_Shldr_Left,Hp_Shldr_Right,Hp_Median_Width,Base_Type_ID,Nbr_Of_Lane,Row_Width_Usual,Roadbed_Width,Surf_Width,Surf_Type_ID,Curb_Type_Left_ID,Curb_Type_Right_ID,Shldr_Type_Left_ID,Shldr_Width_Left,Shldr_Use_Left_ID,Shldr_Type_Right_ID,Shldr_Width_Right,Shldr_Use_Right_ID,Median_Type_ID,Median_Width,Rural_Urban_Type_ID,Func_Sys_ID,Adt_Curnt_Amt,Adt_Curnt_Year,Adt_Adj_Curnt_Amt,Pct_Single_Trk_Adt,Pct_Combo_Trk_Adt,Trk_Aadt_Pct,Curve_Type_ID,Curve_Lngth,Cd_Degr,Delta_Left_Right_ID,Dd_Degr,Feature_Crossed,Structure_Number,I_R_Min_Vert_Clear,Approach_Width,Bridge_Median_ID,Bridge_Loading_Type_ID,Bridge_Loading_In_1000_Lbs,Bridge_Srvc_Type_On_ID,Bridge_Srvc_Type_Under_ID,Culvert_Type_ID,Roadway_Width,Deck_Width,Bridge_Dir_Of_Traffic_ID,Bridge_Rte_Struct_Func_ID,Bridge_IR_Struct_Func_ID,CrossingNumber,RRCo,Poscrossing_ID,WDCode_ID,Standstop,Yield,Incap_Injry_Cnt,Nonincap_Injry_Cnt,Poss_Injry_Cnt,Non_Injry_Cnt,Unkn_Injry_Cnt,Tot_Injry_Cnt,Death_Cnt,MPO_ID,Investigat_Service_ID,Investigat_DA_ID,Investigator_Narrative
13349675,N,N,N,N,N,N,N,7/8/2013,3:11 PM,173160A,,57,107,N,Y,,,19,,,7,9069,,VANTAGE POINT,DR,Y,N,15,N,N,,N,19,,,,,,GREENVILLE,AVE,,,,,,,11,1,0,,7,1,1,3:12 PM,DISPATCHED,3:25 PM,7/8/2013,Y,TX0000006,2471,,,33,8,2,4,40,64,12,7,9,5,33,21,57,107,,,,,,,VANTAGE POINT DR,,,,,,,,,,,,,,,N,N,N,5,9,N,MON,,,,,,,,,,,,,,,,,,,,,,,,,,,,,,,,,,,,,,,,,,,,,,,,,,,,,,,,0,0,0,3,0,0,0,,,,
13349687,N,N,N,N,N,N,N,7/7/2013,7:02 PM,SAPD13146363,6230,15,379,N,Y,,,19,,,1,3000,,GOLIAD,RD,N,N,35,N,N,,N,19,,,,,SW,MILITARY,DR,,,,,,,11,1,0,,1,1,5,7:02 PM,DISPATCH,7:19 PM,7/7/2013,Y,TXSPD0000,2473,,11,175,8,2,2,20,64,31,1,5,1,21,21,15,379,29.35192648,-98.43107333,,,,,GOLIAD RD,,,,,,,,,,SE MILITARY DR,,,,,Y,N,N,5,9,Y,SUN,,,,,,,,,,,,,,,,,,,,,,,,,,,,,,,,,,,,,,,,,,,,,,,,,,,,,,,,0,0,0,1,1,0,0,28,,,
13349693,N,N,N,N,N,N,N,7/7/2013,8:49 PM,,,201,1766,Y,Y,31.95835,-94.6649,3,315,,1,,,NOT REPORTED,,N,N,70,N,N,,N,4,95,,,,,NOT REPORTED,,,,,,,,11,3,0,1,1,1,11,9:00 PM,RUSK CO DISPATCH,9:32 PM,7/7/2013,Y,TXDPS2500,10000,16,28,1,8,6,4,1,64,54,1,2,1,21,21,201,1766,31.95943355,-94.66427221,SH,315,,2.62,SH0315,3168,462,1,3.034,716,0.478,,,,,,,,,Y,Y,Y,5,0,Y,SUN,2,0,8,8,0,2,2,250,40,24,4,0,0,2,8,5,2,8,5,0,0,1,6,5266,2014,5266,9.9,34.2,44.1,,,,,,,,,,,,,,,,,,,,,,,,,,,0,0,0,2,0,0,0,,,,
13349952,N,N,N,N,N,N,N,6/26/2013,4:47 PM,20130611,,100,398,N,Y,,,10,418,,1,15000,,FM 418 EAST,HWY,N,N,60,N,N,,N,19,,,1,,,RUBY,LN,,,,,RUBY LANE,,11,1,0,1,1,1,1,4:47 PM,DISPATCHED,4:55 PM,6/27/2013,Y,TX1000200,2127,,,,8,9,4,1,3,3,1,3,2,21,21,100,398,30.35136763,-94.15118117,FM,418,,11.931,FM0418,15209,784,1,11.946,752,0.018,,,,,,,,,Y,Y,N,5,4,Y,WED,2,0,8,8,0,2,2,120,42,26,2,0,0,2,8,5,2,8,5,0,0,2,16,5465,2014,5465,5.2,12,17.3,1,447,3,2,70,,,,,,,,,,,,,,,,,,,,,,0,0,0,2,0,0,0,135,,,
13350125,N,N,N,N,N,N,N,6/30/2013,1:35 AM,2013-02184,2013-2184,43,7,N,Y,33.0889,-96.68193,2,75,,1,900,S,NOT REPORTED,,N,N,65,N,N,,Y,19,,,1,900,W,BETHANY,DR,,,,,,,11,4,0,2,1,1,20,1:37 AM,ALLEN POLICE DISPATC,1:42 AM,6/30/2013,Y,TX0430100,22,,,139,8,2,4,20,39,54,1,2,1,21,21,43,7,33.09057014,-96.68132617,US,75,,53.236,US0075,,47,6,7.081,246,0.972,,,,,,,,,Y,Y,N,3,7,Y,SUN,5,0,12,10,28,3,6,300,116,72,5,0,0,2,24,5,2,20,5,2,4,4,12,174217,2014,174217,2.8,5.4,8.3,,,,,,,,,,,,,,,,,,,,,,,,,,,0,0,1,1,0,1,0,282,,,
13350138,N,N,N,N,N,N,N,6/30/2013,2:14 AM,06-13-01785,,108,4,N,Y,,,2,83,,1,1400,E,EXPRESSWAY 83,EXPY,N,N,65,N,N,,N,19,,,1,600,N,CESAR CHAVEZ,RD,,,,,600 BLOCK NORTH CESAR CHAVEZ,,11,4,0,,1,1,1,2:14 AM,RADIO,2:15 AM,6/30/2013,Y,TX1080100,15,,46,64,8,2,2,20,64,54,1,2,1,21,21,108,4,,,US,83,,,US0083,,,,,,,,,,N CESAR CHAVEZ RD,,,,,Y,Y,N,5,5,N,SUN,,,,,,,,,,,,,,,,,,,,,,,,,,,,,,,,,,,,,,,,,,,,,,,,,,,,,,,,0,0,0,1,1,0,0,,,,
13350258,N,N,N,N,N,N,N,6/19/2013,1:48 PM,2013-12625,,239,48,N,Y,,,19,,,1,,W,ALAMO,ST,N,N,25,N,N,BLACKTOP,Y,19,,,1,,S,DOUGLAS,ST,,,,,BLACKTOP,,11,1,98,3,1,1,20,1:49 PM,DISPATCH,1:57 PM,6/19/2013,Y,TX2390100,156,,,,8,2,1,24,64,54,1,2,1,21,21,239,48,30.16690456,-96.39857857,BU,290,F,1.587,BU0290F,107,114,9,21.594,446,-0.255,,,,S DOUGLAS ST,,,,,Y,Y,N,3,5,Y,WED,0,0,0,0,0,9,4,120,66,51,6,0,0,1,0,0,1,0,0,4,0,2,16,7948,2014,7948,3.1,2.8,5.9,,,,,,,,,,,,,,,,,,,,,,,,,,,0,0,1,6,0,1,0,,,,
13350293,N,N,N,N,N,N,N,7/1/2013,8:29 PM,2013-26041,,101,29,N,Y,,,19,,,1,4900,,GARTH,RD,N,N,45,N,N,,N,19,,,,800,W,CEDAR BAYOULYNCHBURG,RD,,,,,,,11,4,0,,1,1,5,8:29 PM,DISPATCH,8:36 PM,7/2/2013,Y,TX1010100,100,,,27,8,2,2,22,64,38,1,5,1,21,21,101,29,29.77791367,-94.97765456,,,,,GARTH RD,4989,,,,,,,,,W CEDAR BAYOU LYNCHBURG RD,,,,,Y,N,N,5,7,Y,MON,,,,,,,,,,,,,,,,,,,,,,,,,,,,,,,,,,,,,,,,,,,,,,,,,,,,,,,,0,0,0,5,0,0,0,15,,,
13350413,N,N,N,N,N,N,N,6/11/2013,3:15 PM,13017687,,236,213,N,Y,,,3,75,,1,,,SH 75 N,HWY,N,N,40,N,N,,Y,19,,,1,1500,,10TH,ST,,,,,,,2,1,98,1,2,2,5,3:15 PM,RADIO,3:18 PM,6/11/2013,Y,TX2360100,1502,,,51,8,2,1,34,64,54,1,2,1,21,21,236,213,30.7244655,-95.560672,SH,75,,100.707,SH0075,38,166,8,17.795,428,-0.101,,,,10TH ST,,,,,Y,Y,N,5,6,Y,TUE,2,0,8,8,0,9,2,80,40,24,6,0,0,5,8,5,5,8,5,0,0,2,16,9404,2014,9404,3.2,7.9,11.1,,,,,,,,,,,,,,,,,,,,,,,,,,,0,0,0,2,0,0,0,,,,
13350629,N,N,N,N,N,N,N,6/11/2013,3:11 PM,2013-001262,,71,403,N,Y,31.66217,-106.29717,19,,,7,100,S,MOON,RD,N,N,35,N,N,"TWO-WAY, TWO LANE",Y,3,20,,7,10000,,ALAMEDA,AVE,,,,,"TWO-WAY, FOUR LANE",,11,1,2,3,2,1,11,3:11 PM,DISPATCHED,3:15 PM,6/11/2013,Y,TX0711600,2139,,,180,6,2,2,19,64,38,1,2,1,21,21,71,403,31.6621775,-106.2972116,SH,20,,34.888,SH0020,9999,2,2,34.953,344,-1.011,,,,S MOON RD,,,,,Y,Y,N,5,6,Y,TUE,2,0,2,2,0,2,4,80,54,50,4,0,0,3,2,5,3,2,5,0,0,4,14,10130,2014,10130,1.3,1.9,3.2,,,,,,,,,,,,,,,,,,,,,,,,,,,0,0,0,2,0,0,0,66,,,
13350637,N,N,N,N,N,N,N,6/24/2013,1:31 PM,2013-15253,,101,325,N,Y,,,12,8,,2,4000,,SAM HOUSTON,PKWY,N,N,45,N,N,,Y,19,,,1,5400,,FAIRMONT,PKWY,,,,,,,11,1,4,,1,1,5,1:32 PM,DISPATCH,1:40 PM,6/24/2013,Y,TX1011500,1912,,2,94,8,2,1,10,36,3,2,6,1,21,21,101,325,29.64967482,-95.15747315,,,,,E SAM HOUSTON PKWY S,,,,,,,,,,FAIRMONT PKWY,,,,,Y,N,N,2,8,Y,MON,,,,,,,,,,,,,,,,,,,,,,,,,,,,,,,,,,,,,,,,,,,,,,,,,,,,,,,,0,3,0,0,0,3,0,15,,,
13350759,N,N,N,N,N,N,N,7/1/2013,6:05 PM,13-00109,,121,222,N,Y,,,19,,,1,,,OTHELLO,,N,N,30,N,N,,N,2,96,,,,,NOT REPORTED,,,,,,,,11,1,0,,7,1,1,6:00 PM,RADIO,6:07 PM,7/1/2013,Y,TX1210100,1531,,,,8,2,3,34,64,13,1,5,1,32,21,121,222,30.91447873,-93.99683149,,,,,E OTHELLO ST,,,,,,,,,,,,,,,Y,N,N,5,4,Y,MON,,,,,,,,,,,,,,,,,,,,,,,,,,,,,,,,,,,,,,,,,,,,,,,,,,,,,,,,0,0,0,2,0,0,0,,,,
13351483,N,N,N,N,N,N,N,7/9/2013,2:00 AM,13-67802,,220,156,N,Y,,,2,820,,1,2900,E,E LOOP 820,,N,N,30,N,N,SERVICE ROAD,N,19,,,,6050,E,LANCASTER,AVE,,,,,PUBLIC ROAD,,11,4,98,2,1,1,11,7:15 AM,DISPATCH,7:30 AM,7/9/2013,N,TX2201200,1318,885,9,120,8,4,4,5,64,54,1,1,1,21,21,220,156,32.73848157,-97.22508046,IH,820,,30.017,IH0820,,8,13,31.04,29,0.451,,,,,,,,,Y,Y,N,0,9,Y,TUE,5,0,6,10,62,3,4,350,80,48,6,0,0,2,16,5,2,16,5,2,46,4,11,101544,2014,101544,3.6,5,8.5,1,369,0,1,0,,,,,,,,,,,,,,,,,,,,,,0,0,0,0,1,0,0,282,,,
13351518,Y,N,N,N,N,Y,N,6/14/2013,12:40 AM,T13-5727,,19,427,N,Y,,,16,,,1,1,,GRADY T WALLACE,,N,N,15,N,N,GRADY T WALLACE PARK,N,4,3527,,,3415,,LEOPARD,DR,,,,,,,11,4,0,1,1,1,3,1:13 AM,TELEPHONE DISPATCH,1:25 AM,6/17/2013,Y,TX0190500,2230,,446,59,8,1,3,2,64,14,1,3,1,32,21,19,1584,33.3816333,-94.0920818,FM,3527,,1.036,FM3527,3685,3591,1,6.021,216,0.985,,,,,,,,,Y,Y,Y,4,0,Y,FRI,2,0,10,10,0,3,2,120,60,24,2,1,1,2,10,5,2,10,5,0,0,3,16,1595,2014,1595,18.3,2.8,21.1,,,,,,,,,,,,,,,,,,,,,,,,,,,0,0,0,1,0,0,1,211,,,
13351540,N,N,N,N,N,N,N,6/12/2013,7:00 AM,0076084413T,FSGI,101,208,N,Y,,,19,,,1,1500,,BEVIS,ST,Y,N,35,N,N,,N,19,,,,,W,15TH 12,ST,,,,,,,0,0,0,,1,1,1,7:00 AM,WALKING,7:00 AM,6/20/2013,Y,TXHPD0000,2469,52,121,33,8,4,4,4,64,54,7,9,5,1,21,101,208,,,,,,,BEVIS ST,,,,,,,,,,,,,,,N,N,N,0,9,N,WED,,,,,,,,,,,,,,,,,,,,,,,,,,,,,,,,,,,,,,,,,,,,,,,,,,,,,,,,0,0,0,0,1,0,0,,,,
13351587,N,N,N,N,N,N,N,6/30/2013,3:49 PM,,,145,1710,Y,Y,31.0515,-96.07207,3,OSR,,1,,,NOT REPORTED,,N,N,70,N,N,,Y,15,407,,1,,,NOT REPORTED,,,,,,,,11,1,0,1,1,1,11,3:54 PM,DISPATCHED,4:15 PM,7/7/2013,Y,,10000,1,15,1,8,2,1,24,64,7,1,2,1,21,21,145,1710,31.05147275,-96.07198167,SH,0OSR,,40.47,SH0OSR,30805,475,3,11.477,646,-0.388,,,,CR0407,,,,,Y,Y,Y,5,0,Y,SUN,2,0,1,1,0,2,2,100,24,22,2,0,0,2,1,5,2,1,5,0,0,1,7,2083,2014,2083,18.3,16.7,35,1,201,3,2,31,,,,,,,,,,,,,,,,,,,,,,0,0,0,2,0,0,0,,,,
13351598,N,N,N,N,N,N,N,6/22/2013,6:30 AM,13-61644,,220,156,N,Y,32.77942,-97.33539999,19,,,1,1900,,SAMUELS,AVE,N,N,-1,N,N,,Y,19,,,1,915,E,NORTHSIDE,DR,,,,,,,11,1,0,,4,1,9,6:36 AM,DISPATCHER,6:47 AM,6/22/2013,N,TX2201200,1318,885,3,120,8,2,2,35,64,38,1,5,1,21,21,220,156,32.77956428,-97.33545243,,,,,SAMUELS AVE,1900,,,,,,,,,UNKNOWN,,,,,Y,N,N,5,9,Y,SAT,,,,,,,,,,,,,,,,,,,,,,,,,,,,,,,,,,,,,,,,,,,,,,,,,,,,,,,,0,0,0,1,1,0,0,282,,,
13351793,N,Y,N,N,N,N,N,6/27/2013,7:29 AM,130017219,,57,177,N,Y,,,1,20,,1,600,E,NOT REPORTED,,N,N,65,N,N,INTERSTATE HIGHWAY,N,4,1382,,,3900,S,BELTLINE,RD,,,,,,,11,1,0,2,1,1,11,7:30 AM,DISPATCH,7:51 AM,6/27/2013,Y,Tx0571200,1372,,,42,8,2,4,21,64,3,1,1,1,21,21,57,177,32.67461118,-97.00212996,IH,20,,455.901,IH0020,,2374,4,2.946,457,-0.042,,,,,,,,,Y,Y,N,2,8,Y,THU,5,0,10,12,50,3,8,300,140,96,6,0,0,2,22,5,2,22,5,2,28,4,11,151815,2014,151815,2.3,6.3,8.5,,,,,,,,,,,,,,,,,,,,,,,,,,,0,1,1,2,0,2,0,282,,,
13351822,N,N,N,N,N,N,N,7/9/2013,5:05 PM,13-16158,,212,434,N,Y,,,3,31,,1,1900,E,FRONT,ST,N,N,45,N,N,,N,14,124,,,2200,,OLD HENDERSON,HWY,,,,,,,11,1,4,3,1,1,5,5:05 PM,DISPATCHED,5:12 PM,7/9/2013,Y,TX2120400,2316,,,170,8,2,2,22,64,46,1,2,1,21,21,212,434,32.34666761,-95.27421312,SH,31,,120.837,SH0031,2200,424,1,10.906,700,0.849,SL,124,,SL0124,,,,,Y,Y,N,3,8,Y,TUE,2,0,0,0,0,2,4,110,68,52,4,2,2,1,0,0,1,0,0,0,0,3,14,13189,2014,13189,3.3,3.1,6.5,,,,,,,,,,,,,,,,,,,,,,,,,,,0,0,1,1,0,1,0,213,,,
13351831,N,N,N,N,N,N,N,7/4/2013,8:24 AM,13006964,,61,114,N,Y,,,17,,,7,1721,,TEASLEY,LN,Y,N,-1,N,N,,N,19,,,,600,,LONDONDERRY,LN,,,,,,,11,4,0,,1,1,1,8:28 AM,DISPATCHED,8:28 AM,7/4/2013,Y,TX0610200,1196,,,411,8,4,4,5,64,54,7,9,5,33,21,61,114,,,,,,,TEASLEY LN,,,,,,,,,,,,,,,N,N,N,0,8,N,THU,,,,,,,,,,,,,,,,,,,,,,,,,,,,,,,,,,,,,,,,,,,,,,,,,,,,,,,,0,0,0,0,1,0,0,,,,
13352121,N,N,N,N,N,N,N,6/16/2013,2:18 AM,130033411,,220,19,N,Y,,,15,,,1,1800,S,FIELDER,RD,N,N,40,N,N,,N,19,,,,1500,W,TUCKER,BLVD,,,,,,,11,4,0,,1,1,5,2:18 AM,DISPATCH,2:23 AM,6/16/2013,Y,TX2200100,59,,8,279,8,2,2,22,64,38,1,5,1,21,21,220,19,32.71402169,-97.13194249,,,,,S FIELDER RD,1828,,,,,,,,,W TUCKER BLVD,,,,,Y,N,N,1,9,Y,SUN,,,,,,,,,,,,,,,,,,,,,,,,,,,,,,,,,,,,,,,,,,,,,,,,,,,,,,,,1,1,0,1,0,2,0,282,,,
13352387,N,N,N,N,N,N,N,7/7/2013,8:55 PM,172584A,CITY EQUIPMENT,57,107,N,Y,,,19,,,1,8700,,EDEN VALLEY,LN,N,N,-1,N,N,,Y,19,,,1,800,,BLUEBERRY,BLVD,,,,,,,11,4,4,,1,1,8,11:00 PM,DISPATCHED,11:18 PM,7/8/2013,Y,TX0000006,2471,,,65,8,2,1,10,64,54,1,5,1,21,21,57,107,32.72525426,-96.66817261,,,,,EDEN VALLEY LN,8800,,,,,,,,,BLUEBERRY BLVD,,,,,Y,N,N,5,9,Y,SUN,,,,,,,,,,,,,,,,,,,,,,,,,,,,,,,,,,,,,,,,,,,,,,,,,,,,,,,,0,0,0,3,0,0,0,282,,,
13352405,N,N,N,N,N,N,N,7/9/2013,8:03 PM,SAPD13147991,4160,15,379,N,Y,,,19,,,1,1300,,MARTIN LUTHER KING,BLVD,N,N,35,N,N,,Y,19,,,1,600,S,POLARIS,ST,,,,,,,12,1,4,,1,1,8,8:03 PM,DISP,8:07 PM,7/9/2013,Y,TXSPD0000,2473,,9,162,8,2,1,10,30,54,1,5,1,21,21,15,379,29.41337497,-98.45898232,,,,,MARTIN LUTHER KING DR,1398,,,,,,,,,S POLARIS ST,,,,,Y,N,N,2,9,Y,TUE,,,,,,,,,,,,,,,,,,,,,,,,,,,,,,,,,,,,,,,,,,,,,,,,,,,,,,,,0,2,0,4,0,2,0,28,,,
13352499,N,N,N,N,N,N,N,7/6/2013,1:54 AM,13WP016485,,220,444,N,Y,,,19,,,1,6600,,ORCHARD,DR,N,N,30,N,N,ROADWAY EASEMENT,N,19,,,,6100,,RUFE SNOW,DR,,,,,,,11,6,0,,1,1,1,1:54 AM,DISPATCHED,1:59 AM,7/6/2013,Y,TX2202600,2385,,,35,8,7,4,1,31,54,1,5,2,21,21,220,444,32.85779295,-97.23884346,,,,,ORCHARD DR,6652,,,,,,,,,,,,,,Y,N,N,2,5,Y,SAT,,,,,,,,,,,,,,,,,,,,,,,,,,,,,,,,,,,,,,,,,,,,,,,,,,,,,,,,0,1,0,0,0,1,0,282,,,
13352618,Y,Y,N,N,N,N,N,7/1/2013,4:39 PM,,,114,39,N,Y,32.26525,-101.42882,1,20,,1,,,NOT REPORTED,,N,N,75,N,N,,N,,,,,,,NOT REPORTED,,0.7,M,W,182,,,11,1,0,2,2,1,20,4:53 PM,DPS COMMUNICATION,5:01 PM,7/9/2013,Y,TXDPS1800,10000,19,32,1,8,8,4,1,51,54,1,1,1,21,21,114,39,32.26608017,-101.4208216,IH,20,,181.388,IH0020,,5,6,28.471,181,0.308,,,,NOT REPORTED,,,,,Y,Y,N,4,6,Y,MON,5,0,4,10,40,3,4,272,76,48,4,0,0,2,8,5,2,20,5,3,32,2,11,21031,2014,21031,4.2,37.3,41.5,,,,,,,,,,,,,,,,,,,,,,,,,,,0,0,0,1,0,0,2,,,,
13352643,N,N,N,N,N,N,N,7/9/2013,5:42 PM,13-00864,,94,75,N,Y,,,19,,,1,1100,,CIBOLO VALLEY,DR,N,N,35,N,N,,Y,19,,,1,100,,ARNIE,LN,,,,,,,11,1,2,,1,1,8,5:43 PM,DISPATCH,5:50 PM,7/9/2013,Y,TX0940600,247,,,120,8,2,1,13,64,54,1,5,1,21,21,94,75,29.57512493,-98.24257237,,,,,CIBOLO VALLEY DR,1340,,,,,,,,,ARNIE WAY,,,,,Y,N,N,5,5,Y,TUE,,,,,,,,,,,,,,,,,,,,,,,,,,,,,,,,,,,,,,,,,,,,,,,,,,,,,,,,0,0,0,6,0,0,0,28,,,
13352681,N,N,N,N,N,N,N,7/8/2013,7:55 AM,130708009,,165,291,N,Y,,,9,349,,1,1100,N,BIG SPRING,ST,N,N,35,N,N,,N,19,,,,400,W,ESTES,AVE,,,,,,,11,1,0,3,1,1,5,7:51 AM,DISPATCHED,7:57 AM,7/8/2013,Y,TX1650100,1782,,,127,8,2,2,20,64,42,1,2,1,21,21,165,291,32.00908077,-102.0790457,BS,349,C,6.233,BS0349C,,380,9,6.475,328,-0.4,,,,W ESTES AVE,,,,,Y,Y,N,5,8,Y,MON,2,0,0,0,0,1,4,80,61,49,2,1,1,1,0,0,1,0,0,0,0,3,14,18775,2014,18775,4.1,15.3,19.3,,,,,,,,,,,,,,,,,,,,,,,,,,,0,0,0,2,0,0,0,174,,,
13352843,N,N,N,N,N,N,N,6/23/2013,5:55 PM,158668A,,43,107,N,Y,,,19,,,1,17800,,DALLAS,PKWY,N,N,45,N,N,,Y,19,,,1,4500,,BRIARGROVE,LN,,,,,,,11,1,4,,1,1,5,5:57 PM,DISPATCHED,6:15 PM,6/24/2013,Y,TX0000006,2471,,,59,8,2,1,10,32,54,1,5,1,21,21,43,107,32.99215422,-96.82965255,,,,,DALLAS PKWY,,,,,,,,,,BRIARGROVE LN,,,,,Y,N,N,5,9,Y,SUN,,,,,,,,,,,,,,,,,,,,,,,,,,,,,,,,,,,,,,,,,,,,,,,,,,,,,,,,0,0,0,4,0,0,0,282,,,
13352871,N,N,N,N,N,N,N,6/29/2013,11:15 PM,164857A,164788A,57,107,N,Y,,,19,,,1,7900,,BELT LINE,RD,N,N,35,N,N,,N,19,,,,100,,COIT,RD,,,,,,,11,4,0,,1,1,5,11:27 PM,DISPATCH,11:36 PM,7/9/2013,Y,TX0000006,2471,,,59,8,7,2,1,26,54,1,5,4,21,21,57,357,32.95097681,-96.76903077,,,,,W BELT LINE RD,,,,,,,,,,COIT RD,,,,,Y,N,N,2,8,Y,SAT,,,,,,,,,,,,,,,,,,,,,,,,,,,,,,,,,,,,,,,,,,,,,,,,,,,,,,,,0,1,0,0,0,1,0,282,,,
13352880,N,N,N,N,N,N,N,7/10/2013,4:05 PM,175167A,175168A,57,107,N,Y,,,19,,,1,8800,,MIDPARK,RD,N,N,35,N,N,,N,2,75,,,,N,CENTRAL,EXPY,,,,,,,11,1,0,,1,1,5,4:15 PM,DISPATCHED,4:30 PM,7/11/2013,N,TX0000006,2471,,,59,8,2,2,22,64,38,1,2,1,21,21,57,107,32.93509391,-96.75270064,,,,,MIDPARK RD,,,,,,,US,75,,US0075,,,,,Y,N,N,5,9,Y,WED,,,,,,,,,,,,,,,,,,,,,,,,,,,,,,,,,,,,,,,,,,,,,,,,,,,,,,,,0,0,0,1,1,0,0,282,,,
13352885,N,N,N,N,N,N,N,7/10/2013,6:49 PM,SAPD13148759,3130,15,379,N,Y,,,4,1604,,1,3100,,N LOOP 1604 E,,N,N,70,N,N,,N,19,,,,17000,,COOPERATE WOODS,,,,,,,,11,1,0,2,1,1,20,7:07 PM,DISPATCHED,7:35 PM,7/10/2013,Y,TXSPD0000,2473,,29,131,8,2,4,20,64,42,1,2,1,21,21,15,379,29.60143432,-98.43827074,SL,1604,,43.236,SL1604,,2452,3,30.093,532,-0.612,,,,,,,,,Y,Y,N,3,9,Y,WED,4,0,4,12,48,2,4,300,78,48,4,0,0,2,8,5,2,22,5,3,40,4,12,73838,2014,73838,1.9,8.7,10.7,,,,,,,,,,,,,,,,,,,,,,,,,,,0,0,3,2,0,3,0,28,,,
13352958,N,N,N,N,N,N,N,7/8/2013,4:03 PM,173195A,,57,107,N,Y,,,11,12,,1,3700,W,NORTHWEST,HWY,N,N,35,N,N,,Y,19,,,4,9400,,MARSH,LN,,,,,,,11,1,4,2,1,1,5,4:07 PM,FLAGGED DOWN,4:09 PM,7/9/2013,Y,TX0000006,2471,,,71,8,2,1,10,64,54,1,2,1,21,21,57,107,32.86096274,-96.85544847,SL,12,,19.73,SL0012,,353,5,21.421,604,-0.298,,,,MARSH LN,,,,,Y,Y,N,1,9,Y,MON,3,0,0,0,15,3,6,150,66,66,6,1,2,1,0,0,1,0,0,1,15,4,14,46853,2014,46853,2.3,0.4,2.7,,,,,,,,,,,,,,,,,,,,,,,,,,,1,0,0,1,0,1,0,282,,,
13352960,N,N,N,N,N,N,N,7/10/2013,9:30 PM,13022661,,61,151,N,Y,,,4,407,,1,3500,E,JUSTIN,RD,N,N,40,Y,N,4 LANE DIVIDED,Y,4,2499,,1,6100,N,LONG PRAIRIE,RD,,,,,6 LANE DIVIDED,,11,4,0,2,1,1,5,9:35 PM,DISPATCH,9:38 PM,7/10/2013,Y,TX0611200,1304,803,189,35,8,2,1,34,64,49,1,3,1,20,21,61,151,33.07200623,-97.08338928,FM,407,,25.96,FM0407,,1950,1,10.784,576,-0.081,FM,2499,,FM2499,,2681,1,10.253,Y,Y,N,3,7,Y,WED,3,0,0,0,15,8,4,90,48,48,5,2,2,1,0,0,1,0,0,1,15,4,16,22137,2014,22137,5.6,19.2,24.8,1,192,3,1,30,,,,,,,,,,,,,,,,,,,,,,0,0,1,1,0,1,0,282,,,