Crash_ID,Crash_Fatal_Fl,Cmv_Involv_Fl,Schl_Bus_Fl,Rr_Relat_Fl,Medical_Advisory_Fl,Amend_Supp_Fl,Active_School_Zone_Fl,Crash_Date,Crash_Time,Case_ID,Local_Use,Rpt_CRIS_Cnty_ID,Rpt_City_ID,Rpt_Outside_City_Limit_Fl,Thousand_Damage_Fl,Rpt_Latitude,Rpt_Longitude,Rpt_Rdwy_Sys_ID,Rpt_Hwy_Num,Rpt_Hwy_Sfx,Rpt_Road_Part_ID,Rpt_Block_Num,Rpt_Street_Pfx,Rpt_Street_Name,Rpt_Street_Sfx,Private_Dr_Fl,Toll_Road_Fl,Crash_Speed_Limit,Road_Constr_Zone_Fl,Road_Constr_Zone_Wrkr_Fl,Rpt_Street_Desc,At_Intrsct_Fl,Rpt_Sec_Rdwy_Sys_ID,Rpt_Sec_Hwy_Num,Rpt_Sec_Hwy_Sfx,Rpt_Sec_Road_Part_ID,Rpt_Sec_Block_Num,Rpt_Sec_Street_Pfx,Rpt_Sec_Street_Name,Rpt_Sec_Street_Sfx,Rpt_Ref_Mark_Offset_Amt,Rpt_Ref_Mark_Dist_Uom,Rpt_Ref_Mark_Dir,Rpt_Ref_Mark_Nbr,Rpt_Sec_Street_Desc,Rpt_CrossingNumber,Wthr_Cond_ID,Light_Cond_ID,Entr_Road_ID,Road_Type_ID,Road_Algn_ID,Surf_Cond_ID,Traffic_Cntl_ID,Investigat_Notify_Time,Investigat_Notify_Meth,Investigat_Arrv_Time,Report_Date,Investigat_Comp_Fl,ORI_Number,Investigat_Agency_ID,Investigat_Area_ID,Investigat_District_ID,Investigat_Region_ID,Bridge_Detail_ID,Harm_Evnt_ID,Intrsct_Relat_ID,FHE_Collsn_ID,Obj_Struck_ID,Othr_Factr_ID,Road_Part_Adj_ID,Road_Cls_ID,Road_Relat_ID,Phys_Featr_1_ID,Phys_Featr_2_ID,Cnty_ID,City_ID,Latitude,Longitude,Hwy_Sys,Hwy_Nbr,Hwy_Sfx,Dfo,Street_Name,Street_Nbr,Control,Section,Milepoint,Ref_Mark_Nbr,Ref_Mark_Displ,Hwy_Sys_2,Hwy_Nbr_2,Hwy_Sfx_2,Street_Name_2,Street_Nbr_2,Control_2,Section_2,Milepoint_2,Txdot_Rptable_Fl,Onsys_Fl,Rural_Fl,Crash_Sev_ID,Pop_Group_ID,Located_Fl,Day_of_Week,Hwy_Dsgn_Lane_ID,Hwy_Dsgn_Hrt_ID,Hp_Shldr_Left,Hp_Shldr_Right,Hp_Median_Width,Base_Type_ID,Nbr_Of_Lane,Row_Width_Usual,Roadbed_Width,Surf_Width,Surf_Type_ID,Curb_Type_Left_ID,Curb_Type_Right_ID,Shldr_Type_Left_ID,Shldr_Width_Left,Shldr_Use_Left_ID,Shldr_Type_Right_ID,Shldr_Width_Right,Shldr_Use_Right_ID,Median_Type_ID,Median_Width,Rural_Urban_Type_ID,Func_Sys_ID,Adt_Curnt_Amt,Adt_Curnt_Year,Adt_Adj_Curnt_Amt,Pct_Single_Trk_Adt,Pct_Combo_Trk_Adt,Trk_Aadt_Pct,Curve_Type_ID,Curve_Lngth,Cd_Degr,Delta_Left_Right_ID,Dd_Degr,Feature_Crossed,Structure_Number,I_R_Min_Vert_Clear,Approach_Width,Bridge_Median_ID,Bridge_Loading_Type_ID,Bridge_Loading_In_1000_Lbs,Bridge_Srvc_Type_On_ID,Bridge_Srvc_Type_Under_ID,Culvert_Type_ID,Roadway_Width,Deck_Width,Bridge_Dir_Of_Traffic_ID,Bridge_Rte_Struct_Func_ID,Bridge_IR_Struct_Func_ID,CrossingNumber,RRCo,Poscrossing_ID,WDCode_ID,Standstop,Yield,Incap_Injry_Cnt,Nonincap_Injry_Cnt,Poss_Injry_Cnt,Non_Injry_Cnt,Unkn_Injry_Cnt,Tot_Injry_Cnt,Death_Cnt,MPO_ID,Investigat_Service_ID,Investigat_DA_ID,Investigator_Narrative
13355846,N,N,N,N,N,N,N,7/2/2013,2:05 PM,13-14414,,68,315,N,Y,,,19,,,1,1100,E,38TH,ST,N,N,35,N,N,,Y,19,,,1,3600,N,MELODY,ST,,,,,,,11,1,4,,1,1,8,2:07 PM,DISPATCHED,2:09 PM,7/2/2013,N,TX0680200,1873,,,,8,7,2,1,30,32,1,5,2,21,21,68,315,31.88239465,-102.3705613,,,,,E 38TH ST,1300,,,,,,,,,MELODY LN,,,,,Y,N,N,3,8,Y,TUE,,,,,,,,,,,,,,,,,,,,,,,,,,,,,,,,,,,,,,,,,,,,,,,,,,,,,,,,0,0,1,0,1,1,0,174,,,
13356291,N,N,N,N,N,N,N,6/22/2013,10:02 PM,13-173237,,71,136,N,Y,,,19,,,1,4500,,GATEWAY SOUTH,,N,N,40,N,N,,Y,19,,,1,4800,,FRED WILSON AVE EB,AVE,,,,,,,11,4,4,2,1,1,5,10:03 PM,DISPATCHED,10:09 PM,6/22/2013,Y,TX0710200,1259,,,,8,7,2,1,36,54,1,2,2,21,21,71,136,31.82612236,-106.4382682,US,54,,4.679,US0054,,167,1,9.471,25,-0.304,,,,FRED WILSON AVE,,,,,Y,Y,N,3,9,Y,SAT,5,0,4,10,52,8,8,500,147,96,5,0,0,2,4,5,2,10,5,3,48,4,12,64710,2014,64710,6.9,6.8,13.7,,,,,,,,,,,,,,,,,,,,,,,,,,,0,0,1,0,0,1,0,66,,,
13356392,N,N,N,N,N,Y,N,7/4/2013,4:15 AM,,,109,1674,Y,Y,31.99026,-97.16408,15,2421,E,1,,,NOT REPORTED,,N,N,60,N,N,,N,3,22,,,,,NOT REPORTED,,,,,,,,11,3,0,,4,1,1,5:00 AM,DISPATCH,5:20 AM,1/21/2015,Y,,10000,12,119,1,8,10,4,1,1,1,1,4,2,21,21,109,1674,31.99025257,-97.16409054,,,,,HCR 2421 E,1163,,,,,,,,,,,,,,Y,N,Y,3,0,Y,THU,,,,,,,,,,,,,,,,,,,,,,,,,,,,,,,,,,,,,,,,,,,,,,,,,,,,,,,,0,0,1,0,0,1,0,,,,
13356422,N,N,N,N,N,N,N,6/28/2013,6:30 PM,,,161,1726,Y,Y,31.67002,-97.14481,4,933,,1,,,NOT REPORTED,,N,N,60,N,N,,Y,15,,,1,,,HALBERT,LN,,,,,,,11,1,0,1,1,1,11,6:41 PM,DISPATCHED,6:41 PM,7/1/2013,Y,,10000,17,119,1,8,2,1,34,64,54,1,3,1,21,21,161,1726,31.67039887,-97.14444558,FM,933,,42.538,FM0933,7800,209,7,10.703,352,0.757,,,,HALBERT LN,,,,,Y,Y,Y,5,0,Y,FRI,2,0,6,6,0,2,2,100,36,24,4,0,0,2,6,5,2,6,5,0,0,1,7,6667,2014,6667,1.3,1.9,3.2,,,,,,,,,,,,,,,,,,,,,,,,,,,0,0,0,6,0,0,0,140,,,
13356560,N,N,N,N,N,N,N,7/12/2013,9:20 AM,13-17832,,227,1792,Y,Y,30.29949,-97.83789,4,2244,,1,6800,,BEE CAVES,RD,N,N,45,N,N,,N,19,,,,700,,STONEWALL RIDGE,,,,,,,,11,1,98,3,4,1,20,9:23 AM,RADIO DISPATCH,9:29 AM,7/12/2013,Y,TX2270000,2292,,29,117,8,2,3,14,64,14,1,3,1,32,21,227,1792,30.29945623,-97.83791214,RM,2244,,6.894,RM2244,6796,2102,1,7.153,542,-0.681,,,,,,,,,Y,Y,Y,3,0,Y,FRI,2,0,10,10,0,2,4,100,84,64,4,0,0,2,10,5,2,10,5,0,0,4,14,39598,2014,39598,1.3,1.7,3,,,,,,,,,,,,,,,,,,,,,,,,,,,0,0,1,2,0,1,0,90,,,
13356631,N,N,N,N,N,Y,N,7/11/2013,1:05 PM,13-68584,HPG2949,220,156,N,Y,32.73313,-97.33812,19,,,1,1200,W,ROSEDALE,ST,N,N,35,Y,Y,1200 W ROSEDAL ST,Y,19,,,1,1100,S,HENDERSON,ST,,,,,1100 S HENDERSON ST,,11,1,4,,1,1,5,1:16 PM,DISPATCH,1:22 PM,7/11/2013,N,TX2201200,1318,885,3,120,8,2,2,22,64,49,1,5,1,20,21,220,156,32.73300429,-97.33767244,,,,,W ROSEDALE ST,1199,,,,,,,,,S HENDERSON ST,,,,,Y,N,N,5,9,Y,THU,,,,,,,,,,,,,,,,,,,,,,,,,,,,,,,,,,,,,,,,,,,,,,,,,,,,,,,,0,0,0,1,1,0,0,282,,,
13356643,N,N,N,N,N,N,N,6/30/2013,4:56 PM,,,129,1694,Y,Y,32.60247,-96.28376,3,34,,1,,,NOT REPORTED,,N,N,55,N,N,,Y,15,163,,1,,,NOT REPORTED,,,,,,,,11,1,2,1,1,1,8,5:04 PM,DPS COMMUNICATIONS,5:26 PM,7/1/2013,Y,,10000,15,107,1,8,2,1,10,64,54,1,2,1,21,21,129,1694,32.60239859,-96.28368633,SH,34,,80.985,SH0034,2506,173,4,10.07,322,-0.193,,,,CR0163,,,,,Y,Y,Y,5,0,Y,SUN,2,0,6,6,0,2,2,80,36,24,4,0,0,2,6,5,2,6,5,0,0,1,6,7442,2014,7442,5.6,19.2,24.8,,,,,,,,,,,,,,,,,,,,,,,,,,,0,0,0,9,1,0,0,282,,,
13356654,N,N,N,N,N,N,N,7/4/2013,2:40 PM,,,129,1694,Y,Y,32.63403,-96.18755,4,2727,,1,,,NOT REPORTED,,N,N,55,N,N,,N,19,,,,,,ABNER,RD,,,,,,,11,1,0,1,1,1,11,2:42 PM,DPS DALLAS,2:55 PM,7/5/2013,Y,TXDPS8600,10000,15,107,1,8,10,4,1,1,29,1,3,2,21,21,129,1694,32.6333818,-96.18831661,FM,2727,,6.777,FM2727,7756,2746,1,6.8,624,0.933,,,,,,,,,Y,Y,Y,3,0,Y,THU,2,0,0,0,0,2,2,100,24,24,4,0,0,1,0,0,1,0,0,0,0,1,8,866,2014,866,3.4,3.6,7,,,,,,,,,,,,,,,,,,,,,,,,,,,0,0,1,0,0,1,0,282,,,
13356661,N,N,N,N,N,N,N,7/12/2013,3:56 PM,SAPD13150278,3240,15,379,N,Y,,,19,,,1,13900,,OCONNER,RD,N,N,40,N,N,,N,19,,,,13900,,NACOGDOCHES,RD,,,,,,,11,1,0,,1,1,1,3:56 PM,DISPATCH,4:01 PM,7/12/2013,Y,TXSPD0000,2473,,29,131,8,2,3,14,1,14,1,5,1,32,21,15,379,29.56955375,-98.38557515,,,,,OCONNOR RD,14151,,,,,,,,,,,,,,Y,N,N,5,9,Y,FRI,,,,,,,,,,,,,,,,,,,,,,,,,,,,,,,,,,,,,,,,,,,,,,,,,,,,,,,,0,0,0,4,0,0,0,28,,,
13356672,N,N,N,N,N,N,N,7/5/2013,7:45 AM,,,129,1694,Y,Y,32.76545,-96.25414,3,34,,1,,,NOT REPORTED,,N,N,60,N,N,,Y,3,34,,1,,,NOT REPORTED,,,,,,,,11,1,0,2,1,1,20,7:50 AM,DPS DALLAS DISPATCH,8:28 AM,7/9/2013,Y,,10000,15,107,1,8,2,1,10,64,54,1,2,1,21,21,129,425,32.72622299,-96.27640533,SH,34,,71.613,SH0034,,173,10,3.089,314,-1.679,BS,34,A,BS0034A,,173,4,0.703,Y,Y,N,3,5,Y,FRI,3,0,0,2,15,8,4,100,48,48,4,0,0,1,0,0,2,4,5,3,15,2,16,14433,2014,14433,5.6,19.2,24.8,1,142,3,1,22,,,,,,,,,,,,,,,,,,,,,,0,0,2,0,0,2,0,282,,,
13356687,N,N,N,N,Y,N,N,7/8/2013,8:00 AM,20134564,,11,138,N,Y,,,4,1100,,7,,,NOT REPORTED,,N,N,45,N,N,,N,19,,,,,,SHENANDOAH,TRL,,,,,,,12,1,0,1,1,1,20,8:04 AM,WAVE DOWN,8:04 AM,7/8/2013,Y,TX0110200,1263,,,35,8,7,3,3,32,13,1,3,2,32,21,11,138,30.3622799,-97.39783866,FM,1100,,6.838,FM1100,1517,1234,2,0.306,560,0.305,,,,,,,,,Y,Y,N,2,4,Y,MON,2,0,1,1,0,2,2,80,26,24,2,0,0,3,1,5,3,1,5,0,0,2,17,5785,2014,5785,11.6,5.9,17.5,,,,,,,,,,,,,,,,,,,,,,,,,,,0,1,0,2,0,1,0,90,,,
13356698,N,N,N,N,N,N,N,7/9/2013,3:10 PM,0085184813X,,101,208,N,Y,,,19,,,1,100,,WEBSTER,,N,N,30,N,N,,Y,19,,,1,1800,,CUSHING,ST,,,,,,,2,1,4,,1,2,8,3:29 PM,HPD DISPATCH,3:33 PM,7/9/2013,Y,TXHPD0000,2469,24,121,35,8,2,1,10,64,54,1,5,1,21,21,101,208,29.7525348,-95.37954309,,,,,WEBSTER AVE,169,,,,,,,,,CUSHING ST,,,,,Y,N,N,5,9,Y,TUE,,,,,,,,,,,,,,,,,,,,,,,,,,,,,,,,,,,,,,,,,,,,,,,,,,,,,,,,0,0,0,2,0,0,0,15,,,
13356960,N,N,N,N,N,N,N,7/10/2013,10:05 AM,2013-2897,,50,95,N,Y,,,17,,,7,200,,COVE TERRACE,,Y,N,10,N,N,,N,19,,,,200,,SCHOOL,ST,,,,,,,11,1,0,,1,1,1,10:09 AM,RADIO/DISPATCH,10:14 AM,7/10/2013,Y,TX0500100,1112,,,35,8,4,4,4,64,12,7,9,5,33,21,50,95,,,,,,,COVE TERRACE,,,,,,,,,,,,,,,N,N,N,5,6,N,WED,,,,,,,,,,,,,,,,,,,,,,,,,,,,,,,,,,,,,,,,,,,,,,,,,,,,,,,,0,0,0,1,0,0,0,,,,
13357161,N,N,N,N,N,N,N,7/11/2013,4:17 PM,SAPD13149470,7150,15,379,N,Y,,,19,,,1,7600,,WURZBACH,,N,N,45,Y,N,,Y,19,,,1,4900,,VEN SCHEELE,,,,,,,,11,1,2,,1,1,8,4:17 PM,DISP,4:27 PM,7/11/2013,Y,TXSPD0000,2473,,61,123,8,2,1,10,64,49,1,5,1,21,21,15,379,29.50744496,-98.58160229,,,,,WURZBACH RD,,,,,,,,,,VON SCHEELE DR,,,,,Y,N,N,5,9,Y,THU,,,,,,,,,,,,,,,,,,,,,,,,,,,,,,,,,,,,,,,,,,,,,,,,,,,,,,,,0,0,0,4,0,0,0,28,,,
13357212,N,N,N,N,N,N,N,7/13/2013,4:05 AM,SAPD13150803,2160,15,379,N,Y,,,19,,,1,2700,S,FLORES,ST,N,N,30,N,N,,N,19,,,,100,NE,BAYLOR,,,,,,,,11,4,0,,1,1,1,4:07 AM,DISPATCH,4:09 AM,7/13/2013,Y,TXSPD0000,2473,,3,122,8,7,4,1,32,54,1,5,2,21,21,15,379,29.39794302,-98.50452456,,,,,S FLORES ST,2711,,,,,,,,,,,,,,Y,N,N,5,9,Y,SAT,,,,,,,,,,,,,,,,,,,,,,,,,,,,,,,,,,,,,,,,,,,,,,,,,,,,,,,,0,0,0,1,0,0,0,28,,,
13357367,N,N,N,N,N,N,N,7/10/2013,3:29 PM,13-5298,,220,214,N,N,,,4,3029,,7,1732,,NOT REPORTED,,Y,N,-1,N,N,PRECINCT LINE ROAD,N,19,,,,700,,HARWOOD,RD,,,,,,,11,1,0,,1,1,1,3:29 PM,RADIO DISPATCH,3:41 PM,7/10/2013,Y,TX2201600,1503,,,35,8,2,4,40,64,12,7,9,5,33,21,220,214,,,FM,3029,,,FM3029,,,,,,,,,,,,,,,N,Y,N,5,6,N,WED,,,,,,,,,,,,,,,,,,,,,,,,,,,,,,,,,,,,,,,,,,,,,,,,,,,,,,,,0,0,0,2,0,0,0,,,,
13357420,N,N,N,N,N,N,N,7/4/2013,11:19 PM,,,43,1608,Y,Y,33.35382,-96.45353,4,2862,,1,,,NOT REPORTED,,N,N,55,Y,Y,,N,3,121,,,,,NOT REPORTED,,,,,,,,11,3,0,1,1,1,12,11:21 PM,COLLIN CO. DISPATCH,11:53 PM,7/10/2013,Y,TXDPS8600,10000,16,107,1,8,1,4,1,64,49,1,3,1,21,21,43,1608,33.35397376,-96.45378305,FM,2862,,7.433,FM2862,8119,816,5,8.707,606,-0.226,,,,,,,,,Y,Y,Y,1,0,Y,THU,2,0,0,0,0,3,2,90,20,20,4,0,0,1,0,0,1,0,0,0,0,1,8,530,2014,530,7.5,8.1,15.6,,,,,,,,,,,,,,,,,,,,,,,,,,,1,0,0,4,0,1,0,282,,,
13357567,N,N,N,N,N,N,N,7/13/2013,7:55 AM,130018887,,57,177,N,Y,,,3,303,,1,1100,W,PIONEER,PKWY,N,N,45,N,N,,Y,3,161,,2,2500,S,NOT REPORTED,,,,,,,,11,1,4,,1,1,5,8:01 AM,DISPATCH,8:04 AM,7/13/2013,Y,TX0571200,1372,,,33,8,2,1,10,64,54,2,2,1,21,21,57,177,32.70980428,-97.02519252,,,,,S STATE HIGHWAY 161,,,,,,,SS,303,,SS0303,,,,,Y,N,N,2,8,Y,SAT,,,,,,,,,,,,,,,,,,,,,,,,,,,,,,,,,,,,,,,,,,,,,,,,,,,,,,,,0,1,0,1,0,1,0,282,,,
13357583,N,N,N,N,N,N,N,7/14/2013,3:53 PM,SADP13151933,2380,15,379,N,Y,,,19,,,1,142,,CUPPLES,RD,N,N,35,N,N,TWO  WAY ONE LANE,N,19,,,,,,COLIMA,ST,,,,,,,11,1,98,,1,1,20,3:53 PM,DISPATCHED,3:54 PM,7/14/2013,Y,TXSPD0000,2473,,3,122,8,2,3,20,64,46,1,5,1,32,21,15,379,29.41734228,-98.54672727,,,,,CUPPLES RD,142,,,,,,,,,,,,,,Y,N,N,5,9,Y,SUN,,,,,,,,,,,,,,,,,,,,,,,,,,,,,,,,,,,,,,,,,,,,,,,,,,,,,,,,0,0,0,2,0,0,0,28,,,
13357665,N,N,N,N,N,N,N,7/11/2013,7:56 AM,13-0423,,29,1594,Y,Y,28.28168999,-96.39107,19,,,1,,,OLD SEADRIFT,HWY,N,N,45,N,N,,N,3,238,,,,,NOT REPORTED,,,,,,,,11,1,0,,4,1,1,7:56 AM,DISPATCHED,8:11 AM,7/11/2013,Y,TX0290000,196,,,120,8,7,4,1,33,3,1,5,2,21,21,29,1594,28.47157197,-96.6529263,,,,,OLD SEA DRIFT RD,,,,,,,,,,,,,,,Y,N,Y,3,0,Y,THU,,,,,,,,,,,,,,,,,,,,,,,,,,,,,,,,,,,,,,,,,,,,,,,,,,,,,,,,0,0,1,0,0,1,0,,,,
13357840,N,N,N,N,N,N,N,7/13/2013,6:44 PM,130018932,,220,177,N,Y,,,19,,,1,2700,,BARDIN,RD,N,N,40,N,N,,Y,19,,,1,4100,,ENDICOTT,DR,,,,,,,11,1,4,,1,1,5,6:44 PM,DISPATCHED,6:47 PM,7/14/2013,Y,TX0571200,1372,,,87,8,2,1,34,64,54,1,5,1,21,21,220,177,32.67267429,-97.05172251,,,,,BARDIN RD,,,,,,,,,,ENDICOTT DR,,,,,Y,N,N,3,8,Y,SAT,,,,,,,,,,,,,,,,,,,,,,,,,,,,,,,,,,,,,,,,,,,,,,,,,,,,,,,,0,0,1,2,0,1,0,282,,,
13357847,N,N,N,N,N,N,N,7/9/2013,1:30 PM,0085139313K,,101,208,N,Y,,,19,,,1,400,,NORTHWOOD,,N,N,30,N,N,,Y,19,,,1,,,FUGATE,,,,,,,,11,1,4,,1,1,8,1:35 PM,DISPATCHED,1:40 PM,7/10/2013,Y,TXHPD0000,2469,24,121,33,8,2,1,10,64,54,1,5,1,21,21,101,208,29.79500479,-95.37796309,,,,,NORTHWOOD ST,500,,,,,,,,,FUGATE ST,,,,,Y,N,N,3,9,Y,TUE,,,,,,,,,,,,,,,,,,,,,,,,,,,,,,,,,,,,,,,,,,,,,,,,,,,,,,,,0,0,2,4,0,2,0,15,,,
13358231,N,N,N,N,N,N,N,6/29/2013,10:56 AM,13-11402,,92,268,N,Y,,,4,2208,,1,2100,,ALPINE,RD,N,N,50,N,N,,N,19,,,,,,EDEN,DR,,,,,,,11,1,0,1,1,1,11,11:01 AM,DISPATCHED,11:07 AM,6/29/2013,Y,920500,1691,,,,8,2,3,22,64,47,1,3,1,32,21,92,268,32.52010573,-94.70561879,FM,2208,,31.302,FM2208,2260,138,15,1.215,294,-0.71,,,,,,,,,Y,Y,N,3,7,Y,SAT,2,0,4,4,0,2,2,80,32,24,2,0,0,5,4,5,5,4,5,0,0,3,14,5789,2014,5789,1.4,1.1,2.4,,,,,,,,,,,,,,,,,,,,,,,,,,,0,0,6,0,0,6,0,361,,,
13358232,N,N,N,N,N,N,N,6/28/2013,7:34 PM,13-11353,,92,268,N,Y,,,19,,,1,200,E,HAWKINS,PKWY,N,N,30,N,N,,N,4,2751,,,,,AIRLINE,RD,,,,,,,11,1,0,,1,1,20,7:35 PM,DISPATCHED,7:44 PM,6/29/2013,Y,920500,1691,,49,16,8,7,4,1,33,3,1,5,2,21,21,92,268,32.54688422,-94.74593311,,,,,E HAWKINS PKWY,200,,,,,,,,,,,,,,Y,N,N,5,7,Y,FRI,,,,,,,,,,,,,,,,,,,,,,,,,,,,,,,,,,,,,,,,,,,,,,,,,,,,,,,,0,0,0,4,0,0,0,361,,,
13358311,N,N,N,N,N,N,N,7/4/2013,4:37 PM,13-11734,,92,268,N,Y,,,3,31,,1,1000,,HWY 31,,N,N,55,N,N,,N,4,2205,,,,,JAYCEE,DR,,,,,,,12,1,0,2,2,1,20,4:37 PM,DISPATCHED,4:40 PM,7/4/2013,Y,920500,1691,,,,8,7,4,1,20,54,1,2,2,21,21,92,268,32.48879164,-94.75943274,SH,31,,154.044,SH0031,,138,1,10.785,734,0.115,,,,,,,,,Y,Y,N,5,7,Y,THU,3,0,6,10,43,2,4,189,77,47,4,0,0,2,6,5,2,10,5,3,37,3,14,19605,2014,19605,11.3,10.8,22.2,,,,,,,,,,,,,,,,,,,,,,,,,,,0,0,0,1,0,0,0,361,,,
13358535,N,N,N,N,N,N,N,7/13/2013,1:45 PM,2013087481,,61,67,N,Y,,,19,,,1,1400,,CARROLLTON,PKWY,N,N,40,N,N,,N,3,121,,,,,NOT REPORTED,,,,,,,,11,1,0,,4,8,20,1:45 PM,RADIO DISPATCHED,1:48 PM,7/13/2013,Y,TX0570400,214,,,170,8,7,4,1,39,54,1,5,4,21,21,61,67,33.03804854,-96.9286974,,,,,CARROLLTON PKWY,,,,,,,,,,,,,,,Y,N,N,1,8,Y,SAT,,,,,,,,,,,,,,,,,,,,,,,,,,,,,,,,,,,,,,,,,,,,,,,,,,,,,,,,1,0,0,0,0,1,0,282,,,
13358561,N,N,N,N,N,N,N,6/28/2013,11:30 AM,13-179135,,71,136,N,Y,,,19,,,1,9950,,GATEWAY NORTH,BLVD,N,N,0,N,N,,N,19,,,1,,,WOODROW BEAN,RD,,,,,,,11,1,4,2,1,1,9,1:41 PM,VIA PHONE,1:41 PM,6/28/2013,Y,TX0710200,1259,,,164,8,2,3,13,64,14,1,2,1,32,21,71,136,31.90215816,-106.4414584,US,54,,9.939,US0054,,167,1,14.434,30,-0.384,,,,,,,,,Y,Y,N,5,9,Y,FRI,5,0,4,10,48,8,4,500,76,48,5,0,1,2,8,5,2,20,5,2,40,4,12,71373,2014,71373,6.9,6.8,13.7,,,,,,,,,,,,,,,,,,,,,,,,,,,0,0,0,3,0,0,0,66,,,
13358696,N,N,N,N,N,Y,N,6/28/2013,3:29 PM,13-179177,,71,136,N,N,,,19,,,1,1200,N,LEE TREVINO,DR,N,N,45,N,N,,N,19,,,1,8400,,GATEWAY EAST,,,,,,,,11,1,0,,1,1,5,3:33 PM,DISPATCH,3:38 PM,6/29/2013,N,TX0710200,1259,,,219,8,2,2,22,64,38,1,5,1,21,21,71,136,31.7395471,-106.3251185,,,,,N LEE TREVINO DR,,,,,,,,,,GATEWAY BLVD E,,,,,N,N,N,5,9,Y,FRI,,,,,,,,,,,,,,,,,,,,,,,,,,,,,,,,,,,,,,,,,,,,,,,,,,,,,,,,0,0,0,1,1,0,0,66,,,
13358777,N,N,N,N,N,N,N,6/29/2013,3:30 PM,13-183054,,71,136,N,Y,31.78057,-106.44116,2,54,,1,,,PATRIOT FWY NB,,N,N,0,N,N,LOCAL ROAD,Y,2,54,,3,,,RAMP A NB,,,,,,LOCAL ROAD,,11,1,98,2,7,1,20,9:21 AM,PHONE,9:21 AM,7/2/2013,N,TX0710200,1259,,,,8,7,2,1,23,35,3,1,2,21,21,71,136,31.7774902,-106.4424184,IH,110,,0.89,IH0110,,167,1,5.909,,,IH,10,,IH0010,,,,,Y,Y,N,5,9,Y,SAT,5,0,6,10,13,8,6,540,104,72,5,0,0,2,12,5,2,20,5,2,1,4,11,32614,2014,32614,2.2,3.4,5.7,1,28,2,1,2,,,,,,,,,,,,,,,,,,,,,,0,0,0,6,0,0,0,66,,,
13358879,N,N,N,N,N,N,N,6/29/2013,10:50 AM,C13060010,,50,167,N,N,,,19,,,1,400,S,LOVERS,LN,N,N,30,N,N,,Y,19,,,1,2500,,BRIDGE,ST,,,,,,,11,1,4,,1,1,8,10:50 AM,RADIO/DISPATCHER,10:52 AM,6/29/2013,Y,TX0500200,1349,1,81,106,8,2,1,10,64,54,1,5,1,21,21,50,167,31.42943455,-97.72500241,,,,,S LOVERS LN,599,,,,,,,,,BRIDGE ST,,,,,N,N,N,5,5,Y,SAT,,,,,,,,,,,,,,,,,,,,,,,,,,,,,,,,,,,,,,,,,,,,,,,,,,,,,,,,0,0,0,2,0,0,0,,,,
13358998,N,N,N,N,N,N,N,6/26/2013,9:29 AM,2.01E+11,,233,112,N,Y,,,19,,,1,1200,,AVE E,,N,N,25,N,N,,Y,19,,,1,300,E,11TH,ST,,,,,,,11,1,4,,1,1,9,9:29 AM,DISPATCHED,9:32 AM,6/26/2013,Y,TX2330100,1191,,,,8,2,1,10,64,54,1,5,1,21,21,233,112,29.37554506,-100.9035217,,,,,AVENUE E,1301,,,,,,,,,E 11TH ST,,,,,Y,N,N,5,6,Y,WED,,,,,,,,,,,,,,,,,,,,,,,,,,,,,,,,,,,,,,,,,,,,,,,,,,,,,,,,0,0,0,3,0,0,0,,,,
13359038,N,N,N,N,N,N,N,7/6/2013,1:09 PM,,,212,1777,Y,Y,32.39907,-95.37849,3,110,,1,,,NOT REPORTED,,N,N,60,N,N,,N,15,428,,,,,NOT REPORTED,,,,,,,,11,1,0,1,1,1,11,1:21 PM,DPS COMMUNICATIONS,1:33 PM,7/7/2013,Y,TXDPS5500,10000,3,28,1,8,2,3,20,33,46,1,2,1,32,21,212,1777,32.39206949,-95.36747151,SH,110,,32.293,SH0110,,505,2,18.247,304,0.105,,,,,,,,,Y,Y,Y,5,0,Y,SAT,2,0,2,2,0,2,2,100,28,24,2,0,0,2,2,5,2,2,5,0,0,3,16,6255,2014,6255,5.3,7.8,13.1,,,,,,,,,,,,,,,,,,,,,,,,,,,0,0,0,3,0,0,0,213,,,
13359067,N,N,N,N,N,N,N,7/13/2013,11:30 PM,2013-88162,,31,189,N,Y,,,19,,,1,9000,,GREEN JAY,DR,N,N,30,N,N,PAVED,N,19,,,,600,,HACKBERRY,ST,,,,,PAVED,,11,3,0,,1,1,1,11:44 AM,DISPATCH,11:52 AM,7/14/2013,N,TX0310300,1417,,,23,8,4,4,5,64,54,1,5,1,21,21,31,189,26.1866039,-97.78725808,,,,,GREEN JAY DR,9518,,,,,,,,,,,,,,Y,N,N,0,7,Y,SAT,,,,,,,,,,,,,,,,,,,,,,,,,,,,,,,,,,,,,,,,,,,,,,,,,,,,,,,,0,0,0,0,1,0,0,201,,,