Crash_ID,Crash_Fatal_Fl,Cmv_Involv_Fl,Schl_Bus_Fl,Rr_Relat_Fl,Medical_Advisory_Fl,Amend_Supp_Fl,Active_School_Zone_Fl,Crash_Date,Crash_Time,Case_ID,Local_Use,Rpt_CRIS_Cnty_ID,Rpt_City_ID,Rpt_Outside_City_Limit_Fl,Thousand_Damage_Fl,Rpt_Latitude,Rpt_Longitude,Rpt_Rdwy_Sys_ID,Rpt_Hwy_Num,Rpt_Hwy_Sfx,Rpt_Road_Part_ID,Rpt_Block_Num,Rpt_Street_Pfx,Rpt_Street_Name,Rpt_Street_Sfx,Private_Dr_Fl,Toll_Road_Fl,Crash_Speed_Limit,Road_Constr_Zone_Fl,Road_Constr_Zone_Wrkr_Fl,Rpt_Street_Desc,At_Intrsct_Fl,Rpt_Sec_Rdwy_Sys_ID,Rpt_Sec_Hwy_Num,Rpt_Sec_Hwy_Sfx,Rpt_Sec_Road_Part_ID,Rpt_Sec_Block_Num,Rpt_Sec_Street_Pfx,Rpt_Sec_Street_Name,Rpt_Sec_Street_Sfx,Rpt_Ref_Mark_Offset_Amt,Rpt_Ref_Mark_Dist_Uom,Rpt_Ref_Mark_Dir,Rpt_Ref_Mark_Nbr,Rpt_Sec_Street_Desc,Rpt_CrossingNumber,Wthr_Cond_ID,Light_Cond_ID,Entr_Road_ID,Road_Type_ID,Road_Algn_ID,Surf_Cond_ID,Traffic_Cntl_ID,Investigat_Notify_Time,Investigat_Notify_Meth,Investigat_Arrv_Time,Report_Date,Investigat_Comp_Fl,ORI_Number,Investigat_Agency_ID,Investigat_Area_ID,Investigat_District_ID,Investigat_Region_ID,Bridge_Detail_ID,Harm_Evnt_ID,Intrsct_Relat_ID,FHE_Collsn_ID,Obj_Struck_ID,Othr_Factr_ID,Road_Part_Adj_ID,Road_Cls_ID,Road_Relat_ID,Phys_Featr_1_ID,Phys_Featr_2_ID,Cnty_ID,City_ID,Latitude,Longitude,Hwy_Sys,Hwy_Nbr,Hwy_Sfx,Dfo,Street_Name,Street_Nbr,Control,Section,Milepoint,Ref_Mark_Nbr,Ref_Mark_Displ,Hwy_Sys_2,Hwy_Nbr_2,Hwy_Sfx_2,Street_Name_2,Street_Nbr_2,Control_2,Section_2,Milepoint_2,Txdot_Rptable_Fl,Onsys_Fl,Rural_Fl,Crash_Sev_ID,Pop_Group_ID,Located_Fl,Day_of_Week,Hwy_Dsgn_Lane_ID,Hwy_Dsgn_Hrt_ID,Hp_Shldr_Left,Hp_Shldr_Right,Hp_Median_Width,Base_Type_ID,Nbr_Of_Lane,Row_Width_Usual,Roadbed_Width,Surf_Width,Surf_Type_ID,Curb_Type_Left_ID,Curb_Type_Right_ID,Shldr_Type_Left_ID,Shldr_Width_Left,Shldr_Use_Left_ID,Shldr_Type_Right_ID,Shldr_Width_Right,Shldr_Use_Right_ID,Median_Type_ID,Median_Width,Rural_Urban_Type_ID,Func_Sys_ID,Adt_Curnt_Amt,Adt_Curnt_Year,Adt_Adj_Curnt_Amt,Pct_Single_Trk_Adt,Pct_Combo_Trk_Adt,Trk_Aadt_Pct,Curve_Type_ID,Curve_Lngth,Cd_Degr,Delta_Left_Right_ID,Dd_Degr,Feature_Crossed,Structure_Number,I_R_Min_Vert_Clear,Approach_Width,Bridge_Median_ID,Bridge_Loading_Type_ID,Bridge_Loading_In_1000_Lbs,Bridge_Srvc_Type_On_ID,Bridge_Srvc_Type_Under_ID,Culvert_Type_ID,Roadway_Width,Deck_Width,Bridge_Dir_Of_Traffic_ID,Bridge_Rte_Struct_Func_ID,Bridge_IR_Struct_Func_ID,CrossingNumber,RRCo,Poscrossing_ID,WDCode_ID,Standstop,Yield,Incap_Injry_Cnt,Nonincap_Injry_Cnt,Poss_Injry_Cnt,Non_Injry_Cnt,Unkn_Injry_Cnt,Tot_Injry_Cnt,Death_Cnt,MPO_ID,Investigat_Service_ID,Investigat_DA_ID,Investigator_Narrative
13363148,N,N,N,N,N,N,N,7/16/2013,6:00 PM,SAPD13153660,7340,15,379,N,Y,,,1,10,,2,11000,,IH 10 WEST ACCESS,,N,N,50,N,N,DRY ASPHALT,N,19,,,,11000,,HUEBNER,,,,,,DRY ASPHALT,,11,1,0,2,1,1,9,6:02 PM,DISPATCHED,6:06 PM,7/16/2013,Y,TXSPD0000,2473,,61,123,8,2,4,22,64,42,2,1,1,21,21,15,379,29.54546235,-98.58013121,IH,10,,558.385,IH0010,,72,12,15.119,560,0.097,,,,,,,,,Y,Y,N,3,9,Y,TUE,5,0,4,10,10,9,6,300,107,84,4,0,0,2,7,5,2,16,5,,3,4,11,157283,2014,157283,1.9,2.8,4.7,,,,,,,,,,,,,,,,,,,,,,,,,,,0,0,1,2,0,1,0,28,,,
13363172,N,N,N,N,N,N,N,7/16/2013,12:30 PM,0088214813H,,101,208,N,N,,,19,,,1,10800,,BISSONNET,ST,N,N,35,N,N,,Y,19,,,1,9600,,KINNEY,RD,,,,,,,12,1,2,,1,1,8,12:45 PM,HPD DISPATCHER,12:54 PM,7/16/2013,Y,TXHPD0000,2469,14,128,39,8,2,1,10,64,54,1,5,1,21,21,101,208,29.67417483,-95.57124304,,,,,BISSONNET ST,,,,,,,,,,KINNEY RD,,,,,Y,N,N,2,9,Y,TUE,,,,,,,,,,,,,,,,,,,,,,,,,,,,,,,,,,,,,,,,,,,,,,,,,,,,,,,,0,1,0,1,0,1,0,15,,,
13363224,N,N,N,N,N,N,N,6/25/2013,6:45 PM,0079678113Y,,101,208,N,Y,,,19,,,7,6345,,WESTHEIMER,RD,Y,N,20,N,N,CONCRETE,N,19,,,,2600,,WINROCK,,,,,,,,11,1,0,,1,1,17,3:35 PM,WALKIN,3:35 PM,6/28/2013,Y,TXHPD0000,2469,6,106,54,8,4,4,5,64,54,7,9,5,33,21,101,208,,,,,,,WESTHEIMER RD,,,,,,,,,,,,,,,N,N,N,0,9,N,TUE,,,,,,,,,,,,,,,,,,,,,,,,,,,,,,,,,,,,,,,,,,,,,,,,,,,,,,,,0,0,0,0,1,0,0,,,,
13363574,N,N,N,N,N,N,N,7/14/2013,8:03 PM,179373A,,57,107,N,Y,,,19,,,1,900,N,PRAIRIE CREEK,DR,N,N,35,N,N,,N,19,,,,8900,,ELAM,RD,,,,,,,12,5,98,,4,2,1,8:04 PM,DISPATCHED,8:08 PM,7/14/2013,Y,TX0000006,2471,,,27,8,7,4,1,32,54,1,5,2,21,21,57,107,32.72224718,-96.6658917,,,,,N PRAIRIE CREEK RD,,,,,,,,,,,,,,,Y,N,N,1,9,Y,SUN,,,,,,,,,,,,,,,,,,,,,,,,,,,,,,,,,,,,,,,,,,,,,,,,,,,,,,,,1,0,0,0,0,1,0,282,,,
13363593,N,N,N,N,N,N,N,7/17/2013,2:30 AM,0088522913U,FSGI,101,208,N,Y,,,19,,,1,3698,S,KIRKWOOD,DR,N,N,35,N,N,CONCRETE,N,19,,,,12000,,WESTPARK,DR,,,,,,,11,4,3,,4,1,20,2:40 AM,FLAG DOWN BY CITIZEN,2:40 AM,7/17/2013,Y,TXHPD0000,2469,18,128,21,8,7,2,1,21,54,1,5,2,21,21,101,208,,,,,,,S KIRKWOOD DR,,,,,,,,,,WESTPARK DR,,,,,Y,N,N,0,9,N,WED,,,,,,,,,,,,,,,,,,,,,,,,,,,,,,,,,,,,,,,,,,,,,,,,,,,,,,,,0,0,0,0,1,0,0,,,,
13363616,N,N,N,N,N,N,N,7/15/2013,10:30 PM,0087980813H,,101,208,N,Y,,,1,45,,1,2400,N,NORTH,FWY,N,N,60,N,N,ASHPHALT,N,19,,,,2100,N,MAIN,ST,,,,,,,12,4,0,2,1,2,20,10:48 PM,DISP,11:05 PM,7/16/2013,Y,TXHPD0000,2469,16,121,33,8,2,4,21,64,3,1,1,1,21,21,101,208,29.78960031,-95.37175164,IH,45,,49.963,IH0045,,500,3,26.238,50,0.132,,,,,,,,,Y,Y,N,3,9,Y,MON,5,1,0,10,26,3,8,350,119,93,6,0,0,1,0,0,2,20,5,2,26,4,11,197501,2014,197501,5.5,4.6,10.1,1,210,4,2,0,,,,,,,,,,,,,,,,,,,,,,0,0,1,2,0,1,0,15,,,
13363644,N,N,N,N,N,N,N,7/15/2013,6:36 PM,180185A,,57,107,N,N,,,11,12,,1,7800,W,NORTHWEST,HWY,Y,N,35,N,N,,N,19,,,,8600,,BOEDEKER,ST,,,,,,,12,1,0,,1,2,1,6:48 PM,DISPATCHED,7:00 PM,7/15/2013,N,TX0000006,2471,,,59,8,4,4,4,64,54,7,9,5,33,21,57,107,,,SL,12,,,SL0012,,,,,,,,,,,,,,,N,Y,N,0,9,N,MON,,,,,,,,,,,,,,,,,,,,,,,,,,,,,,,,,,,,,,,,,,,,,,,,,,,,,,,,0,0,0,0,1,0,0,,,,
13363702,N,N,N,N,N,N,N,7/17/2013,1:08 PM,SAPD13154216,6140,15,379,N,N,,,19,,,1,7352,,YARROW,BLVD,N,N,35,N,N,,N,19,,,,2700,SW,MILITARY,,,,,,,,12,1,0,,1,1,1,1:11 PM,DISPATCHED,1:20 PM,7/17/2013,Y,TXSPD0000,2473,,11,175,8,2,3,34,64,13,1,5,1,32,21,15,379,29.35642939,-98.5414323,,,,,YARROW BLVD,7212,,,,,,,,,,,,,,Y,N,N,3,9,Y,WED,,,,,,,,,,,,,,,,,,,,,,,,,,,,,,,,,,,,,,,,,,,,,,,,,,,,,,,,0,0,1,2,0,1,0,28,,,
13363870,N,N,N,N,N,N,N,6/27/2013,8:15 PM,13-13044,,161,442,N,Y,,,19,,,1,2200,,HERRING,AVE,N,N,30,N,N,,Y,19,,,1,2400,N,22ND,ST,,,,,,,11,1,4,,1,1,8,8:15 PM,DISPATCH,8:26 PM,6/27/2013,Y,TX1551200,2372,,,100,8,2,1,10,64,54,1,5,1,21,21,161,442,31.5644445,-97.16624254,,,,,HERRING AVE,2200,,,,,,,,,N 22ND ST,,,,,Y,N,N,3,8,Y,THU,,,,,,,,,,,,,,,,,,,,,,,,,,,,,,,,,,,,,,,,,,,,,,,,,,,,,,,,0,0,2,2,0,2,0,140,,,
13363962,N,N,N,N,N,N,N,6/30/2013,9:18 AM,2013-4352,,240,1805,Y,Y,,,17,,,1,,N,INTERSTATE HIGHWAY 35,HWY,Y,N,5,N,N,HIGHWAY,N,,,,,,,NOT REPORTED,,0,M,N,29,,,11,1,0,,1,1,1,9:18 AM,VIA RADIO,9:18 AM,6/30/2013,N,TX2400000,2389,,,17,8,2,4,21,64,9,7,9,5,1,21,240,1805,,,,,,,N INTERSTATE HIGHWAY 35 HWY,,,,,,,,,,NOT REPORTED,,,,,N,N,Y,0,0,N,SUN,,,,,,,,,,,,,,,,,,,,,,,,,,,,,,,,,,,,,,,,,,,,,,,,,,,,,,,,0,0,0,0,2,0,0,,,,
13364246,N,N,N,N,N,N,N,6/20/2013,4:30 PM,1302159,,15,93,N,Y,,,4,78,,1,9100,,FM 78,,N,N,40,N,N,,Y,19,,,1,9100,,SHADOW CREEK,LN,,,,,,,11,1,2,3,1,1,1,4:30 PM,RADIO,4:40 PM,6/20/2013,Y,TX0150500,1105,,,27,8,2,1,34,64,13,1,3,1,32,21,15,93,29.51372444,-98.30836095,FM,78,,7.748,FM0078,300,25,9,17.217,506,-0.191,FM,1516,,FM1516,,,,,Y,Y,N,5,5,Y,THU,2,0,10,10,0,2,4,120,82,62,4,2,2,2,10,5,2,10,5,0,0,4,14,18445,2014,18445,1.3,1.7,3,1,57,2,2,6,,,,,,,,,,,,,,,,,,,,,,0,0,0,2,0,0,0,28,,,
13364408,N,N,N,N,N,N,N,7/2/2013,10:34 AM,13-00704,,57,436,N,N,,,19,,,7,7600,,BALTIMORE,,N,N,15,N,N,ALLEY,N,19,,,1,3800,,BRYN MAWR,,,,,,,,11,1,0,,1,1,1,10:34 AM,DISPATCH,10:40 AM,7/2/2013,Y,TX0572400,2341,,151,101,8,5,4,1,64,54,7,7,5,11,21,57,436,32.85653442,-96.79670257,,,,,BALTIMORE DR,7653,,,,,,,,,,,,,,Y,N,N,3,5,Y,TUE,,,,,,,,,,,,,,,,,,,,,,,,,,,,,,,,,,,,,,,,,,,,,,,,,,,,,,,,0,0,1,1,0,1,0,282,,,
13364448,N,N,N,N,N,N,N,7/10/2013,11:31 AM,2013-007543,,235,440,N,Y,,,2,77,,1,8100,,NAVARRO,ST,N,N,45,N,N,,N,19,,,1,100,E,LARKSPUR,,,,,,,,11,1,0,2,1,1,5,11:33 AM,POLICE RADIO,11:37 AM,7/10/2013,Y,TX2350100,2366,,8,78,8,2,2,20,64,54,1,2,1,21,21,235,440,28.86958976,-96.99766569,US,77,,332.004,US0077,8108,370,5,16.524,,,,,,LARKSPUR ST,,,,,Y,Y,N,2,7,Y,WED,3,0,0,0,4,3,6,126,90,70,4,1,1,1,0,0,1,0,0,1,4,3,14,13166,2014,13166,7.4,9.7,17.1,1,805,0,,0,,,,,,,,,,,,,,,,,,,,,,0,1,0,1,0,1,0,363,,,
13364967,N,N,N,N,N,N,N,7/14/2013,10:10 AM,178964A,178965A,57,107,N,Y,,,19,,,1,2400,,KIRNWOOD,RD,N,N,35,N,N,PUBLIC STREET,N,19,,,,7600,N,HAMPTON,RD,,,,,PUBLIC STREET,,2,1,0,,1,2,20,10:10 AM,DISPATCHED,10:20 AM,7/14/2013,N,TX0000006,2471,,,113,8,2,3,20,64,46,1,5,1,32,21,57,107,32.65485814,-96.85555462,,,,,KIRNWOOD DR,2322,,,,,,,,,,,,,,Y,N,N,5,9,Y,SUN,,,,,,,,,,,,,,,,,,,,,,,,,,,,,,,,,,,,,,,,,,,,,,,,,,,,,,,,0,0,0,3,1,0,0,282,,,
13365049,N,N,N,N,N,N,N,7/17/2013,5:18 PM,13072335,,31,53,N,Y,,,2,77,,1,4900,N,FRONTAGE,RD,N,N,45,N,N,ONE WAY,N,4,3248,,,100,,ALTON GLOOR,BLVD,,,,,TWO WAY,,11,1,0,,2,1,11,5:19 PM,DISPATCH,5:26 PM,7/17/2013,Y,TX0310100,172,,211,113,8,2,3,13,64,14,1,2,1,32,21,31,53,,,US,77,,,US0077,,,,,,,,,,,,,,,Y,Y,N,3,8,N,WED,,,,,,,,,,,,,,,,,,,,,,,,,,,,,,,,,,,,,,,,,,,,,,,,,,,,,,,,0,0,1,3,0,1,0,,,,
13365092,N,N,N,N,N,N,N,7/11/2013,10:00 PM,2.01E+11,,220,31,N,Y,,,19,,,1,1300,,TENNIS,DR,N,N,30,N,N,,N,19,,,,300,,DEUCE,ST,,,,,,,11,3,0,,1,1,1,10:00 PM,DISPATCH,10:07 PM,7/11/2013,Y,TX2200300,105,,,35,8,4,4,1,64,3,1,5,1,21,21,220,31,32.83838231,-97.16263428,,,,,TENNIS DR,1492,,,,,,,,,,,,,,Y,N,N,5,6,Y,THU,,,,,,,,,,,,,,,,,,,,,,,,,,,,,,,,,,,,,,,,,,,,,,,,,,,,,,,,0,0,0,1,0,0,0,282,,,
13365109,N,N,N,N,N,N,N,7/17/2013,11:15 AM,,,236,1801,Y,Y,30.51055,-95.49128,1,45,,1,,,NOT REPORTED,,N,N,75,N,N,,N,4,1375,,,,,NOT REPORTED,,,,,,,,2,1,0,2,1,2,20,11:28 AM,WCSO COMMS,11:43 AM,7/17/2013,Y,,10000,22,52,1,8,7,4,1,39,54,1,1,4,21,21,236,1801,30.51055239,-95.49132503,IH,45,,100.846,IH0045,,675,7,0.038,101,-0.219,,,,,,,,,Y,Y,Y,5,0,Y,WED,5,0,5,9,53,9,4,385,76,48,6,0,0,2,10,5,2,18,5,3,43,1,1,42088,2014,42088,2.8,19.2,22,,,,,,,,,,,,,,,,,,,,,,,,,,,0,0,0,2,0,0,0,15,,,
13365366,N,N,N,N,N,N,N,7/18/2013,4:12 PM,13-07575,503,61,259,N,Y,,,19,,,1,725,,HEBRON,PKWY,Y,N,-1,N,N,,N,19,,,,2000,,LAKEPOINTE,DR,,,,,,,11,1,0,,1,1,1,4:29 PM,DISPATCHED,4:36 PM,7/18/2013,Y,TX0610600,1659,,,35,8,4,4,1,64,11,7,9,5,33,21,61,259,,,,,,,HEBRON PKWY,,,,,,,,,,,,,,,N,N,N,5,7,N,THU,,,,,,,,,,,,,,,,,,,,,,,,,,,,,,,,,,,,,,,,,,,,,,,,,,,,,,,,0,0,0,3,0,0,0,,,,
13366039,N,N,N,N,N,N,N,6/27/2013,9:23 PM,13-005314,,84,428,N,Y,,,19,,,1,1,,17TH N,AVE,N,N,30,N,N,17TH AV N,N,19,,,1,1600,,BAY,ST,,,,,BAY ST,,11,3,0,,1,1,11,9:26 PM,RADIO DISPATCH,9:39 PM,6/27/2013,Y,TX0840900,2239,,,,8,4,2,1,64,3,1,5,1,21,21,84,428,29.40116405,-94.89362762,,,,,17TH AVE N,6,,,,,,,,,BAY ST N,,,,,Y,N,N,3,6,Y,THU,,,,,,,,,,,,,,,,,,,,,,,,,,,,,,,,,,,,,,,,,,,,,,,,,,,,,,,,0,0,1,0,0,1,0,15,,,
13366212,N,N,N,N,N,N,N,7/7/2013,5:54 PM,13-0700268,,21,55,N,Y,,,4,974,,1,3400,,TABOR,RD,N,N,40,N,N,,N,3,6,,2,1900,N,EARL RUDDER,FWY,,,,,EAST FRONTAGE RD,,12,1,4,1,1,1,5,6:03 PM,DISPATCHED,6:12 PM,7/7/2013,Y,TX0210100,174,,,,8,2,2,22,64,38,2,3,1,21,21,21,55,30.71065487,-96.3732488,FM,974,,1.498,FM0974,,540,3,1.467,618,-0.52,US,190,,US0190,,,,,Y,Y,N,5,7,Y,SUN,2,0,8,8,0,2,2,80,40,24,4,0,0,3,8,5,3,8,5,0,0,3,17,6208,2014,6208,2.8,3.6,6.4,,,,,,,,,,,,,,,,,,,,,,,,,,,0,0,0,2,0,0,0,249,,,
13366231,N,N,N,N,N,N,N,7/2/2013,5:22 PM,13-183236,,71,136,N,Y,,,19,,,1,900,N,RESLER,DR,N,N,40,N,N,,N,19,,,1,700,,REDD,RD,,,,,,,11,1,0,,1,1,20,5:50 PM,DISPATCH,6:00 PM,7/2/2013,Y,TX0710200,1259,,,89,8,2,3,10,64,14,1,5,1,32,21,71,136,31.85990308,-106.5579626,,,,,N RESLER DR,,,,,,,,,,,,,,,Y,N,N,5,9,Y,TUE,,,,,,,,,,,,,,,,,,,,,,,,,,,,,,,,,,,,,,,,,,,,,,,,,,,,,,,,0,0,0,4,0,0,0,66,,,
13366342,N,N,N,N,N,N,N,7/11/2013,12:34 AM,13NP047730,,220,312,N,Y,,,3,26,,1,7600,,26,BLVD,N,N,40,Y,N,,N,19,,,1,7600,,RODGER LINE,DR,,,,,,,11,4,0,3,1,1,5,12:02 AM,DISPATCHED,12:04 AM,7/11/2013,Y,TX2202100,1860,,,,8,7,2,1,21,49,1,2,4,21,21,220,312,32.83133637,-97.21775937,SH,26,,2.4,SH0026,7650,363,1,4.912,562,0.385,,,,RODGER LINE DR,,,,,Y,Y,N,3,7,Y,THU,2,0,0,0,0,2,4,100,64,64,4,1,1,1,0,0,1,0,0,0,0,4,14,15657,2014,15657,2.5,0.4,2.9,,,,,,,,,,,,,,,,,,,,,,,,,,,0,0,1,0,0,1,0,282,,,
13366494,N,N,N,N,N,N,N,7/11/2013,9:43 PM,131921808,,227,22,N,Y,,,19,,,1,,W,51ST,ST,N,N,40,N,N,,Y,19,,,,,N,LAMAR,BLVD,,,,,,,12,4,4,,1,1,5,9:43 PM,DISPATCH,9:46 PM,7/11/2013,Y,TX2270100,74,22,120,14,8,2,1,10,64,54,1,1,1,21,21,227,22,30.31873477,-97.73087246,,,,,W 51ST ST,798,,,,,,,,,N LAMAR BLVD,,,,,Y,N,N,5,9,Y,THU,,,,,,,,,,,,,,,,,,,,,,,,,,,,,,,,,,,,,,,,,,,,,,,,,,,,,,,,0,0,0,2,0,0,0,90,,,
13366558,N,N,N,N,N,N,N,7/11/2013,1:16 PM,131920893,,227,22,N,Y,,,19,,,1,,W,BRAKER,LN,N,N,45,N,N,,Y,19,,,,,,STONELAKE,BLVD,,,,,,,11,1,4,,1,1,5,1:17 PM,DISPATCHED,1:30 PM,7/11/2013,Y,TX2270100,74,,,66,8,2,1,10,64,3,1,5,1,21,21,227,22,30.39892475,-97.73939246,,,,,W BRAKER LN,,,,,,,,,,STONELAKE BLVD,,,,,Y,N,N,2,9,Y,THU,,,,,,,,,,,,,,,,,,,,,,,,,,,,,,,,,,,,,,,,,,,,,,,,,,,,,,,,0,1,0,2,0,1,0,90,,,
13366706,N,N,N,N,N,N,N,7/15/2013,12:30 AM,0087572813J,,101,208,N,Y,,,19,,,1,12600,,HUNTINGTON FIELD,DR,N,N,30,N,N,CONCRETE ROAD (E/W),N,19,,,,10500,,HUNTINGTON ESTATES,DR,,,,,,,11,4,0,,1,1,1,12:37 AM,DISPATCH,12:41 AM,7/15/2013,Y,TXHPD0000,2469,6,128,39,8,7,4,1,31,54,1,5,2,21,21,101,208,29.66839251,-95.60738061,,,,,HUNTINGTON FIELD DR,12600,,,,,,,,,,,,,,Y,N,N,5,9,Y,MON,,,,,,,,,,,,,,,,,,,,,,,,,,,,,,,,,,,,,,,,,,,,,,,,,,,,,,,,0,0,0,1,0,0,0,15,,,
13366725,N,N,N,N,N,N,N,6/29/2013,4:46 PM,0080661713G,,101,208,N,Y,,,19,,,1,1200,,UVALDE,RD,N,N,40,N,N,,Y,19,,,1,13400,,BOISE,ST,,,,,,,11,1,2,,1,1,1,4:46 PM,ON-VIEW,4:46 PM,6/29/2013,Y,TXHPD0000,2469,6,124,71,8,2,1,34,64,14,1,5,1,32,21,101,208,29.77303479,-95.18662314,,,,,UVALDE RD,,,,,,,,,,BOISE ST,,,,,Y,N,N,3,9,Y,SAT,,,,,,,,,,,,,,,,,,,,,,,,,,,,,,,,,,,,,,,,,,,,,,,,,,,,,,,,0,0,1,1,0,1,0,15,,,
13366759,N,N,N,N,N,N,N,7/13/2013,11:45 AM,0086907413L,,101,208,N,Y,,,1,45,,1,15100,S,GULF,FWY,N,N,60,Y,N,CONCRETE,N,4,1959,,,13600,,FM 1959,,,,,,,,11,1,2,2,1,1,20,12:16 PM,HPD DISPATCH,12:27 PM,7/15/2013,Y,TXHPD0000,2469,6,104,17,8,2,4,20,64,49,1,1,1,21,21,101,208,29.58764828,-95.18544191,IH,45,,30.837,IH0045,,500,3,6.896,31,-0.233,,,,,,,,,Y,Y,N,5,9,Y,SAT,5,0,12,10,52,9,6,300,120,72,6,0,0,2,24,5,2,20,5,2,28,4,11,164135,2014,164135,5.5,4.6,10.1,,,,,,,,,,,,,,,,,,,,,,,,,,,0,0,0,10,0,0,0,15,,,
13366815,N,N,N,N,N,N,N,7/18/2013,8:25 AM,,,92,1657,Y,Y,32.43532,-94.75257,1,20,,1,,,NOT REPORTED,,N,N,75,Y,Y,,N,,,,,,,NOT REPORTED,,0.4,M,W,594,,,11,1,0,2,1,1,20,8:26 AM,GREGG SO,8:39 AM,7/18/2013,Y,TX0920000,10000,19,28,1,8,2,4,21,64,49,1,1,1,20,21,92,1657,32.4343514,-94.75468653,IH,20,,592.328,IH0020,,495,7,13.641,594,-0.4,,,,NOT REPORTED,,,,,Y,Y,Y,5,0,Y,THU,5,0,4,10,463,9,4,720,76,48,5,0,0,2,8,5,2,20,5,2,455,1,1,35541,2014,35541,3.4,35.2,38.5,,,,,,,,,,,,,,,,,,,,,,,,,,,0,0,0,2,0,0,0,361,,,
13366846,N,N,N,N,N,N,N,7/18/2013,5:01 PM,182916A,,57,107,N,Y,,,14,244,,1,10600,E,NORTHWEST,HWY,N,N,45,N,N,,Y,19,,,1,11200,E,LAKE HIGHLANDS,DR,,,,,,,11,1,4,2,1,1,5,5:10 PM,DISPATCH,5:22 PM,7/18/2013,Y,TX0000006,2471,,,33,8,2,1,34,64,54,1,2,1,21,21,57,107,32.84123682,-96.70779828,SL,12,,29.69,SL0012,,581,1,1.717,614,-0.124,,,,E LAKE HIGHLANDS DR,,,,,Y,Y,N,2,9,Y,THU,3,0,10,10,23,3,6,300,112,72,6,1,0,2,20,5,2,20,5,1,3,4,14,33706,2014,33706,2.3,0.4,2.7,,,,,,,,,,,,,,,,,,,,,,,,,,,0,1,1,4,0,2,0,282,,,
13367198,N,N,N,N,N,N,N,6/23/2013,12:55 AM,0077699113U,,101,208,N,Y,,,19,,,1,1200,,ST JOSEPH,PKWY,N,N,30,N,N,,Y,19,,,1,1800,,CAROLINE,ST,,,,,,,11,4,4,,1,1,5,12:55 AM,ON VEIW,12:55 AM,7/19/2013,Y,TXHPD0000,2469,16,121,35,8,2,1,10,64,54,1,5,1,21,21,101,208,29.74863479,-95.36766309,,,,,ST JOSEPH PKWY,1299,,,,,,,,,CAROLINE ST,,,,,Y,N,N,3,9,Y,SUN,,,,,,,,,,,,,,,,,,,,,,,,,,,,,,,,,,,,,,,,,,,,,,,,,,,,,,,,0,0,1,2,0,1,0,15,,,
13367324,N,N,N,N,N,N,N,7/20/2013,12:15 AM,184236A,,57,107,N,Y,,,19,,,7,2275,,GUS THOMASSON,RD,Y,N,-1,N,N,BUSINESS PARKING LOT,N,19,,,,,,FERGUSON,RD,,,,,,,11,4,0,,1,1,1,12:25 AM,DISPATCHED,12:34 AM,7/20/2013,Y,TX0000006,2471,,,71,8,7,4,1,29,54,7,9,5,33,21,57,107,,,,,,,GUS THOMASSON RD,,,,,,,,,,,,,,,N,N,N,5,9,N,SAT,,,,,,,,,,,,,,,,,,,,,,,,,,,,,,,,,,,,,,,,,,,,,,,,,,,,,,,,0,0,0,1,0,0,0,,,,
13367454,N,N,N,N,N,Y,N,7/20/2013,5:59 AM,13-18528,132010117,227,1792,Y,Y,30.14813,-97.69816,4,1625,,1,7600,,NOT REPORTED,,N,N,55,N,N,,N,2,183,,,7600,,NOT REPORTED,,,,,,,,11,3,0,1,1,1,11,5:59 AM,RADIO DPSIATCHED,5:59 AM,7/26/2013,Y,TX2270000,2292,,9,122,8,7,4,1,23,33,1,3,2,21,21,227,1792,30.14815239,-97.69819597,FM,1625,,0.138,FM1625,7706,1535,1,0.14,450,-1.978,,,,,,,,,Y,Y,Y,5,0,Y,SAT,2,0,4,4,0,2,2,80,36,24,4,0,0,2,4,5,2,4,5,0,0,4,17,3758,2014,3758,7.7,2.9,10.6,,,,,,,,,,,,,,,,,,,,,,,,,,,0,0,0,1,0,0,0,90,,,
13367486,N,N,N,N,N,N,N,7/15/2013,3:37 PM,SAPD13153257,7320,15,379,N,Y,,,19,,,1,8500,,PRUE,RD,N,N,40,N,N,,N,19,,,,11000,S,HAUSMAN,RD,,,,,,,2,1,0,,1,2,20,4:03 PM,DISPATCH,4:15 PM,7/15/2013,Y,TXSPD0000,2473,,61,123,8,2,4,21,21,3,1,5,1,21,21,15,379,29.54431321,-98.65420041,,,,,PRUE RD,,,,,,,,,,,,,,,Y,N,N,1,9,Y,MON,,,,,,,,,,,,,,,,,,,,,,,,,,,,,,,,,,,,,,,,,,,,,,,,,,,,,,,,1,1,0,0,0,2,0,28,,,
13367569,N,N,N,N,N,N,N,7/13/2013,10:18 PM,SAPD13151400,4170,15,379,N,Y,,,19,,,1,722,,PORTER,ST,N,N,30,N,N,,N,19,,,,1300,S,GEVERS,ST,,,,,,,11,3,0,,1,1,20,10:19 PM,DISPATCH,10:22 PM,7/13/2013,Y,TXSPD0000,2473,,9,162,8,4,4,1,64,3,1,5,1,21,21,15,379,29.40590497,-98.45507055,,,,,PORTER ST,772,,,,,,,,,,,,,,Y,N,N,0,9,Y,SAT,,,,,,,,,,,,,,,,,,,,,,,,,,,,,,,,,,,,,,,,,,,,,,,,,,,,,,,,0,0,0,0,1,0,0,28,,,