Crash_ID,Crash_Fatal_Fl,Cmv_Involv_Fl,Schl_Bus_Fl,Rr_Relat_Fl,Medical_Advisory_Fl,Amend_Supp_Fl,Active_School_Zone_Fl,Crash_Date,Crash_Time,Case_ID,Local_Use,Rpt_CRIS_Cnty_ID,Rpt_City_ID,Rpt_Outside_City_Limit_Fl,Thousand_Damage_Fl,Rpt_Latitude,Rpt_Longitude,Rpt_Rdwy_Sys_ID,Rpt_Hwy_Num,Rpt_Hwy_Sfx,Rpt_Road_Part_ID,Rpt_Block_Num,Rpt_Street_Pfx,Rpt_Street_Name,Rpt_Street_Sfx,Private_Dr_Fl,Toll_Road_Fl,Crash_Speed_Limit,Road_Constr_Zone_Fl,Road_Constr_Zone_Wrkr_Fl,Rpt_Street_Desc,At_Intrsct_Fl,Rpt_Sec_Rdwy_Sys_ID,Rpt_Sec_Hwy_Num,Rpt_Sec_Hwy_Sfx,Rpt_Sec_Road_Part_ID,Rpt_Sec_Block_Num,Rpt_Sec_Street_Pfx,Rpt_Sec_Street_Name,Rpt_Sec_Street_Sfx,Rpt_Ref_Mark_Offset_Amt,Rpt_Ref_Mark_Dist_Uom,Rpt_Ref_Mark_Dir,Rpt_Ref_Mark_Nbr,Rpt_Sec_Street_Desc,Rpt_CrossingNumber,Wthr_Cond_ID,Light_Cond_ID,Entr_Road_ID,Road_Type_ID,Road_Algn_ID,Surf_Cond_ID,Traffic_Cntl_ID,Investigat_Notify_Time,Investigat_Notify_Meth,Investigat_Arrv_Time,Report_Date,Investigat_Comp_Fl,ORI_Number,Investigat_Agency_ID,Investigat_Area_ID,Investigat_District_ID,Investigat_Region_ID,Bridge_Detail_ID,Harm_Evnt_ID,Intrsct_Relat_ID,FHE_Collsn_ID,Obj_Struck_ID,Othr_Factr_ID,Road_Part_Adj_ID,Road_Cls_ID,Road_Relat_ID,Phys_Featr_1_ID,Phys_Featr_2_ID,Cnty_ID,City_ID,Latitude,Longitude,Hwy_Sys,Hwy_Nbr,Hwy_Sfx,Dfo,Street_Name,Street_Nbr,Control,Section,Milepoint,Ref_Mark_Nbr,Ref_Mark_Displ,Hwy_Sys_2,Hwy_Nbr_2,Hwy_Sfx_2,Street_Name_2,Street_Nbr_2,Control_2,Section_2,Milepoint_2,Txdot_Rptable_Fl,Onsys_Fl,Rural_Fl,Crash_Sev_ID,Pop_Group_ID,Located_Fl,Day_of_Week,Hwy_Dsgn_Lane_ID,Hwy_Dsgn_Hrt_ID,Hp_Shldr_Left,Hp_Shldr_Right,Hp_Median_Width,Base_Type_ID,Nbr_Of_Lane,Row_Width_Usual,Roadbed_Width,Surf_Width,Surf_Type_ID,Curb_Type_Left_ID,Curb_Type_Right_ID,Shldr_Type_Left_ID,Shldr_Width_Left,Shldr_Use_Left_ID,Shldr_Type_Right_ID,Shldr_Width_Right,Shldr_Use_Right_ID,Median_Type_ID,Median_Width,Rural_Urban_Type_ID,Func_Sys_ID,Adt_Curnt_Amt,Adt_Curnt_Year,Adt_Adj_Curnt_Amt,Pct_Single_Trk_Adt,Pct_Combo_Trk_Adt,Trk_Aadt_Pct,Curve_Type_ID,Curve_Lngth,Cd_Degr,Delta_Left_Right_ID,Dd_Degr,Feature_Crossed,Structure_Number,I_R_Min_Vert_Clear,Approach_Width,Bridge_Median_ID,Bridge_Loading_Type_ID,Bridge_Loading_In_1000_Lbs,Bridge_Srvc_Type_On_ID,Bridge_Srvc_Type_Under_ID,Culvert_Type_ID,Roadway_Width,Deck_Width,Bridge_Dir_Of_Traffic_ID,Bridge_Rte_Struct_Func_ID,Bridge_IR_Struct_Func_ID,CrossingNumber,RRCo,Poscrossing_ID,WDCode_ID,Standstop,Yield,Incap_Injry_Cnt,Nonincap_Injry_Cnt,Poss_Injry_Cnt,Non_Injry_Cnt,Unkn_Injry_Cnt,Tot_Injry_Cnt,Death_Cnt,MPO_ID,Investigat_Service_ID,Investigat_DA_ID,Investigator_Narrative
13367594,N,N,N,N,N,N,N,7/1/2013,12:15 AM,0081270013F,,101,208,N,Y,,,19,,,1,16000,,JOHN F KENNEDY,BLVD,N,N,40,N,N,CONCRETE,N,19,,,,3600,,GREENS,RD,,,,,,,11,3,98,,1,1,5,12:18 AM,DISPATCHED,12:20 AM,7/20/2013,Y,TXHPD0000,2469,14,172,104,8,2,2,22,64,38,1,5,1,21,21,101,208,29.951627,-95.33183309,,,,,JOHN F KENNEDY BLVD,,,,,,,,,,GREENS RD,,,,,Y,N,N,5,9,Y,MON,,,,,,,,,,,,,,,,,,,,,,,,,,,,,,,,,,,,,,,,,,,,,,,,,,,,,,,,0,0,0,3,0,0,0,15,,,
13367676,N,N,N,N,N,N,N,7/13/2013,2:30 AM,SAPD13150768,5340,15,379,N,Y,,,11,410,,1,7600,NW,410,LOOP,N,N,65,N,N,,N,19,,,,8800,W,MILITARY,DR,,,,,,,11,4,0,2,1,1,20,2:41 AM,DISPATCHED,2:26 AM,7/13/2013,Y,TXSPD0000,2473,,19,148,8,2,4,20,64,3,1,1,1,21,21,15,379,29.44025329,-98.64062318,IH,410,,9.283,IH0410,,521,4,9.417,9,0.163,,,,,,,,,Y,Y,N,3,9,Y,SAT,5,0,8,10,21,2,6,300,112,72,4,0,0,2,18,5,2,22,5,2,3,4,11,63247,2014,63247,2.9,1.9,4.7,1,648,0,2,25,,,,,,,,,,,,,,,,,,,,,,0,0,3,0,5,3,0,28,,,
13367698,N,N,N,N,N,N,N,7/20/2013,7:08 PM,13-16601,2 Unit Major Class C,57,218,N,Y,,,19,,,1,4000,N,BELT LINE,RD,N,N,45,N,N,3 LANE TWO WAY DIV/UNPROT,N,12,161,,,4800,N,GEORGE W BUSH,FWY,,,,,2 LANE TWO WAY DIV/PROT,,11,1,4,,2,1,9,7:09 PM,DISPATCHED,7:13 PM,7/21/2013,Y,TX0571500,1518,,,33,8,2,2,20,64,46,1,5,1,21,21,57,218,32.86075425,-96.99178252,,,,,N BELT LINE RD,4000,,,,,,,,,UNKNOWN,,,,,Y,N,N,3,8,Y,SAT,,,,,,,,,,,,,,,,,,,,,,,,,,,,,,,,,,,,,,,,,,,,,,,,,,,,,,,,0,0,2,2,0,2,0,282,,,
13367867,N,N,N,N,N,N,N,7/14/2013,9:27 PM,,,19,1584,Y,Y,33.4705,-94.40845,3,98,,1,,,NOT REPORTED,,N,N,70,N,N,,N,15,4011,,,,,NOT REPORTED,,,,,,,,11,3,0,1,2,1,11,9:34 PM,DPS COMMUNICATIONS,9:43 PM,7/15/2013,Y,TXDPS3100,10000,1,103,1,8,6,4,1,64,54,1,2,1,21,21,19,1584,33.39711585,-94.49101689,SH,98,,5.458,SH0098,,330,1,5.993,218,-0.437,,,,,,,,,Y,Y,Y,5,0,Y,SUN,2,0,8,8,0,2,2,70,44,28,4,0,0,3,8,5,3,8,5,0,0,1,7,2296,2014,2296,3.8,15.5,19.4,,,,,,,,,,,,,,,,,,,,,,,,,,,0,0,0,2,0,0,0,,,,
13367880,N,N,N,N,N,N,N,7/18/2013,5:30 PM,,,116,1681,Y,Y,32.99603,-96.24453,1,30,,1,,,NOT REPORTED,,N,N,75,N,N,,N,4,1565,,,,,NOT REPORTED,,,,,,,,11,1,0,2,1,1,11,5:31 PM,DISPATCH,5:42 PM,7/20/2013,Y,,10000,7,107,1,8,2,4,20,64,42,1,1,1,21,21,116,1681,33.00183603,-96.23485732,IH,30,,83.208,IH0030,,9,13,4.097,83,0.315,,,,,,,,,Y,Y,Y,5,0,Y,THU,5,0,5,10,65,9,4,305,78,48,6,0,0,2,10,5,2,20,5,2,55,1,1,38075,2014,38075,8.4,4.9,13.3,,,,,,,,,,,,,,,,,,,,,,,,,,,0,0,0,2,0,0,0,282,,,
13367920,N,N,N,N,N,N,N,7/20/2013,8:20 PM,0090489013Z,,101,208,N,Y,,,17,,,7,6425,S,GESSNER,DR,Y,N,-1,N,N,CONCRETE,N,19,,,,8700,,TOWN PARK,DR,,,,,,,11,1,0,,1,1,1,8:32 PM,DISPATCHED,8:34 PM,7/20/2013,Y,TXHPD0000,2469,52,106,54,8,2,4,42,64,12,7,9,5,33,21,101,208,,,,,,,S GESSNER DR,,,,,,,,,,,,,,,N,N,N,5,9,N,SAT,,,,,,,,,,,,,,,,,,,,,,,,,,,,,,,,,,,,,,,,,,,,,,,,,,,,,,,,0,0,0,3,0,0,0,,,,
13368215,N,N,N,N,N,N,N,7/8/2013,8:39 AM,172842A,,57,107,N,Y,,,2,75,,2,1948,N,CENRAL,EXPY,N,N,35,N,N,,N,19,,,,,,HALL,ST,,,,,,,11,1,0,2,1,1,5,8:40 AM,DISPATCHED,8:50 AM,7/8/2013,Y,TX0000006,2471,,,35,8,2,2,22,64,38,2,2,1,21,21,57,107,32.79883805,-96.79307335,US,75,,75.024,US0075,,47,7,14.228,270,0.63,,,,N HALL ST,,,,,Y,Y,N,3,9,Y,MON,5,0,10,10,24,3,8,220,136,96,5,0,0,2,20,5,2,20,5,2,4,4,12,229641,2014,229641,2.8,5.4,8.3,1,75,1,1,3,,,,,,,,,,,,,,,,,,,,,,0,0,1,5,0,1,0,282,,,
13368225,N,Y,N,N,N,N,N,7/11/2013,4:23 PM,2013A001732,29A,57,166,N,Y,32.86157,-96.65735,1,635,,1,13300,,LBJ,FWY,N,N,60,N,N,FLAT AND DRY,N,19,,,1,2100,W,NORTHWEST,HWY,,,,,FLAT AND DRY,,12,1,0,2,1,1,20,4:24 PM,DISPATCH,4:32 PM,7/11/2013,N,TX0571100,1344,,,89,8,2,4,21,64,30,1,1,1,21,21,57,166,32.86150442,-96.65739164,IH,635,,12.103,IH0635,,2374,2,12.104,11,0.33,,,,,,,,,Y,Y,N,5,8,Y,THU,5,1,10,12,28,2,8,320,140,96,5,0,0,2,20,5,2,24,5,2,8,4,11,164872,2014,164872,5.2,8.7,14,,,,,,,,,,,,,,,,,,,,,,,,,,,0,0,0,5,0,0,0,282,,,
13368317,N,N,N,N,N,N,N,7/4/2013,9:03 AM,13-020869,,240,254,N,Y,,,19,,,1,1400,,WASHINGTON,ST,N,N,30,N,N,,Y,19,,,1,1000,,JUAREZ,,,,,,,,11,1,2,,1,1,5,9:10 AM,DISPATCH MCT,9:10 AM,7/4/2013,Y,TX2400100,1644,,,59,8,2,1,10,64,54,1,5,1,21,21,240,254,27.50878539,-99.50937214,,,,,WASHINGTON ST,1399,,,,,,,,,JUAREZ AVE,,,,,Y,N,N,5,8,Y,THU,,,,,,,,,,,,,,,,,,,,,,,,,,,,,,,,,,,,,,,,,,,,,,,,,,,,,,,,0,0,0,2,0,0,0,205,,,
13368335,N,N,N,N,N,N,N,7/5/2013,9:20 PM,13-021032,,240,254,N,N,,,19,,,1,4800,,SANTA URSULA,AVE,N,N,45,N,N,PAVED ROAD,Y,19,,,1,900,W,CALTON,,,,,,PAVED ROAD,,11,4,2,2,1,1,21,9:14 PM,MCT DISPATCHED,9:16 PM,7/6/2013,Y,TX2400100,1644,,,54,8,2,1,24,64,54,1,1,1,21,21,240,254,27.5443044,-99.5030301,IH,35,,2.716,IH0035,,18,6,3.573,3,0.008,,,,W CALTON RD,,,,,N,Y,N,5,8,Y,FRI,5,0,9,10,20,2,6,300,112,72,4,0,0,2,18,5,2,20,5,2,2,4,11,60040,2014,60040,3.4,2.4,5.9,,,,,,,,,,,,,,,,,,,,,,,,,,,0,0,0,3,0,0,0,205,,,
13368421,N,N,N,N,N,N,N,7/8/2013,9:32 AM,13-070474,,243,459,N,Y,33.90909,-98.49066,8,287,,1,1000,,SCOTT,AVE,N,N,0,N,N,,Y,19,,,1,800,,10TH,ST,,,,,,,11,1,4,3,1,1,8,9:32 AM,DROVE UPON,9:32 AM,7/8/2013,Y,TX2430500,2426,,,,8,7,2,4,29,54,1,2,2,21,21,243,459,33.90998714,-98.49049902,BU,287,J,12.765,BU0287J,998,44,10,28.906,344,1.018,SS,447,,SS0447,,,,,Y,Y,N,0,8,Y,MON,2,0,10,10,0,9,4,100,60,40,6,1,1,2,10,2,2,10,2,0,0,3,14,5884,2014,5884,3.9,6.2,10.1,,,,,,,,,,,,,,,,,,,,,,,,,,,0,0,0,0,0,0,0,151,,,
13368502,N,N,N,N,N,N,N,7/6/2013,11:54 PM,13-070403,,243,459,N,Y,33.91515,-98.48632,19,,,1,100,,FLOOD,ST,N,N,30,N,N,CONCRETE ROADWAY,N,19,,,,700,,MARTIN LUTHER KING,BLVD,,,,,CONCRETE ROADWAY,,12,4,2,,1,1,20,11:58 PM,DISPATCHED,12:05 AM,7/7/2013,Y,TX2430500,2426,,,12,8,2,2,46,64,54,1,5,1,21,21,243,459,33.91519197,-98.48632961,,,,,FLOOD ST,101,,,,,,SH,240,,SH0240,,,,,Y,N,N,5,8,Y,SAT,,,,,,,,,,,,,,,,,,,,,,,,,,,,,,,,,,,,,,,,,,,,,,,,,,,,,,,,0,0,0,2,0,0,0,151,,,
13368594,N,N,N,N,N,N,N,7/5/2013,12:18 PM,13-186129,,71,136,N,Y,,,19,,,1,1900,,MONTWOOD DR EB,,N,N,35,Y,N,,N,19,,,,2100,N,SUNFIRE,DR,,,,,,,11,1,98,,1,1,1,12:20 PM,DISPATCHED,12:23 PM,7/5/2013,Y,TX0710200,1259,,,,8,2,3,10,64,49,1,5,1,32,21,71,136,31.7606674,-106.2622311,,,,,MONTWOOD DR,12361,,,,,,,,,,,,,,Y,N,N,3,9,Y,FRI,,,,,,,,,,,,,,,,,,,,,,,,,,,,,,,,,,,,,,,,,,,,,,,,,,,,,,,,0,0,1,2,0,1,0,66,,,
13368719,N,N,N,N,N,N,N,7/5/2013,4:22 PM,13-186200,,71,136,N,Y,,,1,10,,1,,,EXIT 11 MESA RAMP EB,,N,N,60,N,N,INTERSTATE-10,N,19,,,1,300,,THORN,AVE,,,,,PUBLIC ROADWAY,,11,1,0,,1,1,1,4:25 PM,DISPATCHED,4:41 PM,7/5/2013,Y,TX0710200,1259,,,134,8,2,4,20,64,42,1,1,1,21,21,71,136,,,IH,10,,,IH0010,,,,,,,,,,,,,,,Y,Y,N,5,9,N,FRI,,,,,,,,,,,,,,,,,,,,,,,,,,,,,,,,,,,,,,,,,,,,,,,,,,,,,,,,0,0,0,4,0,0,0,,,,
13368840,N,N,N,N,N,N,N,7/8/2013,3:09 PM,13-11969,,92,268,N,Y,,,3,300,,1,1800,,GILMER,RD,N,N,40,N,N,,N,11,281,,,,W,LOOP 281,,,,,,,,11,1,0,3,1,1,1,3:09 PM,DISPATCHED,3:23 PM,7/8/2013,Y,920500,1691,,,,8,2,3,14,64,14,1,2,1,32,21,92,268,32.52462265,-94.78222385,SH,300,,16.804,SH0300,,1385,2,6.17,284,-0.7,,,,,,,,,Y,Y,N,5,7,Y,MON,2,0,0,0,0,2,4,80,64,64,4,2,2,1,0,0,1,0,0,0,0,3,14,22112,2014,22112,2.9,7.1,10,,,,,,,,,,,,,,,,,,,,,,,,,,,0,0,0,3,0,0,0,361,,,
13368906,N,N,N,N,N,N,N,6/29/2013,11:32 PM,2013A001648,29C,57,166,N,Y,32.90399999,-96.64867,19,,,1,1000,S,GARLAND,AVE,N,N,10,N,N,PRIVATE PARK OFF S GARLAND AVE,N,19,,,1,1300,W,AVENUE F,,,,,,,,11,4,98,,7,1,1,11:32 PM,DISPATCHED,11:32 PM,6/29/2013,Y,TX0571100,1344,,,58,8,4,4,4,64,12,7,9,5,33,21,57,166,,,,,,,S GARLAND AVE,,,,,,,,,,,,,,,N,N,N,5,8,N,SAT,,,,,,,,,,,,,,,,,,,,,,,,,,,,,,,,,,,,,,,,,,,,,,,,,,,,,,,,0,0,0,3,0,0,0,,,,
13368967,N,N,N,N,N,N,N,7/4/2013,10:34 PM,2.01E+11,,233,112,N,N,,,19,,,1,90,S,BEDELL,AVE,N,N,25,N,N,,N,19,,,1,100,E,DE LA ROSA,ST,,,,,,,11,4,2,3,1,1,20,10:45 PM,DISPATCHED,10:48 PM,7/4/2013,Y,TX2330100,1191,,,,8,2,4,20,64,3,1,2,1,21,21,233,112,29.36536078,-100.88356,US,277,,394.502,US0277,96,299,1,1.224,550,0.344,,,,,,,,,Y,Y,N,3,6,Y,THU,2,0,4,6,0,2,4,100,70,60,4,0,0,2,4,5,2,6,5,0,0,2,14,15784,2014,15784,1.1,1.7,2.8,,,,,,,,,,,,,,,,,,,,,,,,,,,0,0,1,3,1,1,0,,,,
13369014,N,N,N,N,N,N,N,7/16/2013,10:35 AM,13AP004510,,220,23,N,Y,32.9131,-97.543,4,730,,1,1100,N,BOYD RD,HWY,N,N,40,N,N,,N,19,,,1,100,,STRIBLING,DR,,,,,,,12,1,0,3,1,1,11,10:35 AM,ON VIEW,10:35 AM,7/16/2013,Y,TX2200200,76,,53,37,8,2,2,22,64,38,1,3,1,21,21,220,23,32.91098951,-97.54354751,FM,730,,41.44,FM0730,,312,5,5.718,264,-0.282,,,,STRIBLING DR N,,,,,Y,Y,N,5,5,Y,TUE,2,0,12,2,0,3,4,130,86,72,4,1,1,2,12,5,2,2,5,0,0,4,16,20318,2014,20318,7.5,14,21.6,,,,,,,,,,,,,,,,,,,,,,,,,,,0,0,0,4,0,0,0,282,,,
13369378,N,N,N,N,N,N,N,7/21/2013,11:45 AM,0090734613L,,101,208,N,Y,,,19,,,1,5800,,RANCHESTER,DR,N,N,35,N,N,CONCRETE,N,19,,,,10200,,HARWIN,DR,,,,,,,11,1,0,,1,2,20,11:53 AM,DISPATCHED,12:00 PM,7/21/2013,Y,TXHPD0000,2469,16,128,21,8,2,4,30,64,54,1,5,1,21,21,101,208,29.7165485,-95.54869315,,,,,RANCHESTER DR,,,,,,,,,,,,,,,Y,N,N,5,9,Y,SUN,,,,,,,,,,,,,,,,,,,,,,,,,,,,,,,,,,,,,,,,,,,,,,,,,,,,,,,,0,0,0,6,0,0,0,15,,,
13369454,N,N,N,N,N,N,N,7/17/2013,12:58 PM,2013-35403,,94,389,N,Y,,,1,35,,1,16700,,NOT REPORTED,,N,N,70,Y,Y,,N,19,,,,5000,,SCHERTZ,PKWY,,,,,,,12,1,0,2,1,1,20,12:58 PM,RADIO,1:02 PM,7/17/2013,Y,TX0940200,2098,,,120,8,2,4,21,39,49,1,1,1,21,21,94,1312,29.59232982,-98.29162601,IH,35,,174.416,IH0035,,16,6,0.974,175,-0.159,,,,,,,,,Y,Y,N,3,4,Y,WED,5,0,12,10,46,9,6,350,116,72,4,0,0,2,24,5,2,20,5,,22,4,11,109483,2014,109483,3.4,11.2,14.6,,,,,,,,,,,,,,,,,,,,,,,,,,,0,0,2,0,0,2,0,28,,,
13369489,N,N,N,N,N,N,N,7/20/2013,11:40 AM,0090299613D,,101,208,N,Y,,,4,1093,,1,11900,,WESTHEIMER,RD,Y,N,5,N,N,PARKING LOT,N,19,,,,2600,S,KIRKWOOD,DR,,,,,,,12,1,98,,1,1,1,11:51 AM,DISPATCHER,12:07 PM,7/21/2013,Y,TXHPD0000,2469,18,128,21,8,2,4,40,64,12,7,9,5,33,21,101,208,,,FM,1093,,,FM1093,,,,,,,,,,,,,,,N,Y,N,5,9,N,SAT,,,,,,,,,,,,,,,,,,,,,,,,,,,,,,,,,,,,,,,,,,,,,,,,,,,,,,,,0,0,0,3,0,0,0,,,,
13369608,N,N,N,N,N,N,N,7/7/2013,1:20 PM,,,235,1800,Y,Y,28.68656,-97.04693,2,77,,1,,,NOT REPORTED,,N,N,75,N,N,,N,,,,,,,NOT REPORTED,,1,M,S,588,,,12,1,0,2,1,1,20,1:21 PM,DISPATCH,1:22 PM,7/7/2013,Y,,10000,91,92,1,8,9,4,1,64,54,1,2,4,21,21,235,1800,28.68049195,-97.04708153,US,77,,350.221,US0077,,371,1,7.27,588,1,,,,NOT REPORTED,,,,,Y,Y,Y,5,0,Y,SUN,3,0,6,10,80,2,4,250,82,48,4,0,0,2,12,5,2,20,5,3,68,1,2,16895,2014,16895,7.4,9.7,17.1,,,,,,,,,,,,,,,,,,,,,,,,,,,0,0,0,5,0,0,0,363,,,
13369616,N,N,N,N,N,N,N,7/20/2013,6:00 AM,,,95,1660,Y,Y,34.00077,-101.85395,1,27,,1,,,NOT REPORTED,,N,N,75,N,N,,N,,,,,,,NOT REPORTED,,400,F,S,34,,,11,3,0,2,1,1,11,6:45 AM,DISPATCHED,7:05 AM,7/22/2013,Y,,10000,12,17,1,8,7,4,1,20,3,1,1,2,21,21,95,1660,34.0095779,-101.8538595,IH,27,,34.089,IH0027,,67,6,12.764,34,-400,,,,NOT REPORTED,,,,,Y,Y,Y,5,0,Y,SAT,5,0,4,10,50,8,4,340,76,48,5,0,0,2,8,5,2,20,5,3,42,1,1,10376,2014,10376,7.4,15.8,23.2,,,,,,,,,,,,,,,,,,,,,,,,,,,0,0,0,1,0,0,0,,,,
13369805,N,N,N,N,N,N,N,7/19/2013,7:25 PM,0089979713C,FSGI,101,208,N,Y,,,2,59,,2,6200,S,SOUTHWEST SER N,FWY,N,N,45,N,N,LOCAL STREET,N,19,,,,3400,,FOUNTAIN VIEW,DR,,,,,,,11,1,0,,1,1,5,7:25 PM,WALK-IN,7:40 PM,7/22/2013,Y,TXHPD0000,2469,14,106,54,8,2,2,22,64,38,2,2,1,21,21,101,208,,,US,59,,,US0059,,,,,,,,,,FOUNTAIN VIEW DR,,,,,Y,Y,N,5,9,N,FRI,,,,,,,,,,,,,,,,,,,,,,,,,,,,,,,,,,,,,,,,,,,,,,,,,,,,,,,,0,0,0,2,0,0,0,,,,
13370088,N,N,N,N,N,N,N,7/13/2013,7:29 AM,2013-017369,,123,30,N,Y,,,19,,,1,100,,11TH,ST,Y,N,35,N,N,,N,19,,,1,2600,,SOUTH,,,,,,,,11,1,0,,1,1,20,7:30 AM,DISPATCH,7:35 AM,7/13/2013,N,TX1230100,104,,,,8,7,4,1,34,3,7,9,5,33,21,123,30,,,,,,,11TH ST,,,,,,,,,,,,,,,N,N,N,5,8,N,SAT,,,,,,,,,,,,,,,,,,,,,,,,,,,,,,,,,,,,,,,,,,,,,,,,,,,,,,,,0,0,0,1,0,0,0,,,,
13370108,N,N,N,N,N,N,N,7/15/2013,9:54 AM,2.01E+11,A/A,43,357,N,Y,,,19,,,1,3400,N,PLANO,RD,N,N,40,N,N,,Y,19,,,1,1200,E,RENNER,RD,,,,,,,2,1,4,,1,2,5,9:54 AM,DROVE UP ON,9:54 AM,7/15/2013,Y,TX0572000,2011,,7,349,8,2,1,34,64,54,1,5,1,21,21,43,357,32.99714421,-96.69963258,,,,,N PLANO RD,,,,,,,,,,E RENNER RD,,,,,Y,N,N,3,8,Y,MON,,,,,,,,,,,,,,,,,,,,,,,,,,,,,,,,,,,,,,,,,,,,,,,,,,,,,,,,0,0,1,2,0,1,0,282,,,
13370123,N,N,N,N,N,N,N,7/12/2013,11:54 AM,1300975,,57,376,N,Y,,,3,78,,1,6800,,NOT REPORTED,,N,N,45,N,N,,N,19,,,1,3900,,WILLIFORD,RD,,,,,,,11,1,0,2,1,1,1,11:57 AM,DISPATCHER,12:00 PM,7/12/2013,Y,TX0572100,2062,,41,75,8,2,3,20,64,46,1,2,1,32,21,57,376,32.98254014,-96.58569468,SH,78,,73.922,SH0078,,281,3,1.177,270,0.166,,,,,,,,,Y,Y,N,5,5,Y,FRI,3,0,0,0,15,3,6,120,72,72,5,1,1,1,0,0,1,0,0,1,15,4,14,28446,2014,28446,8.1,9.1,17.2,,,,,,,,,,,,,,,,,,,,,,,,,,,0,0,0,4,0,0,0,282,,,
13370367,N,N,N,N,N,N,N,7/8/2013,3:05 PM,13-01690,,101,447,N,Y,,,1,45,,1,20700,,IH 45,FWY,N,N,65,N,N,,N,19,,,1,,W,NASA,PKWY,,,,,,,12,1,0,2,2,1,20,3:09 PM,OFFICER,3:12 PM,7/8/2013,Y,TX1012500,2391,,,,8,2,4,20,64,9,1,1,1,21,21,101,447,29.52004989,-95.12413034,IH,45,,24.886,IH0045,,500,3,0.935,25,-0.144,,,,,,,,,Y,Y,N,5,5,Y,MON,5,0,12,12,50,9,6,300,124,72,5,0,0,2,24,5,2,24,5,2,26,4,11,117628,2014,117628,5.5,4.6,10.1,,,,,,,,,,,,,,,,,,,,,,,,,,,0,0,0,5,0,0,0,15,,,
13370461,N,N,N,N,N,N,N,6/26/2013,5:00 PM,13-10138,,226,1791,Y,Y,31.67836,-100.74263,2,87,,1,,N,NOT REPORTED,,N,N,70,N,N,,N,,,,,,,NOT REPORTED,,3.5,M,N,2034,,,11,1,98,2,1,1,3,5:22 PM,DISPATCH,5:39 PM,7/2/2013,N,TX2260000,2284,30,26,41,8,9,4,1,64,54,1,2,3,21,21,226,1791,31.67892185,-100.7425224,US,87,,411.131,US0087,16724,69,6,3.462,444,0.431,,,,NOT REPORTED,,,,,Y,Y,Y,5,0,Y,WED,3,0,6,10,77,2,4,220,80,48,4,0,0,2,12,5,2,20,5,3,65,1,2,7417,2014,7417,5.8,5.6,11.4,,,,,,,,,,,,,,,,,,,,,,,,,,,0,0,0,1,0,0,0,,,,
13370659,N,N,N,N,N,N,N,7/3/2013,4:56 PM,13070429,,57,289,N,N,,,19,,,1,1700,W,SCYENE,RD,N,N,45,N,N,,N,19,,,1,100,,GRAND JUNCTION,BLVD,,,,,,,11,1,0,3,1,1,20,4:56 PM,DISPATCH,4:56 PM,7/3/2013,Y,TX0571800,1774,,,44,8,7,4,1,21,35,1,2,2,21,21,57,289,32.76816455,-96.62458334,SH,352,,9.217,SH0352,,430,1,7.684,598,-0.576,,,,,,,,,Y,Y,N,3,8,Y,WED,0,0,2,2,2,8,7,180,88,84,5,1,2,2,2,5,2,2,5,4,0,4,14,20392,2014,20392,2.7,3.4,6.2,1,68,5,2,18,,,,,,,,,,,,,,,,,,,,,,0,0,1,4,0,1,0,282,,,
13370743,N,N,N,N,N,N,N,7/16/2013,4:56 PM,C13-01244,,14,236,N,Y,,,19,,,1,4100,,SHAWN,DR,N,N,30,N,N,ASPHALT,Y,19,,,1,4200,E,STAN SCHLUETER,LOOP,,,,,ASPHALT,,12,1,4,,1,2,8,4:56 PM,DISPATCHED,5:06 PM,7/17/2013,Y,TX0140400,1587,,18,85,8,2,2,20,64,54,1,3,1,21,21,14,236,31.07883462,-97.70094243,,,,,SHAWN DR,4101,,,,,,,,,E STAN SCHLUETER LOOP,,,,,Y,N,N,5,8,Y,TUE,,,,,,,,,,,,,,,,,,,,,,,,,,,,,,,,,,,,,,,,,,,,,,,,,,,,,,,,0,0,0,4,0,0,0,277,,,
13370769,N,N,N,N,N,N,N,7/17/2013,1:27 AM,13-49548,,105,383,N,Y,,,19,,,1,404,,DURANGO,ST,N,N,30,N,N,,N,19,,,,300,,LUCIANO FLORES,,,,,,,,11,4,0,,1,1,1,1:27 AM,DISPATCHED,1:30 AM,7/17/2013,Y,1050100,2084,,,,8,7,4,1,21,3,1,5,2,21,21,105,383,29.86474032,-97.93403193,,,,,DURANGO ST,404,,,,,,,,,,,,,,Y,N,N,0,7,Y,WED,,,,,,,,,,,,,,,,,,,,,,,,,,,,,,,,,,,,,,,,,,,,,,,,,,,,,,,,0,0,0,0,1,0,0,90,,,
13370945,N,N,N,N,N,N,N,7/14/2013,8:00 PM,13-3551,,84,255,N,Y,,,17,,,1,407,,MAGNOLIA ESTATES DRIVE,,Y,N,0,N,N,,N,19,,,1,400,,MAGNOLIA BLOSSOM,,,,,,,,11,1,98,,2,1,17,8:35 PM,DISPATCH,8:51 PM,7/15/2013,Y,TX0840800,1648,,,,8,4,4,5,64,54,7,9,5,1,21,84,255,,,,,,,MAGNOLIA ESTATES DRIVE,,,,,,,,,,,,,,,N,N,N,0,7,N,SUN,,,,,,,,,,,,,,,,,,,,,,,,,,,,,,,,,,,,,,,,,,,,,,,,,,,,,,,,0,0,0,0,1,0,0,,,,