Crash_ID,Crash_Fatal_Fl,Cmv_Involv_Fl,Schl_Bus_Fl,Rr_Relat_Fl,Medical_Advisory_Fl,Amend_Supp_Fl,Active_School_Zone_Fl,Crash_Date,Crash_Time,Case_ID,Local_Use,Rpt_CRIS_Cnty_ID,Rpt_City_ID,Rpt_Outside_City_Limit_Fl,Thousand_Damage_Fl,Rpt_Latitude,Rpt_Longitude,Rpt_Rdwy_Sys_ID,Rpt_Hwy_Num,Rpt_Hwy_Sfx,Rpt_Road_Part_ID,Rpt_Block_Num,Rpt_Street_Pfx,Rpt_Street_Name,Rpt_Street_Sfx,Private_Dr_Fl,Toll_Road_Fl,Crash_Speed_Limit,Road_Constr_Zone_Fl,Road_Constr_Zone_Wrkr_Fl,Rpt_Street_Desc,At_Intrsct_Fl,Rpt_Sec_Rdwy_Sys_ID,Rpt_Sec_Hwy_Num,Rpt_Sec_Hwy_Sfx,Rpt_Sec_Road_Part_ID,Rpt_Sec_Block_Num,Rpt_Sec_Street_Pfx,Rpt_Sec_Street_Name,Rpt_Sec_Street_Sfx,Rpt_Ref_Mark_Offset_Amt,Rpt_Ref_Mark_Dist_Uom,Rpt_Ref_Mark_Dir,Rpt_Ref_Mark_Nbr,Rpt_Sec_Street_Desc,Rpt_CrossingNumber,Wthr_Cond_ID,Light_Cond_ID,Entr_Road_ID,Road_Type_ID,Road_Algn_ID,Surf_Cond_ID,Traffic_Cntl_ID,Investigat_Notify_Time,Investigat_Notify_Meth,Investigat_Arrv_Time,Report_Date,Investigat_Comp_Fl,ORI_Number,Investigat_Agency_ID,Investigat_Area_ID,Investigat_District_ID,Investigat_Region_ID,Bridge_Detail_ID,Harm_Evnt_ID,Intrsct_Relat_ID,FHE_Collsn_ID,Obj_Struck_ID,Othr_Factr_ID,Road_Part_Adj_ID,Road_Cls_ID,Road_Relat_ID,Phys_Featr_1_ID,Phys_Featr_2_ID,Cnty_ID,City_ID,Latitude,Longitude,Hwy_Sys,Hwy_Nbr,Hwy_Sfx,Dfo,Street_Name,Street_Nbr,Control,Section,Milepoint,Ref_Mark_Nbr,Ref_Mark_Displ,Hwy_Sys_2,Hwy_Nbr_2,Hwy_Sfx_2,Street_Name_2,Street_Nbr_2,Control_2,Section_2,Milepoint_2,Txdot_Rptable_Fl,Onsys_Fl,Rural_Fl,Crash_Sev_ID,Pop_Group_ID,Located_Fl,Day_of_Week,Hwy_Dsgn_Lane_ID,Hwy_Dsgn_Hrt_ID,Hp_Shldr_Left,Hp_Shldr_Right,Hp_Median_Width,Base_Type_ID,Nbr_Of_Lane,Row_Width_Usual,Roadbed_Width,Surf_Width,Surf_Type_ID,Curb_Type_Left_ID,Curb_Type_Right_ID,Shldr_Type_Left_ID,Shldr_Width_Left,Shldr_Use_Left_ID,Shldr_Type_Right_ID,Shldr_Width_Right,Shldr_Use_Right_ID,Median_Type_ID,Median_Width,Rural_Urban_Type_ID,Func_Sys_ID,Adt_Curnt_Amt,Adt_Curnt_Year,Adt_Adj_Curnt_Amt,Pct_Single_Trk_Adt,Pct_Combo_Trk_Adt,Trk_Aadt_Pct,Curve_Type_ID,Curve_Lngth,Cd_Degr,Delta_Left_Right_ID,Dd_Degr,Feature_Crossed,Structure_Number,I_R_Min_Vert_Clear,Approach_Width,Bridge_Median_ID,Bridge_Loading_Type_ID,Bridge_Loading_In_1000_Lbs,Bridge_Srvc_Type_On_ID,Bridge_Srvc_Type_Under_ID,Culvert_Type_ID,Roadway_Width,Deck_Width,Bridge_Dir_Of_Traffic_ID,Bridge_Rte_Struct_Func_ID,Bridge_IR_Struct_Func_ID,CrossingNumber,RRCo,Poscrossing_ID,WDCode_ID,Standstop,Yield,Incap_Injry_Cnt,Nonincap_Injry_Cnt,Poss_Injry_Cnt,Non_Injry_Cnt,Unkn_Injry_Cnt,Tot_Injry_Cnt,Death_Cnt,MPO_ID,Investigat_Service_ID,Investigat_DA_ID,Investigator_Narrative
13387526,N,N,N,N,N,N,N,7/20/2013,2:21 AM,2013A001815,29A,57,166,N,Y,32.8859,-96.68306,19,,,1,2600,S,JUPITER,RD,N,N,45,N,N,,N,19,,,1,3500,,GRADER,DR,,,,,,,11,4,0,,1,1,1,2:24 AM,DISPATCHED,2:28 AM,7/20/2013,Y,TX0571100,1344,,,,8,7,2,1,39,3,1,5,4,21,21,57,107,32.8858694,-96.68297259,,,,,S JUPITER RD,13892,,,,,,,,,GRADER ST,,,,,Y,N,N,5,9,Y,SAT,,,,,,,,,,,,,,,,,,,,,,,,,,,,,,,,,,,,,,,,,,,,,,,,,,,,,,,,0,0,0,1,0,0,0,282,,,
13387572,N,N,N,N,N,N,N,7/24/2013,4:02 PM,20133555,,147,290,N,Y,,,4,39,,1,800,S,MCKINNEY,ST,N,N,30,N,N,CITY STREET,N,19,,,,,E,SMITH,ST,,,,,CITY STREET,,11,1,2,1,1,1,11,4:03 PM,DISPATCH,4:06 PM,7/24/2013,Y,TX1470300,1777,,,,8,2,2,30,64,3,1,3,1,21,21,147,290,31.66988819,-96.48158698,FM,39,,1.062,FM0039,993,643,3,2.12,344,-0.993,,,,E SMITH ST,,,,,Y,Y,N,5,4,Y,WED,2,0,1,1,0,2,2,80,26,24,4,0,0,3,1,5,3,1,5,0,0,2,16,2366,2014,2366,2.1,4.9,7,,,,,,,,,,,,,,,,,,,,,,,,,,,0,0,0,2,0,0,0,,,,
13387584,N,N,N,N,N,N,N,7/30/2013,8:00 AM,13-0492,,15,852,N,Y,,,19,,,7,15675,,SAN PEDRO,,Y,N,0,N,N,,N,19,,,7,15675,,SAN PEDRO,,,,,,SAN PEDRO,,11,1,0,,7,2,1,1:30 PM,CITY CELL PHONE,1:30 PM,7/30/2013,Y,TX0150700,1459,,,12,8,7,4,1,34,5,7,9,5,33,21,15,852,,,,,,,SAN PEDRO,,,,,,,,,,,,,,,N,N,Y,5,1,N,TUE,,,,,,,,,,,,,,,,,,,,,,,,,,,,,,,,,,,,,,,,,,,,,,,,,,,,,,,,0,0,0,2,0,0,0,,,,
13387637,N,N,N,N,N,N,N,7/10/2013,6:20 AM,1302383,,15,93,N,Y,,,11,1604,,1,8500,,LOOP 1604,,N,N,60,N,N,,N,19,,,1,10000,,ROCKET,LN,,,,,,,11,2,0,2,1,1,5,6:23 AM,RADIO,6:28 AM,7/10/2013,Y,TX0150500,1105,,,27,8,2,2,22,64,38,1,2,1,21,21,15,93,29.51473218,-98.28891701,SL,1604,,55.439,SL1604,,2452,3,42.408,544,-0.353,,,,ROCKET LN,,,,,Y,Y,N,2,5,Y,WED,3,0,6,6,65,2,4,290,74,48,4,0,0,2,10,5,2,16,5,3,55,4,12,30073,2014,30073,2.8,2.3,5.1,,,,,,,,,,,,,,,,,,,,,,,,,,,0,1,0,2,0,1,0,28,,,
13387716,N,N,N,N,N,N,N,7/12/2013,4:15 PM,130039011,,220,19,N,Y,,,19,,,1,1900,E,PARK ROW,DR,N,N,40,N,N,,N,19,,,,1500,,NEW YORK,AVE,,,,,,,11,1,0,,1,1,20,4:05 PM,DISPATCH,4:07 PM,7/12/2013,Y,TX2200100,59,,6,142,8,2,3,22,64,42,1,5,1,32,21,220,19,32.72090289,-97.07965121,,,,,E PARK ROW DR,1907,,,,,,,,,,,,,,Y,N,N,2,9,Y,FRI,,,,,,,,,,,,,,,,,,,,,,,,,,,,,,,,,,,,,,,,,,,,,,,,,,,,,,,,0,2,0,2,0,2,0,282,,,
13387838,N,N,N,N,N,N,N,7/23/2013,2:48 PM,130041060,,220,19,N,Y,,,19,,,1,900,N,CENTER,ST,N,N,35,N,N,SOUTH-BOUND,N,19,,,,100,,SLAUGHTER,ST,,,,,,,11,1,0,,1,1,20,2:52 PM,DISPATCH,2:57 PM,7/23/2013,Y,TX2200100,59,,8,227,8,2,4,21,64,9,1,5,1,21,21,220,19,32.74814133,-97.10681118,,,,,N CENTER ST,907,,,,,,,,,,,,,,Y,N,N,5,9,Y,TUE,,,,,,,,,,,,,,,,,,,,,,,,,,,,,,,,,,,,,,,,,,,,,,,,,,,,,,,,0,0,0,4,0,0,0,282,,,
13387916,N,N,N,N,N,N,N,7/30/2013,8:43 PM,2013-41098,,108,132,N,Y,,,4,2061,,1,1700,N,MCCOLL,RD,N,N,55,N,N,,N,19,,,,2800,,NASSAU,ST,,,,,,,11,4,0,3,1,1,20,8:44 PM,RADIO DISPATCHED,8:48 PM,7/30/2013,Y,TX1080400,1248,,,35,8,2,1,10,64,54,1,3,1,21,21,108,132,26.32338577,-98.19114637,FM,2061,,1.281,FM2061,1789,1939,1,1.281,716,-0.705,,,,W NASSAU ST,,,,,Y,Y,N,5,7,Y,TUE,2,0,0,0,0,2,4,80,65,62,4,2,2,1,0,0,1,0,0,0,0,4,14,7482,2014,7482,1.3,0.6,1.8,,,,,,,,,,,,,,,,,,,,,,,,,,,0,0,0,3,0,0,0,230,,,
13387999,N,N,N,N,N,N,N,6/11/2013,9:29 AM,13-0392,,101,1326,N,Y,,,3,146,,3,3300,N,146,HWY,N,N,45,N,N,HIGHWAY 146 NB ACCESS RAMP,N,19,,,1,1400,W,SHOREACRES,BLVD,,,,,,,11,1,0,2,1,1,1,9:20 AM,DISPATCH,9:20 AM,6/11/2013,Y,TX1011800,2126,,,,8,7,4,1,21,3,3,2,2,21,21,101,1326,29.62037552,-95.03413941,SH,146,,92.017,SH0146,,389,5,3.303,496,0.512,,,,,,,,,Y,Y,Y,2,1,Y,TUE,3,0,6,10,28,3,4,350,104,48,5,1,0,2,12,5,2,20,5,1,16,4,12,27311,2014,27311,5.9,2.7,8.6,,,,,,,,,,,,,,,,,,,,,,,,,,,0,1,0,0,0,1,0,15,,,
13388106,N,N,N,N,N,N,N,7/22/2013,4:45 PM,13-133640,,43,336,N,Y,,,2,75,,1,1800,,NOT REPORTED,,N,N,60,N,N,,N,19,,,1,500,,18TH,ST,,,,,,,11,1,0,2,1,1,20,4:49 PM,DISPATCH,5:00 PM,7/22/2013,Y,TX0430600,1938,59,155,150,8,2,2,20,64,45,1,2,1,21,21,43,336,33.0247712,-96.70993232,US,75,,58.071,US0075,,47,6,11.925,252,-0.201,,,,18TH ST,,,,,Y,Y,N,5,9,Y,MON,5,0,12,10,28,3,8,300,140,96,5,0,0,2,24,5,2,20,5,2,4,4,12,218575,2014,218575,2.8,5.4,8.3,1,718,1,1,37,,,,,,,,,,,,,,,,,,,,,,0,0,0,4,0,0,0,282,,,
13388121,N,N,N,N,N,N,N,7/20/2013,5:10 PM,13-132606,,43,336,N,Y,,,19,,,1,900,W,SPRING CREEK,PKWY,N,N,40,N,N,,N,19,,,,,,ALMA,DR,,,,,,,12,1,0,,1,1,5,5:12 PM,RADIO DISPATCHED,5:20 PM,7/20/2013,Y,TX0430600,1938,,155,227,8,2,2,22,64,38,1,5,1,21,21,43,336,33.05635554,-96.71025068,,,,,W SPRING CREEK PKWY,,,,,,,,,,ALMA DR,,,,,Y,N,N,2,9,Y,SAT,,,,,,,,,,,,,,,,,,,,,,,,,,,,,,,,,,,,,,,,,,,,,,,,,,,,,,,,0,1,1,1,0,2,0,282,,,
13388150,N,N,N,N,N,N,N,7/23/2013,4:01 PM,2013-07356,,71,1635,Y,Y,,,19,,,1,8000,,DE ALVA,DR,N,N,30,N,N,TWO LANE ROADWAY,N,19,,,1,1000,,WESTWAY,BLVD,,,,,FOUR LANE ROADWAY,,12,1,0,,1,1,8,4:01 PM,ROLLED UP ON MVA,4:01 PM,7/23/2013,Y,TX0710000,1260,,,,8,2,2,35,64,38,1,5,1,21,21,71,1635,31.95795755,-106.57634,,,,,DE ALVA DR,8100,,,,,,,,,WESTWAY BLVD,,,,,Y,N,Y,5,0,Y,TUE,,,,,,,,,,,,,,,,,,,,,,,,,,,,,,,,,,,,,,,,,,,,,,,,,,,,,,,,0,0,0,4,0,0,0,66,,,
13388180,N,N,N,N,N,N,N,7/14/2013,4:22 PM,13-002725,,14,36,N,Y,,,1,35,,1,200,S,IH 35,,N,N,65,Y,N,,N,19,,,4,100,,CENTRAL,AVE,15,F,S,294,,,2,1,0,2,1,2,11,4:37 PM,DISPATCH,4:46 PM,7/14/2013,Y,TX0140200,113,,,,8,2,2,20,64,49,1,1,1,21,21,14,36,31.05470252,-97.4519622,IH,35,,293.52,IH0035,,15,14,16.156,294,-15,FM,93,,FM0093,,,,,Y,Y,N,5,5,Y,SUN,5,0,10,12,40,2,6,310,120,72,4,0,0,2,20,5,2,24,5,2,20,3,11,87203,2014,87203,3.7,16.1,19.8,,,,,,,,,,,,,,,,,,,,,,,,,,,0,0,0,3,0,0,0,277,,,
13388816,N,N,N,N,N,N,N,7/30/2013,7:02 PM,,,176,1741,Y,Y,30.72737,-93.72829,4,363,,1,,,NOT REPORTED,,N,N,65,N,N,,N,15,4044,,,,,NOT REPORTED,,,,,,,,11,1,0,1,4,1,11,7:06 PM,LUFKIN DPS DISPATCH,8:17 PM,7/30/2013,Y,,10000,15,58,1,8,2,1,14,64,54,1,3,1,21,21,176,1741,30.72720254,-93.72825139,FM,363,,10.729,FM0363,4645,627,3,9.61,778,-0.333,FM,2626,,FM2626,,,,,Y,Y,Y,5,0,Y,TUE,2,0,2,2,0,2,2,100,28,24,4,0,0,5,2,5,5,2,5,0,0,1,7,1284,2014,1284,4.6,28.4,33.1,1,110,3,2,17,,,,,,,,,,,,,,,,,,,,,,0,0,0,1,1,0,0,,,,
13388834,N,N,N,N,N,N,N,7/25/2013,7:40 PM,196865,,108,1673,Y,Y,26.1907,-98.06585,15,,,1,,,REBECCA,ST,N,N,30,N,N,,N,15,,,,,,HUTTO,RD,,,,,,,11,1,0,,1,1,1,7:45 PM,DPS WESLACO,7:57 PM,8/2/2013,Y,,10000,19,127,1,8,2,3,11,64,14,1,4,1,32,21,108,1673,26.19085162,-98.06625797,,,,,REBECCA DR,2160,,,,,,,,,,,,,,Y,N,Y,2,0,Y,THU,,,,,,,,,,,,,,,,,,,,,,,,,,,,,,,,,,,,,,,,,,,,,,,,,,,,,,,,0,1,0,2,0,1,0,230,,,
13388942,N,N,N,N,N,N,N,7/31/2013,12:10 AM,SAPD13169341,7120,15,379,N,Y,,,11,1604,,2,11200,W,LOOP 1604N,,N,N,-1,N,N,,N,19,,,,9800,,BRAUN,RD,,,,,,,11,6,0,2,1,1,9,2:00 PM,DISPATCHED,2:05 PM,8/5/2013,N,TXSPD0000,2473,,29,131,8,2,1,14,64,54,2,2,1,21,21,15,379,29.53861742,-98.68092384,SL,1604,,26.713,SL1604,,2452,1,26.351,514,0.675,,,,BRAUN RD,,,,,Y,Y,N,5,9,Y,WED,4,0,4,10,85,2,4,340,76,48,4,0,0,2,8,5,2,20,5,3,77,4,12,62928,2014,62928,4,10.4,14.5,1,255,1,2,20,,,,,,,,,,,,,,,,,,,,,,0,0,0,1,1,0,0,28,,,
13389121,N,N,N,N,N,N,N,8/1/2013,11:15 PM,0096249113K,FSGI,101,208,N,Y,,,1,45,,1,7200,N,NORTH,FWY,N,N,60,N,N,,N,19,,,,300,W,RITTENHOUSE,,,,,,,,11,4,0,,1,1,20,11:20 PM,ON VIEW,11:20 PM,8/2/2013,Y,TXHPD0000,2469,16,152,59,8,2,4,21,64,54,1,1,1,21,21,101,208,,,IH,45,,,IH0045,,,,,,,,,,,,,,,Y,Y,N,3,9,N,THU,,,,,,,,,,,,,,,,,,,,,,,,,,,,,,,,,,,,,,,,,,,,,,,,,,,,,,,,0,0,1,0,2,1,0,,,,
13389246,N,N,N,N,N,N,N,7/13/2013,11:00 AM,2013-070025,,71,16,N,Y,,,19,,,2,8800,N,DESERT,BLVD,N,N,55,N,N,BLACK TOP,N,19,,,,,,VALLEY CHILE,,,,,,,,11,1,0,,3,1,1,11:00 AM,DISPATCHED,11:07 AM,7/13/2013,Y,TX0710100,47,,,,8,7,2,1,32,54,2,5,3,21,21,71,16,31.98375484,-106.5832203,,,,,S DESERT BLVD,8800,,,,,,,,,UNKNOWN,,,,,Y,N,N,5,4,Y,SAT,,,,,,,,,,,,,,,,,,,,,,,,,,,,,,,,,,,,,,,,,,,,,,,,,,,,,,,,0,0,0,2,0,0,0,66,,,
13389314,N,N,N,N,N,N,N,6/8/2013,4:16 PM,131591198,,227,22,N,Y,,,1,35,,1,9400,S,SVRD NB,,N,N,50,N,N,,N,19,,,,,,OAK HILL,LN,,,,,,,11,1,0,2,3,1,1,4:32 PM,DISPATCH,4:41 PM,6/8/2013,Y,TX2270100,74,167,99,130,8,2,4,22,64,42,1,1,1,21,21,227,22,30.16299272,-97.78836974,IH,35,,226.129,IH0035,,16,1,4.62,227,-0.375,,,,,,,,,Y,Y,N,5,9,Y,SAT,5,0,3,10,36,2,6,300,98,72,4,0,0,2,6,5,2,20,5,,30,4,11,116132,2014,116132,4.9,8,13,1,586,0,2,15,,,,,,,,,,,,,,,,,,,,,,0,0,0,4,0,0,0,90,,,
13389366,N,N,N,N,N,N,N,6/9/2013,12:20 AM,13-1600047,LTS,227,22,N,N,,,19,,,1,6500,,ED BLUESTEIN SB,BLVD,N,N,0,N,N,,Y,19,,,,,,LOYOLA,LN,,,,,,,11,4,4,2,1,1,5,12:20 AM,DISPATCH,12:23 AM,6/9/2013,Y,TX2270100,74,,,92,8,2,2,22,64,38,1,2,1,21,21,227,22,30.30262683,-97.66094159,US,183,,322.831,US0183,,151,9,12.126,518,-0.166,FM,969,,FM0969,,,,,Y,Y,N,2,9,Y,SUN,3,0,6,10,52,2,4,200,80,48,4,0,0,2,16,5,2,16,5,3,36,4,14,63177,2014,63177,2.9,0.8,3.7,1,460,1,2,24,,,,,,,,,,,,,,,,,,,,,,0,2,0,0,1,2,0,90,,,
13389385,N,N,N,N,N,N,N,6/2/2013,2:15 PM,131531045,,227,22,N,Y,,,2,290,,1,7300,W,EB,,N,N,55,N,N,,N,19,,,,,,CONVICT HILL,RD,,,,,,,11,1,0,2,1,1,1,2:18 PM,DISPATCHED,2:53 PM,6/2/2013,Y,TX2270100,74,,,195,8,2,4,22,64,42,1,2,1,21,21,227,22,30.230878,-97.87915148,US,290,,109.285,US0290,,113,8,5.938,570,-0.063,,,,,,,,,Y,Y,N,3,9,Y,SUN,3,0,0,0,35,2,6,160,82,68,4,0,0,1,10,0,1,10,0,3,25,4,14,35009,2014,35009,3.1,2.8,5.9,,,,,,,,,,,,,,,,,,,,,,,,,,,0,0,1,1,0,1,0,90,,,
13389496,N,Y,N,N,N,N,N,6/13/2013,9:33 AM,131640528,,227,22,N,Y,,,19,,,1,700,W,29TH,ST,N,N,0,N,N,,N,19,,,,,,WEST,AVE,,,,,,,12,1,2,,1,1,11,9:33 AM,DISPATCHED,9:33 AM,6/13/2013,Y,TX2270100,74,,,125,8,2,2,20,64,46,1,5,1,21,21,227,22,30.29641565,-97.7449024,,,,,W 29TH ST,718,,,,,,,,,WEST AVE,,,,,Y,N,N,5,9,Y,THU,,,,,,,,,,,,,,,,,,,,,,,,,,,,,,,,,,,,,,,,,,,,,,,,,,,,,,,,0,0,0,2,0,0,0,90,,,
13389737,N,N,N,N,N,Y,N,5/28/2013,8:05 PM,13-148281,,71,136,N,N,,,19,,,1,3600,,LA CUESTA,DR,N,N,30,N,N,2 LANES UNMARKED,N,19,,,1,,,TURNER,,,,,,,,11,1,0,,1,1,1,8:06 PM,DISPATCHED,8:17 PM,5/29/2013,N,TX0710200,1259,,,135,8,1,4,1,64,54,1,5,1,21,21,71,136,31.79816705,-106.2845923,,,,,LA CUESTA DR,3602,,,,,,,,,,,,,,Y,N,N,3,9,Y,TUE,,,,,,,,,,,,,,,,,,,,,,,,,,,,,,,,,,,,,,,,,,,,,,,,,,,,,,,,0,0,1,0,1,1,0,66,,,
13389906,N,N,N,N,N,N,N,7/19/2013,4:50 PM,1300012372,,101,223,N,Y,,,2,290,,1,16300,,NORTHWEST,FWY,N,N,65,N,N,FREEWAY,N,4,529,,1,10800,,529,,,,,,PUBLIC ROADWAY,,2,1,0,2,1,2,20,4:53 PM,DISPATCHED,4:56 PM,7/19/2013,Y,10157,1537,241,2,94,8,2,4,20,64,3,1,2,1,21,21,101,223,29.87981791,-95.56933639,US,290,,265.268,US0290,,50,8,24.214,730,0.355,,,,,,,,,Y,Y,N,5,4,Y,FRI,5,1,8,5,40,3,6,330,104,72,5,0,0,2,16,5,2,10,5,3,24,4,12,160487,2014,160487,5.1,7.4,12.4,,,,,,,,,,,,,,,,,,,,,,,,,,,0,0,0,2,0,0,0,15,,,
13390091,N,N,N,N,N,N,N,6/29/2013,2:20 AM,0080515313Y,,101,208,N,Y,,,19,,,1,2700,,CRAWFORD,ST,N,N,30,N,N,CONCRETE,N,19,,,,1600,N,DREW,,,,,,,,11,3,0,,1,1,1,9:45 AM,DISPATCHED,9:50 AM,6/29/2013,Y,TXHPD0000,2469,6,113,29,8,4,4,1,64,54,1,5,1,21,21,101,208,29.74122125,-95.36974517,,,,,CRAWFORD ST,2759,,,,,,,,,,,,,,Y,N,N,5,9,Y,SAT,,,,,,,,,,,,,,,,,,,,,,,,,,,,,,,,,,,,,,,,,,,,,,,,,,,,,,,,0,0,0,1,0,0,0,15,,,
13390246,N,N,N,N,N,N,N,7/29/2013,7:53 AM,2013-18302,,101,325,N,Y,,,19,,,1,2300,,BURKE,RD,N,N,35,N,N,,N,19,,,1,2100,,CHERRYBROOK,RD,,,,,,,11,1,0,,4,1,1,8:02 AM,DISPATCHED,8:06 AM,7/29/2013,Y,TX1011500,1912,,,132,8,4,4,1,64,54,1,5,2,21,21,101,325,29.67690058,-95.18382956,,,,,BURKE RD,2327,,,,,,,,,,,,,,Y,N,N,5,8,Y,MON,,,,,,,,,,,,,,,,,,,,,,,,,,,,,,,,,,,,,,,,,,,,,,,,,,,,,,,,0,0,0,1,0,0,0,15,,,
13390355,N,N,N,N,N,N,N,6/6/2013,2:40 PM,2013-06-00119,,214,362,N,Y,,,2,83,,1,5100,E,U S HWY 83,HWY,N,N,45,N,N,,N,19,,,,100,N,SANCHEZ,DR,,,,,,,11,1,2,1,1,1,1,2:40 PM,RADIO,2:46 PM,6/6/2013,Y,TX2140200,2019,,,,8,2,4,21,64,9,1,2,1,21,21,214,362,26.358555,-98.78076479,US,83,,794.518,US0083,5094,39,1,32.849,824,0.716,,,,,,,,,Y,Y,N,5,5,Y,THU,2,0,6,6,0,2,2,120,36,24,4,0,0,2,6,5,2,6,5,0,0,2,14,31126,2014,31126,5,4.8,9.8,,,,,,,,,,,,,,,,,,,,,,,,,,,0,0,0,3,0,0,0,,,,
13390370,N,N,N,N,N,N,N,6/29/2013,9:24 PM,13A-06-0691,,24,146,N,N,,,3,285,,1,100,W,W RICE,ST,N,N,30,N,N,SH 285,Y,19,,,1,100,S,CALDWELL,ST,,,,,,,11,4,0,3,1,1,1,9:23 PM,RADIO,9:24 PM,6/29/2013,Y,TX0240100,1287,,101,135,8,2,1,13,64,54,1,2,1,21,21,24,146,27.22685333,-98.14532678,SH,285,,34.405,SH0285,198,482,3,24.271,520,0.266,,,,S CALDWELL ST,,,,,N,Y,Y,5,3,Y,SAT,2,0,8,8,0,2,4,100,63,47,4,1,1,2,8,2,2,8,2,0,0,1,6,6119,2014,6119,3.3,6.2,9.4,,,,,,,,,,,,,,,,,,,,,,,,,,,0,0,0,2,0,0,0,,,,
13390378,N,N,N,N,N,Y,N,7/11/2013,1:30 PM,13A-07-699,,24,146,N,Y,,,19,,,1,200,S,ST MARYS,ST,N,N,30,N,N,,N,8,,,7,200,E,MILLER,ST,,,,,200 W. ALLEN,,11,1,0,3,1,1,8,1:20 PM,RADIO,1:22 PM,7/11/2013,Y,TX0240100,1287,,101,135,8,2,2,20,64,36,1,2,1,21,21,24,146,27.22604994,-98.14431223,BU,281,T,0.957,BU0281T,206,255,4,2.563,710,0.546,,,,W MILLER ST,,,,,Y,Y,Y,5,3,Y,THU,2,0,8,8,0,9,4,80,63,47,6,1,1,2,8,2,2,8,2,0,0,1,2,7845,2014,7845,5,37.1,42.1,,,,,,,,,,,,,,,,,,,,,,,,,,,0,0,0,2,0,0,0,,,,
13390424,N,N,N,N,N,N,N,7/19/2013,8:40 AM,C1305344,,178,97,N,Y,,,19,,,1,300,,HAROLDSON,DR,N,N,30,N,N,,N,19,,,1,5400,,KENTNER,ST,,,,,,,11,1,0,,1,1,1,8:43 AM,DISPATCHED,8:56 AM,7/19/2013,Y,TX1780200,1115,,,12,8,4,4,1,64,7,1,5,1,21,21,178,97,27.72204431,-97.34795152,,,,,HAROLDSON DR,383,,,,,,,,,,,,,,Y,N,N,5,9,Y,FRI,,,,,,,,,,,,,,,,,,,,,,,,,,,,,,,,,,,,,,,,,,,,,,,,,,,,,,,,0,0,0,2,0,0,0,96,,,
13390653,N,N,N,N,N,N,N,7/27/2013,7:38 AM,,,187,1752,Y,Y,31.10257,-94.81215,2,59,,1,,,NOT REPORTED,,N,N,75,N,N,,N,4,357,,,,,NOT REPORTED,,,,,,,,2,3,0,2,2,2,11,7:43 AM,DISPATCH,8:15 AM,8/5/2013,N,,10000,1,58,1,8,7,4,1,32,1,1,2,2,21,21,187,1752,31.09700409,-94.8135848,US,59,,201.133,US0059,,176,4,2.056,406,0.056,,,,,,,,,Y,Y,Y,0,0,Y,SAT,3,0,4,10,66,9,4,220,76,48,6,0,0,2,8,5,2,20,5,3,58,1,2,17065,2014,17065,3,27.2,30.2,1,205,1,2,13,,,,,,,,,,,,,,,,,,,,,,0,0,0,0,1,0,0,,,,
13390709,N,N,N,N,N,N,N,7/26/2013,9:50 PM,T13-6924,,19,427,N,Y,,,3,93,,1,1000,,SUMMERHILL,RD,N,N,45,N,N,,N,19,,,,1700,W,10TH,ST,,,,,,,2,4,2,3,1,3,20,9:55 PM,RADIO DISPATCH,10:00 PM,7/26/2013,Y,TX0190500,2230,319,19,23,8,2,2,22,64,42,1,2,1,21,21,19,427,33.42614447,-94.06132711,SH,93,,2.861,SH0093,987,945,1,9.327,212,0.83,,,,W 10TH ST,,,,,Y,Y,N,5,6,Y,FRI,2,0,0,0,0,8,4,100,84,48,4,2,2,1,0,0,1,0,0,0,0,3,14,9332,2014,9332,3.3,3.1,6.5,1,52,10,1,27,,,,,,,,,,,,,,,,,,,,,,0,0,0,1,1,0,0,211,,,
13390807,N,Y,N,N,N,N,N,8/1/2013,4:30 PM,,,104,1669,Y,Y,33.08077,-99.98209,3,283,,1,,,NOT REPORTED,,N,N,75,N,N,,N,15,490,,,,,NOT REPORTED,,,,,,,,11,1,0,1,1,1,12,4:54 PM,DISPATCHED,5:02 PM,8/1/2013,Y,,10000,15,1,1,8,9,4,1,64,54,1,2,3,21,21,104,1669,33.08087003,-99.98245101,SH,283,,6.032,SH0283,3264,106,7,0.459,402,0.452,,,,,,,,,Y,Y,Y,5,0,Y,THU,2,0,8,8,0,2,2,100,42,26,2,0,0,2,8,5,2,8,5,0,0,1,6,426,2014,426,2.5,7.2,9.7,,,,,,,,,,,,,,,,,,,,,,,,,,,0,0,0,1,0,0,0,,,,
13390872,N,N,N,N,N,N,N,7/31/2013,4:20 PM,13-00084,,227,1016,N,Y,,,2,290,,1,14300,E,HWY 290E,,N,N,65,N,N,,N,19,,,1,13000,,OLD KIMBRO ROAD,,,,,,,,11,1,0,2,1,1,20,4:20 PM,RADIO,4:24 PM,7/31/2013,Y,TX2270200,1724,,,,8,7,4,1,23,3,1,2,3,21,21,227,1016,30.35057551,-97.50000275,US,290,,137.999,US0290,,114,3,13.015,598,0.74,,,,,,,,,Y,Y,N,5,4,Y,WED,4,0,6,10,80,2,4,240,80,48,4,0,0,2,12,5,2,20,5,3,68,1,2,25973,2014,25973,6.5,4.8,11.3,,,,,,,,,,,,,,,,,,,,,,,,,,,0,0,0,1,0,0,0,90,,,