Crash_ID,Crash_Fatal_Fl,Cmv_Involv_Fl,Schl_Bus_Fl,Rr_Relat_Fl,Medical_Advisory_Fl,Amend_Supp_Fl,Active_School_Zone_Fl,Crash_Date,Crash_Time,Case_ID,Local_Use,Rpt_CRIS_Cnty_ID,Rpt_City_ID,Rpt_Outside_City_Limit_Fl,Thousand_Damage_Fl,Rpt_Latitude,Rpt_Longitude,Rpt_Rdwy_Sys_ID,Rpt_Hwy_Num,Rpt_Hwy_Sfx,Rpt_Road_Part_ID,Rpt_Block_Num,Rpt_Street_Pfx,Rpt_Street_Name,Rpt_Street_Sfx,Private_Dr_Fl,Toll_Road_Fl,Crash_Speed_Limit,Road_Constr_Zone_Fl,Road_Constr_Zone_Wrkr_Fl,Rpt_Street_Desc,At_Intrsct_Fl,Rpt_Sec_Rdwy_Sys_ID,Rpt_Sec_Hwy_Num,Rpt_Sec_Hwy_Sfx,Rpt_Sec_Road_Part_ID,Rpt_Sec_Block_Num,Rpt_Sec_Street_Pfx,Rpt_Sec_Street_Name,Rpt_Sec_Street_Sfx,Rpt_Ref_Mark_Offset_Amt,Rpt_Ref_Mark_Dist_Uom,Rpt_Ref_Mark_Dir,Rpt_Ref_Mark_Nbr,Rpt_Sec_Street_Desc,Rpt_CrossingNumber,Wthr_Cond_ID,Light_Cond_ID,Entr_Road_ID,Road_Type_ID,Road_Algn_ID,Surf_Cond_ID,Traffic_Cntl_ID,Investigat_Notify_Time,Investigat_Notify_Meth,Investigat_Arrv_Time,Report_Date,Investigat_Comp_Fl,ORI_Number,Investigat_Agency_ID,Investigat_Area_ID,Investigat_District_ID,Investigat_Region_ID,Bridge_Detail_ID,Harm_Evnt_ID,Intrsct_Relat_ID,FHE_Collsn_ID,Obj_Struck_ID,Othr_Factr_ID,Road_Part_Adj_ID,Road_Cls_ID,Road_Relat_ID,Phys_Featr_1_ID,Phys_Featr_2_ID,Cnty_ID,City_ID,Latitude,Longitude,Hwy_Sys,Hwy_Nbr,Hwy_Sfx,Dfo,Street_Name,Street_Nbr,Control,Section,Milepoint,Ref_Mark_Nbr,Ref_Mark_Displ,Hwy_Sys_2,Hwy_Nbr_2,Hwy_Sfx_2,Street_Name_2,Street_Nbr_2,Control_2,Section_2,Milepoint_2,Txdot_Rptable_Fl,Onsys_Fl,Rural_Fl,Crash_Sev_ID,Pop_Group_ID,Located_Fl,Day_of_Week,Hwy_Dsgn_Lane_ID,Hwy_Dsgn_Hrt_ID,Hp_Shldr_Left,Hp_Shldr_Right,Hp_Median_Width,Base_Type_ID,Nbr_Of_Lane,Row_Width_Usual,Roadbed_Width,Surf_Width,Surf_Type_ID,Curb_Type_Left_ID,Curb_Type_Right_ID,Shldr_Type_Left_ID,Shldr_Width_Left,Shldr_Use_Left_ID,Shldr_Type_Right_ID,Shldr_Width_Right,Shldr_Use_Right_ID,Median_Type_ID,Median_Width,Rural_Urban_Type_ID,Func_Sys_ID,Adt_Curnt_Amt,Adt_Curnt_Year,Adt_Adj_Curnt_Amt,Pct_Single_Trk_Adt,Pct_Combo_Trk_Adt,Trk_Aadt_Pct,Curve_Type_ID,Curve_Lngth,Cd_Degr,Delta_Left_Right_ID,Dd_Degr,Feature_Crossed,Structure_Number,I_R_Min_Vert_Clear,Approach_Width,Bridge_Median_ID,Bridge_Loading_Type_ID,Bridge_Loading_In_1000_Lbs,Bridge_Srvc_Type_On_ID,Bridge_Srvc_Type_Under_ID,Culvert_Type_ID,Roadway_Width,Deck_Width,Bridge_Dir_Of_Traffic_ID,Bridge_Rte_Struct_Func_ID,Bridge_IR_Struct_Func_ID,CrossingNumber,RRCo,Poscrossing_ID,WDCode_ID,Standstop,Yield,Incap_Injry_Cnt,Nonincap_Injry_Cnt,Poss_Injry_Cnt,Non_Injry_Cnt,Unkn_Injry_Cnt,Tot_Injry_Cnt,Death_Cnt,MPO_ID,Investigat_Service_ID,Investigat_DA_ID,Investigator_Narrative
13443158,N,N,N,N,N,N,N,9/7/2013,2:15 PM,None,,49,1614,Y,Y,33.69807,-97.16233,1,35,,1,,,NOT REPORTED,,N,N,75,N,N,,N,,,,,,,NOT REPORTED,,0.4,M,N,502,,,11,1,0,2,1,1,11,2:16 PM,DRIVING BY MOTORIST,2:19 PM,9/7/2013,Y,TXDPS5526,10000,19,103,1,8,2,4,20,64,42,1,1,1,21,21,49,163,33.69793766,-97.16265065,IH,35,,501.608,IH0035,,194,2,19.59,502,0.4,,,,NOT REPORTED,,,,,Y,Y,N,3,5,Y,SAT,5,0,4,10,44,2,4,340,76,48,6,0,0,2,8,5,2,20,5,2,36,1,1,38767,2014,38767,1.7,16.9,18.6,,,,,,,,,,,,,,,,,,,,,,,,,,,0,0,1,1,0,1,0,,,,
13443182,N,N,N,N,N,N,N,9/10/2013,4:01 PM,13-09638,501,61,259,N,Y,,,19,,,1,500,E,CORPORATE,DR,N,N,40,N,N,,Y,19,,,1,1700,,LAKEWAY,DR,,,,,,,11,1,4,,1,1,8,4:12 PM,DISPATCHED,2:20 PM,9/10/2013,Y,TX0610600,1659,,,35,8,2,1,10,36,54,1,5,1,21,21,61,259,33.02060422,-96.97776251,,,,,E CORPORATE DR,,,,,,,,,,LAKEWAY DR,,,,,Y,N,N,5,7,Y,TUE,,,,,,,,,,,,,,,,,,,,,,,,,,,,,,,,,,,,,,,,,,,,,,,,,,,,,,,,0,0,0,2,0,0,0,282,,,
13443189,N,N,N,N,N,N,N,9/10/2013,8:05 AM,0113779713Y,FSGI,101,208,N,Y,,,1,45,,2,2300,N,NORTH SER W,FWY,N,N,40,N,N,THREE LANE ONE WAY SERVICE ROAD,Y,19,,,1,500,,COTTAGE,ST,,,,,,,2,1,4,,1,2,8,8:16 AM,HPD DISPATCH,8:41 AM,9/10/2013,Y,TXHPD0000,2469,24,121,33,8,2,1,10,64,54,2,1,1,21,21,101,208,,,IH,45,,,IH0045,,,,,,,,,,COTTAGE ST,,,,,Y,Y,N,5,9,N,TUE,,,,,,,,,,,,,,,,,,,,,,,,,,,,,,,,,,,,,,,,,,,,,,,,,,,,,,,,0,0,0,1,1,0,0,,,,
13443199,N,N,N,N,N,N,N,9/2/2013,8:00 PM,0110472313W,,101,208,N,Y,,,19,,,1,4700,,WILMINGTON,ST,N,N,30,N,N,,Y,19,,,1,8300,,COFFEE,ST,,,,,,,11,4,0,,1,1,8,8:44 PM,HPD DISPATCHER,8:53 PM,9/2/2013,Y,TXHPD0000,2469,24,104,49,8,2,1,10,64,54,1,5,1,21,21,101,208,29.65588482,-95.3525831,,,,,WILMINGTON ST,4800,,,,,,,,,COFFEE ST,,,,,Y,N,N,5,9,Y,MON,,,,,,,,,,,,,,,,,,,,,,,,,,,,,,,,,,,,,,,,,,,,,,,,,,,,,,,,0,0,0,3,0,0,0,15,,,
13443887,N,N,N,N,N,N,N,8/26/2013,4:56 PM,13-026777,,240,254,N,Y,,,19,,,1,7100,,SAN DARIO,AVE,N,N,45,N,N,BLACKTOP,N,19,,,1,300,W,DEL MAR,BLVD,,,,,BLACKTOP,,12,1,4,2,1,1,5,4:57 PM,,5:08 PM,8/26/2013,N,TX2400100,1644,,,54,8,2,4,21,64,9,1,1,1,21,21,240,254,27.56699399,-99.50300708,IH,35,,4.286,IH0035,,18,6,5.132,5,-0.426,,,,,,,,,Y,Y,N,5,8,Y,MON,5,0,9,10,20,2,6,300,112,72,4,0,0,2,18,5,2,20,5,2,2,4,11,63010,2014,63010,6.7,27.9,34.7,,,,,,,,,,,,,,,,,,,,,,,,,,,0,0,0,3,0,0,0,205,,,
13443973,N,N,N,N,N,N,N,8/23/2013,9:25 AM,C1306228,,178,97,N,Y,,,19,,,1,14000,,PORTS O CALL,DR,N,N,30,N,N,,Y,19,,,1,15400,,SALT CAY,CT,,,,,,,11,1,0,,1,1,8,9:39 AM,DISPATCHED,9:40 AM,8/23/2013,Y,TX1780200,1115,,,,8,4,1,4,64,54,1,5,1,21,21,178,97,27.59710531,-97.2315427,,,,,PORTS O CALL DR,14006,,,,,,,,,SALT CAY CT,,,,,Y,N,N,5,9,Y,FRI,,,,,,,,,,,,,,,,,,,,,,,,,,,,,,,,,,,,,,,,,,,,,,,,,,,,,,,,0,0,0,1,0,0,0,96,,,
13444025,N,N,N,N,N,N,N,9/7/2013,10:35 AM,0112538913S,FSGI,101,208,N,Y,,,19,,,1,2900,,ALABAMA,ST,N,N,35,N,N,CONCRETE,Y,19,,,1,3700,,ENNIS,ST,,,,,,,12,1,4,,1,2,8,10:42 AM,DISPATCHED,10:51 AM,9/11/2013,Y,TXHPD0000,2469,14,113,29,8,2,1,10,64,54,1,5,1,21,21,101,208,29.72755481,-95.36288309,,,,,ALABAMA ST,,,,,,,,,,ENNIS ST,,,,,Y,N,N,5,9,Y,SAT,,,,,,,,,,,,,,,,,,,,,,,,,,,,,,,,,,,,,,,,,,,,,,,,,,,,,,,,0,0,0,4,1,0,0,15,,,
13444036,N,N,N,N,N,N,N,9/8/2013,2:30 PM,0113371513Y,FSGI,101,208,N,Y,,,19,,,7,5403,,BEVERLYHILL,ST,Y,N,5,N,N,CONCRETE,N,19,,,,3600,,YORKTOWN,ST,,,,,,,11,1,98,,1,1,17,9:50 AM,WALKIN,9:50 AM,9/9/2013,Y,TXHPD0000,2469,24,106,54,8,4,4,4,64,12,7,9,5,33,21,101,208,,,,,,,BEVERLYHILL ST,,,,,,,,,,,,,,,N,N,N,5,9,N,SUN,,,,,,,,,,,,,,,,,,,,,,,,,,,,,,,,,,,,,,,,,,,,,,,,,,,,,,,,0,0,0,1,1,0,0,,,,
13444091,N,N,N,N,N,N,N,8/16/2013,10:05 AM,13-17610,,108,448,N,Y,,,19,,,1,700,E,PIKE,BLVD,N,N,30,N,N,FLAT,Y,19,,,1,700,N,IOWA,ST,,,,,SMOOTH,,11,4,0,,1,1,1,10:01 PM,DISPATCHED,10:06 PM,8/19/2013,Y,TX1081400,2396,,,35,8,2,2,21,64,8,1,5,1,21,21,108,448,26.16998563,-97.98790255,,,,,E PIKE BLVD,,,,,,,,,,N IOWA AVE,,,,,Y,N,N,5,6,Y,FRI,,,,,,,,,,,,,,,,,,,,,,,,,,,,,,,,,,,,,,,,,,,,,,,,,,,,,,,,0,0,0,2,0,0,0,230,,,
13444176,N,N,N,N,N,N,N,9/10/2013,11:30 PM,2.01E+11,,233,112,N,Y,,,19,,,1,600,W,GUTIERREZ,ST,N,N,25,N,N,,N,19,,,,800,,PLAZA,AVE,,,,,,,11,4,4,,1,1,1,11:30 PM,DISPATCH,11:32 PM,9/10/2013,Y,TX2330100,1191,,,23,8,7,4,1,33,3,1,5,2,21,21,233,112,29.35805646,-100.8789472,,,,,W GUTIERREZ ST,693,,,,,,,,,,,,,,Y,N,N,5,6,Y,TUE,,,,,,,,,,,,,,,,,,,,,,,,,,,,,,,,,,,,,,,,,,,,,,,,,,,,,,,,0,0,0,1,0,0,0,,,,
13444222,N,Y,N,N,N,N,N,8/30/2013,8:20 PM,,,187,1752,Y,Y,30.87743,-94.84483,2,59,,1,,,NOT REPORTED,,N,N,75,N,N,,N,,,,,,,NOT REPORTED,,100,F,N,422,,,11,3,0,2,1,1,11,8:24 PM,DISPATCHED,8:25 PM,9/6/2013,Y,,10000,1,58,1,8,2,4,21,64,11,1,2,1,21,21,187,1752,30.86939193,-94.84842816,US,59,,217.216,US0059,,176,5,17.981,422,-100,,,,NOT REPORTED,,,,,Y,Y,Y,1,0,Y,FRI,3,0,4,10,38,9,4,240,76,48,6,0,0,2,8,5,2,20,5,3,30,1,2,17138,2014,17138,3.5,28,31.5,,,,,,,,,,,,,,,,,,,,,,,,,,,1,0,0,8,0,1,0,,,,
13444265,N,N,N,N,N,N,N,9/6/2013,12:07 PM,,,7,1572,Y,Y,29.04153,-98.43222,1,37,,1,,,NOT REPORTED,,N,N,75,N,N,,N,,,,,,,NOT REPORTED,,0.1,M,N,113,,,12,1,0,2,4,1,11,12:12 PM,ATASCOSA S.O.,12:32 PM,9/9/2013,Y,,10000,1,92,1,8,10,4,1,1,54,1,1,2,21,21,7,1572,29.03977666,-98.43192201,IH,37,,112.961,IH0037,,73,10,13.851,113,0.1,,,,NOT REPORTED,,,,,Y,Y,Y,3,0,Y,FRI,5,0,4,10,73,2,4,450,80,48,4,0,0,2,8,5,2,20,5,3,65,1,1,32876,2014,32876,4,24.4,28.4,1,507,0,1,13,,,,,,,,,,,,,,,,,,,,,,0,0,1,0,0,1,0,,,,
13444300,Y,N,N,N,Y,Y,N,9/1/2013,6:41 PM,,,175,1740,Y,Y,32.17445999,-96.55789,4,1126,,1,,,NOT REPORTED,,N,N,55,N,N,,N,4,3383,,,,,NOT REPORTED,,,,,,,,11,1,98,1,1,1,11,6:46 PM,DISPATCH,6:49 PM,12/1/2013,Y,,10000,8,107,1,8,7,4,1,30,3,1,3,2,21,21,175,1740,32.16888107,-96.56775295,FM,1126,,6.176,FM1126,3053,1289,1,6.177,310,0.072,,,,,,,,,Y,Y,Y,4,0,Y,SUN,2,0,0,0,0,3,2,90,24,24,4,0,0,1,0,0,1,0,0,0,0,1,7,598,2014,598,2.8,3.6,6.4,,,,,,,,,,,,,,,,,,,,,,,,,,,0,0,0,0,0,0,1,,,,
13444433,N,N,N,N,N,N,N,8/28/2013,2:39 PM,13-18478,,108,448,N,Y,,,2,83,,2,,E,U S HIGHWAY 83,HWY,N,N,50,N,N,,Y,19,,,1,,N,BRIDGE,ST,,,,,,,11,1,2,3,1,1,8,2:41 PM,DISPATCHED,2:43 PM,9/2/2013,Y,TX1081400,2396,,,35,8,2,1,10,64,3,2,2,1,21,21,108,448,26.15806421,-97.98257113,BU,83,S,28.945,BU0083S,,39,4,12.722,528,-0.813,,,,S BRIDGE AVE,,,,,Y,Y,N,3,6,Y,WED,2,0,0,9,0,2,4,95,70,50,4,2,2,1,0,0,2,9,5,0,0,4,14,12980,2014,12980,1.3,0.2,1.5,,,,,,,,,,,,,,,,,,,,,,,,,,,0,0,3,1,0,3,0,230,,,
13444461,N,N,N,N,N,N,N,9/10/2013,4:33 PM,13-09641,,61,259,N,Y,,,19,,,2,2600,N,121 TOLL NBFR,,N,N,50,N,N,FRONTAGE ROAD,N,19,,,,500,,ESSEX,BLVD,,,,,,,11,1,0,,2,1,20,4:35 PM,DISPATCHED,5:04 PM,9/11/2013,Y,TX0610600,1659,,,35,8,2,4,20,64,42,2,2,1,21,21,61,259,33.05732347,-96.9064185,,,,,E STATE HIGHWAY 121,2734,,,,,,,,,,,,,,Y,N,N,3,7,Y,TUE,,,,,,,,,,,,,,,,,,,,,,,,,,,,,,,,,,,,,,,,,,,,,,,,,,,,,,,,0,0,1,3,0,1,0,282,,,
13444494,N,N,N,N,N,N,N,9/10/2013,3:55 PM,0113957413H,,101,208,N,N,,,19,,,1,1700,,WORMS,,N,N,30,N,N,ASPHALT,N,19,,,,3900,,OATS,RD,,,,,,,12,1,0,,1,1,20,4:02 PM,DISPATCHED,4:05 PM,9/10/2013,Y,TXHPD0000,2469,16,124,113,8,7,4,1,32,54,1,5,1,21,21,101,208,29.77803701,-95.33134561,,,,,WORMS ST,1808,,,,,,,,,,,,,,Y,N,N,3,9,Y,TUE,,,,,,,,,,,,,,,,,,,,,,,,,,,,,,,,,,,,,,,,,,,,,,,,,,,,,,,,0,0,1,0,0,1,0,15,,,
13444511,N,N,N,N,N,N,N,9/9/2013,3:45 PM,SAPD13197978,5360B,15,379,N,Y,,,2,1604,,1,1700,W,1604,,N,N,55,N,N,PUBLIC ROADWAY,N,19,,,,10000,SW,MILITARY,DR,,,,,PUBLIC ROADWAY,,12,1,0,2,2,2,5,4:30 PM,DISPATCHED,4:35 PM,9/9/2013,Y,TXSPD0000,2473,,19,148,8,2,2,22,64,38,1,2,1,21,21,15,379,29.44820746,-98.71102431,SL,1604,,20.074,SL1604,,2452,1,19.71,508,0.038,,,,MILITARY DR W,,,,,Y,Y,N,3,9,Y,MON,4,0,2,10,80,2,4,340,80,48,4,0,0,2,12,5,2,20,5,3,68,4,12,12562,2014,12562,4,10.4,14.5,,,,,,,,,,,,,,,,,,,,,,,,,,,0,0,1,1,0,1,0,28,,,
13444556,N,N,N,N,N,N,N,9/10/2013,2:13 PM,,,28,1593,Y,Y,29.93928,-97.67253,2,183,,1,,,NOT REPORTED,,N,N,65,N,N,,N,15,221,,,,,ROLLING RIDGE,RD,,,,,,,12,1,0,,5,1,20,2:18 PM,CCSO,2:32 PM,9/10/2013,Y,,10000,19,22,1,8,7,4,1,20,3,1,2,4,21,21,28,1593,29.93928604,-97.67256799,,,,,US 183,,,,,,,,,,,,,,,Y,N,Y,5,0,Y,TUE,,,,,,,,,,,,,,,,,,,,,,,,,,,,,,,,,,,,,,,,,,,,,,,,,,,,,,,,0,0,0,1,0,0,0,90,,,
13444623,N,N,N,N,N,N,N,9/11/2013,3:15 PM,1300024979,,3,272,N,Y,,,3,69,,1,1800,E,DENMAN,AVE,N,N,50,N,N,,N,19,,,,100,,SLACK,ST,,,,,,,11,1,4,,2,1,4,3:22 PM,DISPATCH,3:25 PM,9/11/2013,Y,TX0030400,1708,17,53,166,8,2,4,20,64,50,1,2,1,20,21,3,272,,,,,,,SH0069,,,,,,,,,,,,,,,Y,Y,N,5,6,N,WED,,,,,,,,,,,,,,,,,,,,,,,,,,,,,,,,,,,,,,,,,,,,,,,,,,,,,,,,0,0,0,2,0,0,0,,,,
13444788,N,N,N,N,N,N,N,9/10/2013,3:24 PM,233237A,,57,107,N,Y,,,11,12,,2,100,N,WALTON WALKER,BLVD,N,N,-1,N,N,,Y,19,,,1,5700,W,JEFFERSON,BLVD,,,,,SOUTH BOUND SERVICE ROAD,,11,1,2,2,1,1,5,3:42 PM,DISPATCHED,3:52 PM,9/10/2013,Y,TX0000006,2471,,,44,8,2,1,10,1,54,2,2,1,21,21,57,107,32.74776761,-96.91876732,SL,12,,8.428,SL0012,,581,2,13.336,594,0.425,SH,180,,SH0180,,,,,Y,Y,N,1,9,Y,TUE,5,0,14,10,57,3,6,400,120,72,5,0,0,2,24,5,2,24,5,3,33,4,12,125102,2014,125102,3.2,3.5,6.7,,,,,,,,,,,,,,,,,,,,,,,,,,,2,0,0,3,0,2,0,282,,,
13444867,Y,N,N,N,N,Y,N,9/6/2013,9:29 PM,,,191,1756,Y,Y,35.0668,-101.91882,1,27,,2,,,NOT REPORTED,,N,N,55,N,N,,Y,19,,,1,,,SCOTTSDALE,AVE,,,,,,,11,3,2,2,1,1,11,9:34 PM,DPS RADIO,9:38 PM,12/31/2013,Y,,10000,15,130,1,8,1,2,1,64,3,2,1,1,21,21,191,1756,35.06680414,-101.919146,IH,27,,113.632,IH0027,,168,9,5.012,113,0.389,FM,2219,,FM2219,,,,,Y,Y,Y,4,0,Y,FRI,5,0,6,10,49,2,4,300,80,48,5,0,0,2,12,5,2,20,5,3,37,1,1,39923,2014,39923,3.6,8.4,12,,,,,,,,,,,,,,,,,,,,,,,,,,,0,0,0,4,0,0,1,120,,,
13444962,N,N,N,N,N,N,N,9/11/2013,12:55 PM,13-21518,,158,28,N,Y,,,3,35,,1,1900,,STATE HIGHWAY 35,HWY,N,N,30,N,N,,N,19,,,,2000,,AVENUE I,AVE,,,,,,,2,1,4,,1,2,8,12:56 PM,TELEPHONE,1:01 PM,9/12/2013,Y,TX1610100,93,,,35,8,2,2,22,64,42,1,2,1,21,21,158,28,,,SH,35,,,SH0035,,,,,,,,,,AVENUE I AVE,,,,,Y,Y,N,5,5,N,WED,,,,,,,,,,,,,,,,,,,,,,,,,,,,,,,,,,,,,,,,,,,,,,,,,,,,,,,,0,0,0,3,0,0,0,,,,
13445154,N,N,N,N,N,N,N,9/8/2013,2:37 AM,2013-76505,,108,283,N,Y,,,19,,,1,500,W,TAMARACK,AVE,N,N,35,N,N,,N,19,,,,2000,N,5TH,ST,,,,,,,11,3,0,,1,1,1,2:42 AM,DISPATCHED,2:49 AM,9/8/2013,Y,TX1080800,1753,,,35,8,4,4,1,64,54,1,5,1,21,21,108,283,26.22067072,-98.22158507,,,,,TAMARACK AVE,530,,,,,,,,,,,,,,Y,N,N,0,8,Y,SUN,,,,,,,,,,,,,,,,,,,,,,,,,,,,,,,,,,,,,,,,,,,,,,,,,,,,,,,,0,0,0,0,1,0,0,230,,,
13445403,N,N,N,N,N,N,N,8/29/2013,9:37 AM,13-241088,,71,136,N,Y,31.73926,-106.3457,19,,,1,600,N,YARBROUGH,DR,N,N,30,N,N,"5 LANE, 2 WAY NORTH/SOUTH",Y,19,,,1,7900,,SAN PAULO,,,,,,"3 LANE, 2 WAY EAST/WEST",,2,1,0,,1,2,8,9:40 AM,DISPATCHED,9:51 AM,8/29/2013,Y,TX0710200,1259,,,160,8,2,1,10,64,54,1,5,1,21,21,71,136,31.74226485,-106.3458904,,,,,N YARBROUGH DR,,,,,,,,,,SAN PAULO DR,,,,,Y,N,N,3,9,Y,THU,,,,,,,,,,,,,,,,,,,,,,,,,,,,,,,,,,,,,,,,,,,,,,,,,,,,,,,,0,0,2,1,0,2,0,66,,,
13445496,N,N,N,N,N,N,N,9/3/2013,8:03 AM,13-31522,,152,270,N,Y,,,11,289,,1,3300,S,289,LOOP,N,N,60,N,N,,N,19,,,1,7100,,INDIANA,AVE,,,,,,,11,1,0,2,2,1,20,8:04 AM,POLICE RADIO,8:11 AM,9/3/2013,Y,TX1520200,1706,,,,8,2,4,20,64,42,1,2,1,21,21,152,270,33.52931223,-101.8845299,SL,289,,22.155,SL0289,,783,1,10.854,310,0.056,,,,,,,,,Y,Y,N,3,8,Y,TUE,5,0,10,10,23,2,6,300,114,72,4,0,0,2,20,5,2,20,5,2,3,4,12,69017,2014,69017,5.8,13.2,18.9,,,,,,,,,,,,,,,,,,,,,,,,,,,0,0,1,3,0,1,0,122,,,
13445611,N,N,N,N,N,N,N,8/28/2013,8:18 PM,13-240270,,71,136,N,Y,31.89855,-106.43318,19,,,1,9900,,KENWORTHY,ST,N,N,45,Y,N,,Y,19,,,1,4700,,WOODROW BEAN,,,,,,,,12,4,4,2,1,1,5,8:48 PM,DISPATCHED,8:52 PM,8/28/2013,Y,TX0710200,1259,,,164,8,2,2,36,64,49,1,2,1,21,21,71,136,31.89868318,-106.4331459,SL,375,,12.095,SL0375,4742,2552,1,12.037,22,0.044,,,,KENWORTHY ST,,,,,Y,Y,N,5,9,Y,WED,4,0,6,6,15,9,4,200,80,48,5,0,0,2,12,5,2,16,5,,3,4,12,13917,2014,13917,3.8,2.1,5.9,,,,,,,,,,,,,,,,,,,,,,,,,,,0,0,0,3,0,0,0,66,,,
13445665,N,N,N,N,N,N,N,9/7/2013,12:35 PM,13-32185,,152,270,N,N,,,16,,,7,6800,,SLIDE,RD,Y,N,20,N,N,PRIVATE ROAD/LOT,N,19,,,1,5200,,69TH,ST,,,,,LOCAL ROAD,,11,1,0,,1,1,1,12:40 PM,POLICE RADIO,12:46 PM,9/7/2013,Y,TX1520200,1706,,,,8,2,4,22,64,3,7,9,5,33,21,152,270,,,,,,,SLIDE RD,,,,,,,,,,,,,,,N,Y,N,3,8,N,SAT,,,,,,,,,,,,,,,,,,,,,,,,,,,,,,,,,,,,,,,,,,,,,,,,,,,,,,,,0,0,3,12,0,3,0,,,,
13445821,N,N,N,N,Y,N,N,9/10/2013,10:39 AM,SAPD13198526,4140,15,379,N,Y,,,1,37,,1,1300,S,37,HWY,N,N,65,N,N,3 ANE LEVE FREEWAY,N,19,,,,2100,E,SOUTHCROSS,,,,,,2 ANE LEVEL OVERPASS,,12,1,0,,1,1,1,10:44 AM,DISPATCHED,10:50 AM,9/10/2013,Y,TXSPD0000,2473,,7,147,8,7,4,1,23,3,1,1,2,21,21,15,379,,,IH,37,,,IH0037,,,,,,,,,,,,,,,Y,Y,N,3,9,N,TUE,,,,,,,,,,,,,,,,,,,,,,,,,,,,,,,,,,,,,,,,,,,,,,,,,,,,,,,,0,0,1,0,0,1,0,,,,
13446086,N,Y,N,N,N,N,N,9/9/2013,3:45 PM,,,181,317,N,N,30.11877,-93.73331,1,10,,1,,,NOT REPORTED,,N,N,75,N,N,,N,,,,,,,NOT REPORTED,,0.4,M,E,878,,,12,1,0,2,1,1,1,3:58 PM,DPS LUFKIN,4:21 PM,9/9/2013,Y,,10000,7,58,1,8,2,4,21,64,54,1,1,1,21,21,181,317,30.11876518,-93.73427511,IH,10,,877.328,IH0010,,28,14,23.311,878,0.4,,,,NOT REPORTED,,,,,N,Y,N,5,5,Y,MON,5,0,6,10,44,9,4,290,80,48,6,0,0,2,12,5,2,20,5,3,32,3,11,45680,2014,45680,2.3,30.1,32.4,1,391,1,1,20,,,,,,,,,,,,,,,,,,,,,,0,0,0,2,0,0,0,135,,,
13446148,N,Y,N,N,N,N,N,8/30/2013,11:42 AM,0108981013H,,101,208,N,Y,,,2,59,,1,5000,S,SOUTHWEST,FWY,N,N,60,N,N,,N,19,,,,,,CHIMNEY ROCK,RD,,,,,,,11,1,0,,1,1,20,12:01 PM,HPD DISPATCHER,12:14 PM,8/30/2013,Y,TXHPD0000,2469,24,106,54,8,2,4,21,64,9,1,2,1,21,21,101,208,,,US,59,,,US0059,,,,,,,,,,,,,,,Y,Y,N,5,9,N,FRI,,,,,,,,,,,,,,,,,,,,,,,,,,,,,,,,,,,,,,,,,,,,,,,,,,,,,,,,0,0,0,4,0,0,0,,,,
13446214,N,N,N,N,N,N,N,8/23/2013,11:10 PM,0106251613N,FSGI,101,208,N,Y,,,1,610,,1,1800,S,SOUTH LP W,RD,N,N,60,N,N,,N,19,,,,8701,,FANNIN,ST,,,,,,,11,4,0,,1,1,20,11:10 PM,ONVIEW,11:10 PM,9/10/2013,Y,TXHPD0000,2469,6,125,40,8,2,4,21,64,54,1,1,1,21,21,101,208,,,IH,610,,,IH0610,,,,,,,,,,,,,,,Y,Y,N,3,9,N,FRI,,,,,,,,,,,,,,,,,,,,,,,,,,,,,,,,,,,,,,,,,,,,,,,,,,,,,,,,0,0,1,1,1,1,0,,,,
13446661,N,N,N,N,N,N,N,9/4/2013,6:10 AM,227390A,,61,107,N,N,,,19,,,1,4000,,FRANKFORD,RD,N,N,40,N,N,,Y,19,,,1,18100,,MIDWAY,RD,,,,,,,11,2,4,,1,1,21,6:15 AM,DISPATCHED,6:20 AM,9/4/2013,Y,TX0000006,2471,,,59,8,2,2,22,64,38,1,5,1,21,21,61,107,32.99719422,-96.84393255,,,,,FRANKFORD RD,,,,,,,,,,MIDWAY RD,,,,,N,N,N,5,9,Y,WED,,,,,,,,,,,,,,,,,,,,,,,,,,,,,,,,,,,,,,,,,,,,,,,,,,,,,,,,0,0,0,1,1,0,0,282,,,
13446863,N,N,N,N,N,N,N,8/29/2013,8:31 AM,13-001242,,61,262,N,Y,,,2,380,,1,26700,,US HWY 380,,N,N,65,N,N,CONCRETE,N,19,,,1,2000,S,PALOMA CREEK,BLVD,,,,,CONCRETE,,11,1,0,,1,1,1,8:33 AM,DISPATCH,8:43 AM,8/29/2013,Y,TX0611300,1674,,3,139,8,2,4,20,64,42,1,2,1,21,21,61,262,,,US,380,,,US0380,,,,,,,,,,,,,,,Y,Y,N,5,6,N,THU,,,,,,,,,,,,,,,,,,,,,,,,,,,,,,,,,,,,,,,,,,,,,,,,,,,,,,,,0,0,0,2,0,0,0,,,,
13447346,N,Y,N,N,N,N,N,9/12/2013,9:40 AM,SAPD13200144,4230,15,379,N,Y,,,3,410,,4,2200,SE,LOOP 410,,N,N,70,N,N,,N,19,,,,5200,,RIGSBY,AVE,,,,,,,11,1,0,2,1,1,1,10:46 AM,DISPATCH,10:49 AM,9/12/2013,Y,TXSPD0000,2473,,9,162,8,7,4,1,27,54,4,1,1,21,21,15,379,29.38676901,-98.39019819,IH,410,,37.002,IH0410,,521,6,36.715,36,0.446,,,,,,,,,Y,Y,N,5,9,Y,THU,5,0,4,10,55,2,4,300,76,48,2,0,0,2,14,5,2,14,5,3,41,4,11,55377,2014,55377,4.2,13.6,17.8,,,,,,,,,,,,,,,,,,,,,,,,,,,0,0,0,1,0,0,0,28,,,