Crash_ID,Crash_Fatal_Fl,Cmv_Involv_Fl,Schl_Bus_Fl,Rr_Relat_Fl,Medical_Advisory_Fl,Amend_Supp_Fl,Active_School_Zone_Fl,Crash_Date,Crash_Time,Case_ID,Local_Use,Rpt_CRIS_Cnty_ID,Rpt_City_ID,Rpt_Outside_City_Limit_Fl,Thousand_Damage_Fl,Rpt_Latitude,Rpt_Longitude,Rpt_Rdwy_Sys_ID,Rpt_Hwy_Num,Rpt_Hwy_Sfx,Rpt_Road_Part_ID,Rpt_Block_Num,Rpt_Street_Pfx,Rpt_Street_Name,Rpt_Street_Sfx,Private_Dr_Fl,Toll_Road_Fl,Crash_Speed_Limit,Road_Constr_Zone_Fl,Road_Constr_Zone_Wrkr_Fl,Rpt_Street_Desc,At_Intrsct_Fl,Rpt_Sec_Rdwy_Sys_ID,Rpt_Sec_Hwy_Num,Rpt_Sec_Hwy_Sfx,Rpt_Sec_Road_Part_ID,Rpt_Sec_Block_Num,Rpt_Sec_Street_Pfx,Rpt_Sec_Street_Name,Rpt_Sec_Street_Sfx,Rpt_Ref_Mark_Offset_Amt,Rpt_Ref_Mark_Dist_Uom,Rpt_Ref_Mark_Dir,Rpt_Ref_Mark_Nbr,Rpt_Sec_Street_Desc,Rpt_CrossingNumber,Wthr_Cond_ID,Light_Cond_ID,Entr_Road_ID,Road_Type_ID,Road_Algn_ID,Surf_Cond_ID,Traffic_Cntl_ID,Investigat_Notify_Time,Investigat_Notify_Meth,Investigat_Arrv_Time,Report_Date,Investigat_Comp_Fl,ORI_Number,Investigat_Agency_ID,Investigat_Area_ID,Investigat_District_ID,Investigat_Region_ID,Bridge_Detail_ID,Harm_Evnt_ID,Intrsct_Relat_ID,FHE_Collsn_ID,Obj_Struck_ID,Othr_Factr_ID,Road_Part_Adj_ID,Road_Cls_ID,Road_Relat_ID,Phys_Featr_1_ID,Phys_Featr_2_ID,Cnty_ID,City_ID,Latitude,Longitude,Hwy_Sys,Hwy_Nbr,Hwy_Sfx,Dfo,Street_Name,Street_Nbr,Control,Section,Milepoint,Ref_Mark_Nbr,Ref_Mark_Displ,Hwy_Sys_2,Hwy_Nbr_2,Hwy_Sfx_2,Street_Name_2,Street_Nbr_2,Control_2,Section_2,Milepoint_2,Txdot_Rptable_Fl,Onsys_Fl,Rural_Fl,Crash_Sev_ID,Pop_Group_ID,Located_Fl,Day_of_Week,Hwy_Dsgn_Lane_ID,Hwy_Dsgn_Hrt_ID,Hp_Shldr_Left,Hp_Shldr_Right,Hp_Median_Width,Base_Type_ID,Nbr_Of_Lane,Row_Width_Usual,Roadbed_Width,Surf_Width,Surf_Type_ID,Curb_Type_Left_ID,Curb_Type_Right_ID,Shldr_Type_Left_ID,Shldr_Width_Left,Shldr_Use_Left_ID,Shldr_Type_Right_ID,Shldr_Width_Right,Shldr_Use_Right_ID,Median_Type_ID,Median_Width,Rural_Urban_Type_ID,Func_Sys_ID,Adt_Curnt_Amt,Adt_Curnt_Year,Adt_Adj_Curnt_Amt,Pct_Single_Trk_Adt,Pct_Combo_Trk_Adt,Trk_Aadt_Pct,Curve_Type_ID,Curve_Lngth,Cd_Degr,Delta_Left_Right_ID,Dd_Degr,Feature_Crossed,Structure_Number,I_R_Min_Vert_Clear,Approach_Width,Bridge_Median_ID,Bridge_Loading_Type_ID,Bridge_Loading_In_1000_Lbs,Bridge_Srvc_Type_On_ID,Bridge_Srvc_Type_Under_ID,Culvert_Type_ID,Roadway_Width,Deck_Width,Bridge_Dir_Of_Traffic_ID,Bridge_Rte_Struct_Func_ID,Bridge_IR_Struct_Func_ID,CrossingNumber,RRCo,Poscrossing_ID,WDCode_ID,Standstop,Yield,Incap_Injry_Cnt,Nonincap_Injry_Cnt,Poss_Injry_Cnt,Non_Injry_Cnt,Unkn_Injry_Cnt,Tot_Injry_Cnt,Death_Cnt,MPO_ID,Investigat_Service_ID,Investigat_DA_ID,Investigator_Narrative
13451125,N,N,N,N,N,N,N,9/15/2013,10:42 PM,238097A,,57,107,N,Y,,,11,354,,1,10700,,HARRY HINES,BLVD,N,N,45,N,N,,N,19,,,,,,MANANA,DR,,,,,,,11,4,0,2,1,1,20,10:43 PM,FLAGGED DOWN,10:43 PM,9/16/2013,Y,TX0000006,2471,,,87,8,2,2,22,64,38,1,2,1,21,21,57,107,32.87394473,-96.88374239,SL,354,,3.008,SL0354,,196,6,8.739,258,0.981,,,,MANANA DR,,,,,Y,Y,N,5,9,Y,SUN,3,0,0,0,15,9,6,164,66,66,5,1,2,1,0,0,1,0,0,1,15,4,14,28098,2014,28098,3.2,11.5,14.7,,,,,,,,,,,,,,,,,,,,,,,,,,,0,0,0,2,0,0,0,282,,,
13451396,N,N,N,N,N,N,N,8/26/2013,7:49 AM,13-0800938,,21,55,N,Y,,,3,6,,1,700,N,EARL RUDDER,FWY,N,N,75,N,N,,N,4,1179,,,,,BRIARCREST,DR,,,,,,,12,1,0,2,1,1,20,7:50 AM,DISPATCHED,7:58 AM,8/26/2013,Y,TX0210100,174,,,,8,2,4,20,64,54,1,2,1,21,21,21,55,30.66716876,-96.33243147,SH,6,,404.889,SH0006,,49,12,6.824,588,-0.264,,,,,,,,,Y,Y,N,3,7,Y,MON,5,0,6,6,88,9,4,250,96,48,3,0,0,2,12,5,2,12,5,3,76,3,12,45255,2014,45255,6,11.8,17.8,,,,,,,,,,,,,,,,,,,,,,,,,,,0,0,1,2,0,1,0,249,,,
13451567,N,N,N,N,N,N,N,9/6/2013,9:16 PM,2013-02151,,20,11,N,Y,,,19,,,1,300,,WINDSOR SQ,,N,N,30,N,N,,N,19,,,1,,,OXFORD,,,,,,,,11,3,0,,1,1,1,9:18 PM,DISPATCHER,9:36 PM,9/6/2013,Y,TX0200100,30,,,,8,4,4,1,64,54,1,5,1,21,21,20,11,29.39584262,-95.23596066,,,,,WINDSOR SQ,323,,,,,,,,,,,,,,Y,N,N,5,5,Y,FRI,,,,,,,,,,,,,,,,,,,,,,,,,,,,,,,,,,,,,,,,,,,,,,,,,,,,,,,,0,0,0,2,0,0,0,15,,,
13451766,N,N,N,N,N,N,N,8/20/2013,1:36 PM,1300034433,,94,394,N,Y,,,19,,,1,100,S,KING,ST,N,N,35,N,N,,N,13,90A,,1,1100,E,90A,ST,,,,,COURT ST,,11,1,0,1,1,1,5,1:36 PM,DISPATCHED,1:38 PM,8/20/2013,Y,TX0940300,2109,,8,34,8,2,2,20,64,38,1,3,1,21,21,94,394,29.58093511,-97.95024273,FM,466,,0.005,FM0466,1227,216,3,4.184,526,-0.043,,,,UA090A,,,,,Y,Y,N,5,6,Y,TUE,2,0,0,0,0,2,2,77,38,38,4,0,0,1,0,0,1,0,0,0,0,2,16,8197,2014,8197,5.9,2.7,8.6,,,,,,,,,,,,,,,,,,,,,,,,,,,0,0,0,2,0,0,0,28,,,
13451780,N,N,N,N,N,N,N,8/17/2013,11:16 PM,13-006957,,84,428,N,Y,,,11,197,,1,3300,N,LOOP 197,,N,N,45,N,N,25TH AVE N,N,19,,,1,2400,N,34TH,ST,,,,,,,11,3,0,3,1,1,20,11:17 PM,DISPATCH,11:25 PM,8/19/2013,Y,TX0840900,2239,,,44,8,2,4,20,21,9,1,2,1,21,21,84,428,29.4079919,-94.94796846,SL,197,,0.575,SL0197,3410,389,11,0.613,494,0.541,,,,,,,,,Y,Y,N,3,6,Y,SAT,2,0,0,0,0,9,4,100,52,52,5,2,2,1,0,0,1,0,0,0,0,3,14,13976,2014,13976,9.3,5.2,14.4,,,,,,,,,,,,,,,,,,,,,,,,,,,0,0,1,2,0,1,0,15,,,
13452036,N,N,N,N,N,N,N,9/10/2013,6:45 PM,,13-136261,57,107,N,Y,,,1,30,,1,5400,,TOM LANDRY,FWY,N,N,60,N,N,,N,11,12,,1,,,WALTON WALKER,BLVD,,,,,,,11,1,0,2,1,1,20,6:54 PM,RADIO DISPATCHED,7:22 PM,9/10/2013,Y,TX0570000,1169,,100,22,8,2,4,22,64,42,1,1,1,21,21,57,107,32.76632258,-96.91044032,IH,30,,39.113,IH0030,,1068,4,7.343,39,0.096,,,,,,,,,Y,Y,N,5,9,Y,TUE,5,0,6,10,16,3,6,320,104,72,5,0,0,2,12,5,2,20,5,2,4,4,11,115119,2014,115119,1.6,7.8,9.4,,,,,,,,,,,,,,,,,,,,,,,,,,,0,0,0,2,1,0,0,282,,,
13452118,N,N,N,N,N,N,N,8/6/2013,12:45 PM,20130806056,,246,421,N,Y,,,2,79,,1,1900,W,2ND,ST,N,N,40,N,N,,N,19,,,,,,FRANKLIN,ST,,,,,,,11,1,0,,1,1,1,12:45 PM,TAYLOR DISPATCH,12:49 PM,8/6/2013,Y,2460600,2218,,158,28,8,2,2,22,64,47,1,2,1,21,21,246,421,30.56803447,-97.42983982,,,,,US 79 BR,,,,,,,,,,UNKNOWN,,,,,Y,N,N,5,5,Y,TUE,,,,,,,,,,,,,,,,,,,,,,,,,,,,,,,,,,,,,,,,,,,,,,,,,,,,,,,,0,0,0,2,0,0,0,90,,,
13452197,N,N,N,N,N,N,N,8/28/2013,6:00 PM,,,54,1619,Y,Y,,,4,N651,,1,,,NOT REPORTED,,N,N,75,N,N,,N,,,,,,,NOT REPORTED,,150,F,S,204,,,11,1,0,,1,1,11,6:00 PM,DISPATCHED,6:05 PM,9/9/2013,Y,TX0540000,1150,,,43,8,7,4,1,63,3,1,3,2,21,21,54,1619,,,,,,,FMN651,,,,,,,,,,NOT REPORTED,,,,,Y,Y,Y,1,0,N,WED,,,,,,,,,,,,,,,,,,,,,,,,,,,,,,,,,,,,,,,,,,,,,,,,,,,,,,,,1,0,0,0,0,1,0,,,,
13452313,N,N,N,N,N,N,N,9/8/2013,4:08 PM,13-164432,,43,336,N,Y,,,19,,,1,2900,,MCDERMOTT,RD,N,N,40,N,N,,N,19,,,,,,INDEPENDENCE,PKWY,,,,,,,11,1,0,,1,1,5,4:10 PM,RADIO DISPATCHED,4:15 PM,9/8/2013,Y,TX0430600,1938,,,6,8,2,2,22,64,38,1,5,1,21,21,43,336,33.10078419,-96.7502662,,,,,MCDERMOTT RD,,,,,,,,,,INDEPENDENCE PKWY,,,,,Y,N,N,3,9,Y,SUN,,,,,,,,,,,,,,,,,,,,,,,,,,,,,,,,,,,,,,,,,,,,,,,,,,,,,,,,0,0,1,2,0,1,0,282,,,
13452435,N,N,N,N,N,N,N,9/10/2013,6:28 PM,13-165921,,43,336,N,Y,,,19,,,1,6300,,CUSTER,RD,N,N,40,Y,N,,N,19,,,,,W,SPRING CREEK,PKWY,,,,,,,11,1,0,,1,1,20,6:28 PM,RADIO DISPATCHED,6:38 PM,9/10/2013,Y,TX0430600,1938,66,8,23,8,2,3,34,64,49,1,5,1,32,21,43,336,33.05750567,-96.7333331,,,,,CUSTER RD,,,,,,,,,,,,,,,Y,N,N,5,9,Y,TUE,,,,,,,,,,,,,,,,,,,,,,,,,,,,,,,,,,,,,,,,,,,,,,,,,,,,,,,,0,0,0,3,0,0,0,282,,,
13452796,N,Y,Y,Y,N,N,N,9/9/2013,7:40 AM,13-000319,,25,54,N,Y,,,19,,,1,2600,,MORRIS SHEPPARD DR,,N,N,45,N,N,,N,19,,,1,2800,,MEMORIAL PARK DR,,,,,,,,11,1,0,,1,1,1,7:40 AM,RADIO,7:46 AM,9/9/2013,Y,TX0250200,2550,135,95,134,8,2,4,22,64,48,1,5,1,17,21,25,54,31.67621034,-98.99029945,,,,,MORRIS SHEPPARD DR,2600,,,,,,,,,,,,,,Y,N,N,3,5,Y,MON,,,,,,,,,,,,,,,,,,,,,,,,,,,,,,,,,,,,,,,,,,,,,,,,,,,,,,,,0,0,1,0,1,1,0,,,,
13452983,N,N,N,N,N,N,N,9/15/2013,7:37 PM,13092090,,31,53,N,N,,,2,77,,2,2200,N,FRONTAGE,RD,N,N,35,N,N,,N,4,802,,,900,,RUBEN M TORRES,BLVD,,,,,,,2,4,0,3,1,2,9,7:39 PM,DISPATCHED,7:46 PM,9/15/2013,Y,TX0310100,172,,211,27,8,2,2,22,64,38,2,2,1,21,21,31,53,25.94919009,-97.50619273,BU,77,Z,0.001,BU0077Z,3400,39,10,0.547,742,-0.048,FM,802,,FM0802,,,,,N,Y,N,5,8,Y,SUN,2,0,10,10,0,2,4,300,84,64,4,2,2,2,10,2,2,10,2,0,0,4,16,21019,2014,21019,1.3,0.2,1.5,1,102,4,2,36,,,,,,,,,,,,,,,,,,,,,,0,0,0,5,0,0,0,248,,,
13453147,N,N,N,N,N,N,N,9/13/2013,12:59 PM,1300017962,,133,234,N,Y,30.05065,-99.14743,4,394,,1,200,,FRANCISCO LEMOS,ST,N,N,30,N,N,,Y,19,,,1,100,,HERZOG,ST,,,,,,,11,1,2,1,1,1,20,1:07 PM,DISPATCHED,1:08 PM,9/13/2013,Y,TX1330100,1583,,,35,8,2,2,20,64,47,1,3,1,21,21,133,234,30.05064812,-99.14740617,FM,394,,0.135,FM0394,179,142,8,0.132,452,0.105,,,,HERZOG ST,,,,,Y,Y,N,3,5,Y,FRI,2,0,8,8,0,2,2,60,40,24,4,1,1,2,8,2,2,8,2,0,0,2,16,2962,2014,2962,4.5,1.9,6.5,,,,,,,,,,,,,,,,,,,,,,,,,,,0,0,1,1,0,1,0,,,,
13453563,N,N,N,N,N,N,N,9/16/2013,7:42 AM,13-66251,,105,383,N,Y,,,1,35,,1,700,N,IH 35,,N,N,70,N,N,INTERSTATE HWY,N,1,205,,,,,NOT REPORTED,,,,,,,,12,1,0,2,1,1,1,7:43 AM,DROVE UPON SCENE,7:43 AM,9/16/2013,Y,TX1050100,2084,,,23,8,2,2,22,64,42,3,1,1,21,21,105,383,29.87625539,-97.92988116,IH,35,,204.395,IH0035,,16,3,7.248,205,-0.13,SH,21,,SH0021,,,,,Y,Y,N,2,7,Y,MON,5,0,2,10,6,2,6,300,96,72,4,0,0,2,4,5,2,20,5,,2,3,11,118805,2014,118805,4.9,8,13,,,,,,,,,,,,,,,,,,,,,,,,,,,0,1,0,2,0,1,0,90,,,
13453595,N,N,N,N,N,N,N,8/26/2013,2:55 PM,13028103,,236,213,N,Y,,,2,190,,1,1000,,US 190,,N,N,55,N,N,,Y,19,,,1,,,GENEVA,,,,,,,,2,1,2,,4,2,8,2:57 PM,RADIO,3:01 PM,8/26/2013,Y,TX2360100,1502,,,12,8,7,2,2,36,54,1,2,2,21,21,236,213,,,US,190,,,US0190,,,,,,,,,,GENEVA,,,,,Y,Y,N,3,6,N,MON,,,,,,,,,,,,,,,,,,,,,,,,,,,,,,,,,,,,,,,,,,,,,,,,,,,,,,,,0,0,1,0,0,1,0,,,,
13453628,N,N,N,N,N,N,N,8/22/2013,8:23 AM,13027660,,236,213,N,Y,,,3,30,,1,2000,,11TH,,N,N,35,N,N,,N,19,,,1,1100,,NORMAL PARK,DR,,,,,,,11,1,4,3,1,1,11,6:27 PM,RADIO,6:27 PM,8/24/2013,Y,TX2360100,1502,,,51,8,2,2,22,64,42,1,2,1,21,21,236,213,30.71926206,-95.56441139,US,190,,454.648,US0190,2583,212,2,16.92,742,0.177,,,,NORMAL PARK DR,,,,,Y,Y,N,5,6,Y,THU,2,0,4,4,0,9,4,100,62,48,6,0,0,2,4,5,2,4,5,0,0,2,14,23111,2014,23111,9.7,4.1,13.8,1,111,4,1,24,,,,,,,,,,,,,,,,,,,,,,0,0,0,2,0,0,0,,,,
13453737,N,N,N,N,N,N,N,8/3/2013,12:49 PM,13-006491,,84,428,N,Y,,,4,1764,,1,,,PALMER,HWY,N,N,40,N,N,,Y,3,146,,1,,,HWY 146,,,,,,,,11,1,0,2,1,1,5,12:53 PM,POLICE RADIO,12:54 PM,8/3/2013,Y,TX0840900,2239,,,,8,2,1,10,64,54,1,2,1,21,21,84,428,29.39534187,-94.95109558,SH,146,,108.555,SH0146,,389,6,11.488,514,-0.801,FM,1764,,FM1764,,1607,1,10.427,Y,Y,N,5,6,Y,SAT,4,0,12,10,266,9,4,700,92,48,5,0,0,2,16,5,2,18,5,3,250,3,14,11725,2014,11725,5.9,2.7,8.6,,,,,,,,,,,,,,,,,,,,,,,,,,,0,0,0,7,0,0,0,15,,,
13453739,N,N,N,N,N,N,N,8/4/2013,4:38 AM,13-006514,,84,428,N,Y,,,4,517,,1,8500,W,FM 517,,N,N,50,N,N,,N,4,3436,,1,12000,,FM 3436,,,,,,,,11,3,0,1,1,1,20,4:58 AM,DISPATCH,5:07 AM,8/5/2013,Y,TX0840900,2239,,,87,8,7,4,1,30,25,1,3,2,21,21,84,428,29.46992779,-95.00840479,FM,517,,13.885,FM0517,,978,2,13.877,696,-0.94,,,,,,,,,Y,Y,N,3,6,Y,SUN,2,0,3,3,0,2,2,80,30,24,4,0,0,3,3,5,3,3,5,0,0,3,16,6148,2014,6148,2,0.6,2.6,,,,,,,,,,,,,,,,,,,,,,,,,,,0,0,1,0,0,1,0,15,,,
13453982,N,N,N,N,N,Y,N,9/15/2013,2:56 PM,13-116310,,31,189,N,Y,,,19,,,1,,N,1ST,ST,N,N,30,N,N,,N,19,,,,,E,MADISON,ST,,,,,,,2,1,0,,1,2,5,2:57 PM,DISPATCH,3:05 PM,9/25/2013,Y,TX0310300,1417,,,23,8,2,2,22,64,38,1,5,1,21,21,31,189,26.19476079,-97.69561209,,,,,N 1ST ST,293,,,,,,,,,W MADISON AVE,,,,,Y,N,N,3,7,Y,SUN,,,,,,,,,,,,,,,,,,,,,,,,,,,,,,,,,,,,,,,,,,,,,,,,,,,,,,,,0,0,1,4,0,1,0,201,,,
13454141,N,N,N,N,N,N,N,9/11/2013,5:15 PM,,,105,1670,Y,Y,29.9174,-97.84635,3,21,,1,,,CAMINO REAL,,N,N,60,N,N,,N,15,159,,,,,YARRINGTON,RD,,,,,,,11,1,0,1,1,1,20,5:20 PM,HAYS COUNTY SO,5:35 PM,9/12/2013,Y,,10000,19,22,1,8,10,4,1,1,25,1,2,2,21,21,105,1670,29.91741988,-97.84635978,SH,21,,5.655,SH0021,,471,2,4.694,532,0.687,,,,,,,,,Y,Y,Y,2,0,Y,WED,2,0,0,4,0,2,2,108,32,24,4,0,0,1,0,0,2,4,5,0,0,1,2,7849,2014,7849,3.6,4.8,8.4,,,,,,,,,,,,,,,,,,,,,,,,,,,0,1,0,0,0,1,0,90,,,
13454182,N,N,N,N,N,N,N,9/13/2013,3:15 PM,,,105,1670,Y,N,29.91261,-97.85433,3,21,,1,,,CAMINO REAL,HWY,N,N,65,N,N,,N,19,,,,,,TEXAS LONE STAR,TRL,,,,,,,11,1,0,1,1,1,11,3:24 PM,HAYS CO DISPATCH,3:49 PM,9/15/2013,Y,,10000,19,22,1,8,2,4,20,64,42,1,2,1,21,21,105,1670,29.91183063,-97.85537429,SH,21,,4.989,SH0021,5341,471,2,4.02,532,0.021,,,,,,,,,Y,Y,Y,3,0,Y,FRI,2,0,0,4,0,2,2,108,32,24,4,0,0,1,0,0,2,4,5,0,0,3,14,7849,2014,7849,3.6,4.8,8.4,,,,,,,,,,,,,,,,,,,,,,,,,,,0,0,6,0,0,6,0,90,,,
13454235,N,N,N,N,N,Y,N,9/17/2013,3:00 PM,0117079213Z,,101,208,N,N,,,19,,,1,5600,,LANCASTER,,N,N,30,N,N,,Y,19,,,1,7300,,EDNA,ST,,,,,,,11,1,4,,1,1,8,3:30 PM,DISPATCHED,3:34 PM,9/17/2013,Y,TXHPD0000,2469,16,104,28,8,5,1,1,64,54,1,5,1,21,21,101,208,29.68413482,-95.29868311,,,,,LANCASTER ST,5601,,,,,,,,,EDNA ST,,,,,Y,N,N,2,9,Y,TUE,,,,,,,,,,,,,,,,,,,,,,,,,,,,,,,,,,,,,,,,,,,,,,,,,,,,,,,,0,1,0,1,0,1,0,15,,,
13454437,N,N,N,N,N,N,N,9/17/2013,2:39 PM,13-1095,,84,387,N,Y,29.37892,-95.1075,3,6,,1,13400,,HWY 6,ST,N,N,45,N,N,ASPHALT,N,19,,,,4300,,AVE T,ST,,,,,ASPHALT,,11,1,0,3,1,1,20,2:40 PM,DISPATCH,2:42 PM,9/17/2013,Y,TX0842100,2094,,,35,8,2,4,21,64,9,1,2,1,21,21,84,387,29.37897574,-95.10748086,SH,6,,539.976,SH0006,13454,192,4,5.777,726,0.168,,,,,,,,,Y,Y,N,5,5,Y,TUE,2,0,8,8,0,3,4,120,78,48,4,0,0,2,8,5,2,8,5,0,0,3,14,14990,2014,14990,9.3,5.2,14.4,,,,,,,,,,,,,,,,,,,,,,,,,,,0,0,0,5,0,0,0,15,,,
13454841,N,N,N,N,N,N,N,9/19/2013,6:15 AM,SAPD13205703,,15,379,N,Y,,,2,281,,1,,NE,1604,LOOP,N,N,40,Y,Y,,N,19,,,,,,BULVERDE,RD,,,,,,,11,4,0,,1,1,5,6:28 AM,DISPATCHED,6:39 AM,9/19/2013,Y,TXSPD0000,2473,,29,131,8,2,4,21,64,49,2,2,1,21,21,15,379,,,US,281,,,US0281,,,,,,,,,,,,,,,Y,Y,N,5,9,N,THU,,,,,,,,,,,,,,,,,,,,,,,,,,,,,,,,,,,,,,,,,,,,,,,,,,,,,,,,0,0,0,3,0,0,0,,,,
13455029,N,N,N,N,N,N,N,9/14/2013,12:36 PM,13-33186,,152,270,N,Y,,,19,,,1,200,,AVENUE Q,AVE,N,N,35,N,N,,Y,19,,,1,1700,,3RD,ST,,,,,,,11,1,4,3,1,1,20,12:46 PM,DISPATCHED,12:46 PM,9/14/2013,Y,TX1520200,1706,,,,8,2,2,20,64,42,1,2,1,21,21,152,270,33.59424367,-101.8552275,US,84,,67.658,US0084,,52,7,17.373,318,-0.773,,,,3RD ST,,,,,Y,Y,N,5,8,Y,SAT,2,0,0,0,0,2,4,90,63,60,4,1,1,1,0,0,1,0,0,0,0,4,14,8770,2014,8770,2.2,5.8,8,,,,,,,,,,,,,,,,,,,,,,,,,,,0,0,0,5,0,0,0,122,,,
13455076,N,N,N,N,N,N,N,9/10/2013,6:29 PM,13-32685,,152,270,N,Y,,,19,,,7,4501,,UNIVERSITY,AVE,Y,N,15,N,N,,N,19,,,1,4400,,UNIVERSITY,AVE,,,,,,,11,1,0,,1,1,20,6:37 PM,POLICE RADIO CALL,6:42 PM,9/10/2013,Y,TX1520200,1706,,,,8,7,4,1,34,54,7,9,5,33,21,152,270,,,,,,,UNIVERSITY AVE,,,,,,,,,,,,,,,N,N,N,5,8,N,TUE,,,,,,,,,,,,,,,,,,,,,,,,,,,,,,,,,,,,,,,,,,,,,,,,,,,,,,,,0,0,0,1,0,0,0,,,,
13455222,N,N,N,N,N,N,N,8/25/2013,8:57 PM,13090070,,57,289,N,Y,,,19,,,7,1722,W,SCYENE,RD,Y,N,0,N,N,WAFFLE HOUSE PARKING LOT,N,1,635,,2,21499,,NOT REPORTED,,,,,,,,11,4,98,,1,1,1,8:59 PM,DISPATCHED,,8/25/2013,Y,TX0571800,1774,,151,133,8,4,4,4,64,3,7,9,5,33,21,57,289,,,,,,,W SCYENE RD,,,,,,,,,,,,,,,N,N,N,5,8,N,SUN,,,,,,,,,,,,,,,,,,,,,,,,,,,,,,,,,,,,,,,,,,,,,,,,,,,,,,,,0,0,0,3,0,0,0,,,,
13455340,N,N,N,N,N,N,N,9/10/2013,7:27 AM,13-003184,,79,296,N,Y,,,4,2234,,1,1349,,TEXAS,PKWY,N,N,45,N,N,,Y,19,,,,1500,,MIMOSA,RD,,,,,,,12,1,2,,1,2,11,7:29 AM,DISPATCHED,7:39 AM,9/10/2013,Y,TX0790100,1792,,28,90,8,2,1,10,64,54,1,3,1,21,21,79,296,,,FM,2234,,,FM2234,,,,,,,,,,MIMOSA RD,,,,,Y,Y,N,5,7,N,TUE,,,,,,,,,,,,,,,,,,,,,,,,,,,,,,,,,,,,,,,,,,,,,,,,,,,,,,,,0,0,0,3,0,0,0,,,,
13455391,N,N,N,N,N,N,N,9/1/2013,12:19 AM,13-027414,,240,254,N,N,,,19,,,1,800,,PARK,ST,N,N,30,N,N,,N,19,,,1,1900,,SAN BERNARDO,,,,,,,,11,4,4,,1,1,5,12:23 AM,MCT DISPATCHED,12:26 AM,9/1/2013,Y,TX2400100,1644,,,113,8,2,2,20,64,54,1,5,1,21,21,240,254,27.51711538,-99.5045585,,,,,PARK ST,906,,,,,,,,,SAN BERNARDO AVE,,,,,N,N,N,5,8,Y,SUN,,,,,,,,,,,,,,,,,,,,,,,,,,,,,,,,,,,,,,,,,,,,,,,,,,,,,,,,0,0,0,4,0,0,0,205,,,
13455579,N,N,N,N,N,N,N,8/3/2013,8:21 AM,13-024133,,240,254,N,Y,,,4,1472,,5,7600,,FM 1472,RD,N,N,45,N,N,,N,19,,,1,,,DEL MAR,,,,,,,,11,1,0,,6,1,1,8:22 AM,RADIO DISPATCHED,8:29 AM,8/3/2013,Y,TX2400100,1644,,,49,8,7,4,1,39,54,5,3,4,21,21,240,254,,,FM,1472,,,FM1472,,,,,,,,,,,,,,,Y,Y,N,5,8,N,SAT,,,,,,,,,,,,,,,,,,,,,,,,,,,,,,,,,,,,,,,,,,,,,,,,,,,,,,,,0,0,0,1,0,0,0,,,,
13455705,N,N,N,N,N,N,N,9/7/2013,4:19 PM,2013-20902,3011,199,369,N,Y,,,4,3097,,1,,,HORIZON,RD,N,N,40,N,N,,N,4,740,,,,,RIDGE,RD,,,,,,,11,1,0,1,2,1,5,4:24 PM,DISPATCH,4:30 PM,9/7/2013,Y,TX1990100,2035,,,,8,2,2,22,64,38,1,3,1,21,21,199,369,32.89176749,-96.47130908,FM,3097,,0.004,FM3097,,3148,1,0.004,604,-0.035,FM,740,,FM0740,,,,,Y,Y,N,5,6,Y,SAT,2,0,1,1,0,2,2,100,24,22,4,0,0,2,1,5,2,1,5,0,0,4,17,16809,2014,16809,2.8,3.6,6.4,,,,,,,,,,,,,,,,,,,,,,,,,,,0,0,0,4,0,0,0,282,,,
13455764,N,N,N,N,N,N,N,9/4/2013,7:12 PM,13-247289,YES,71,136,N,N,,,1,10,,4,11,,I 10 WEST,HWY,N,N,45,N,N,4 LANES ONE WAY,N,19,,,1,7600,N,MESA,ST,,,,,8 LANES MARKED/DIVIDED,,11,5,0,2,5,1,9,7:12 PM,DISPATCHED,7:22 PM,9/4/2013,Y,TX0710200,1259,,,142,8,2,2,22,64,46,4,1,1,21,21,71,136,31.83940418,-106.5703896,IH,10,,11.16,IH0010,,2121,2,11.931,11,0.156,SH,20,,SH0020,,,,,N,Y,N,5,9,Y,WED,5,0,4,10,57,2,4,400,82,48,4,0,0,2,14,5,2,14,5,2,43,4,11,102254,2014,102254,2.8,12.8,15.5,,,,,,,,,,,,,,,,,,,,,,,,,,,0,0,0,2,0,0,0,66,,,
13455832,N,N,N,N,N,N,N,8/17/2013,2:45 PM,0103288813Z,,101,208,N,Y,,,19,,,1,3600,,WESLAYAN,,N,N,35,N,N,,N,19,,,,,,RICHMOND,AVE,,,,,,,11,1,0,,1,1,1,2:45 PM,DISPACTHED,2:45 PM,9/7/2013,Y,TXHPD0000,2469,14,121,35,8,2,4,20,64,54,1,5,1,21,21,101,208,29.73244794,-95.44148478,,,,,WESLAYAN ST,3702,,,,,,,,,,,,,,Y,N,N,5,9,Y,SAT,,,,,,,,,,,,,,,,,,,,,,,,,,,,,,,,,,,,,,,,,,,,,,,,,,,,,,,,0,0,0,3,0,0,0,15,,,