Crash_ID,Crash_Fatal_Fl,Cmv_Involv_Fl,Schl_Bus_Fl,Rr_Relat_Fl,Medical_Advisory_Fl,Amend_Supp_Fl,Active_School_Zone_Fl,Crash_Date,Crash_Time,Case_ID,Local_Use,Rpt_CRIS_Cnty_ID,Rpt_City_ID,Rpt_Outside_City_Limit_Fl,Thousand_Damage_Fl,Rpt_Latitude,Rpt_Longitude,Rpt_Rdwy_Sys_ID,Rpt_Hwy_Num,Rpt_Hwy_Sfx,Rpt_Road_Part_ID,Rpt_Block_Num,Rpt_Street_Pfx,Rpt_Street_Name,Rpt_Street_Sfx,Private_Dr_Fl,Toll_Road_Fl,Crash_Speed_Limit,Road_Constr_Zone_Fl,Road_Constr_Zone_Wrkr_Fl,Rpt_Street_Desc,At_Intrsct_Fl,Rpt_Sec_Rdwy_Sys_ID,Rpt_Sec_Hwy_Num,Rpt_Sec_Hwy_Sfx,Rpt_Sec_Road_Part_ID,Rpt_Sec_Block_Num,Rpt_Sec_Street_Pfx,Rpt_Sec_Street_Name,Rpt_Sec_Street_Sfx,Rpt_Ref_Mark_Offset_Amt,Rpt_Ref_Mark_Dist_Uom,Rpt_Ref_Mark_Dir,Rpt_Ref_Mark_Nbr,Rpt_Sec_Street_Desc,Rpt_CrossingNumber,Wthr_Cond_ID,Light_Cond_ID,Entr_Road_ID,Road_Type_ID,Road_Algn_ID,Surf_Cond_ID,Traffic_Cntl_ID,Investigat_Notify_Time,Investigat_Notify_Meth,Investigat_Arrv_Time,Report_Date,Investigat_Comp_Fl,ORI_Number,Investigat_Agency_ID,Investigat_Area_ID,Investigat_District_ID,Investigat_Region_ID,Bridge_Detail_ID,Harm_Evnt_ID,Intrsct_Relat_ID,FHE_Collsn_ID,Obj_Struck_ID,Othr_Factr_ID,Road_Part_Adj_ID,Road_Cls_ID,Road_Relat_ID,Phys_Featr_1_ID,Phys_Featr_2_ID,Cnty_ID,City_ID,Latitude,Longitude,Hwy_Sys,Hwy_Nbr,Hwy_Sfx,Dfo,Street_Name,Street_Nbr,Control,Section,Milepoint,Ref_Mark_Nbr,Ref_Mark_Displ,Hwy_Sys_2,Hwy_Nbr_2,Hwy_Sfx_2,Street_Name_2,Street_Nbr_2,Control_2,Section_2,Milepoint_2,Txdot_Rptable_Fl,Onsys_Fl,Rural_Fl,Crash_Sev_ID,Pop_Group_ID,Located_Fl,Day_of_Week,Hwy_Dsgn_Lane_ID,Hwy_Dsgn_Hrt_ID,Hp_Shldr_Left,Hp_Shldr_Right,Hp_Median_Width,Base_Type_ID,Nbr_Of_Lane,Row_Width_Usual,Roadbed_Width,Surf_Width,Surf_Type_ID,Curb_Type_Left_ID,Curb_Type_Right_ID,Shldr_Type_Left_ID,Shldr_Width_Left,Shldr_Use_Left_ID,Shldr_Type_Right_ID,Shldr_Width_Right,Shldr_Use_Right_ID,Median_Type_ID,Median_Width,Rural_Urban_Type_ID,Func_Sys_ID,Adt_Curnt_Amt,Adt_Curnt_Year,Adt_Adj_Curnt_Amt,Pct_Single_Trk_Adt,Pct_Combo_Trk_Adt,Trk_Aadt_Pct,Curve_Type_ID,Curve_Lngth,Cd_Degr,Delta_Left_Right_ID,Dd_Degr,Feature_Crossed,Structure_Number,I_R_Min_Vert_Clear,Approach_Width,Bridge_Median_ID,Bridge_Loading_Type_ID,Bridge_Loading_In_1000_Lbs,Bridge_Srvc_Type_On_ID,Bridge_Srvc_Type_Under_ID,Culvert_Type_ID,Roadway_Width,Deck_Width,Bridge_Dir_Of_Traffic_ID,Bridge_Rte_Struct_Func_ID,Bridge_IR_Struct_Func_ID,CrossingNumber,RRCo,Poscrossing_ID,WDCode_ID,Standstop,Yield,Incap_Injry_Cnt,Nonincap_Injry_Cnt,Poss_Injry_Cnt,Non_Injry_Cnt,Unkn_Injry_Cnt,Tot_Injry_Cnt,Death_Cnt,MPO_ID,Investigat_Service_ID,Investigat_DA_ID,Investigator_Narrative
13455984,N,Y,N,N,N,Y,N,9/18/2013,10:00 AM,SAPD13205001,5150,15,379,N,Y,,,1,410,,2,1824,SW,410,LOOP,N,N,10,N,N,,N,19,,,,8000,,MARBACH,RD,,,,,,,11,1,0,,1,1,1,10:09 AM,DISPATCH,10:30 AM,11/2/2013,Y,TXSPD0000,2473,,19,148,8,4,3,5,64,3,7,9,5,33,21,15,379,,,IH,410,,,IH0410,,,,,,,,,,,,,,,N,Y,N,5,9,N,WED,,,,,,,,,,,,,,,,,,,,,,,,,,,,,,,,,,,,,,,,,,,,,,,,,,,,,,,,0,0,0,1,0,0,0,,,,
13456029,N,N,N,N,N,N,N,9/13/2013,7:20 PM,0115416313K,,101,208,N,Y,,,19,,,1,12300,,BELLAIRE,BLVD,Y,N,5,N,N,CONCRETE,N,19,,,,,,COOK,RD,,,,,,,11,1,98,,1,1,1,7:31 PM,DISPATCHED,7:48 PM,9/13/2013,Y,TXHPD0000,2469,24,128,39,8,2,4,31,64,54,7,9,5,33,21,101,208,,,,,,,BELLAIRE BLVD,,,,,,,,,,,,,,,N,N,N,5,9,N,FRI,,,,,,,,,,,,,,,,,,,,,,,,,,,,,,,,,,,,,,,,,,,,,,,,,,,,,,,,0,0,0,3,0,0,0,,,,
13456071,N,N,N,N,N,N,N,9/19/2013,8:45 AM,241139A,,57,107,N,Y,,,19,,,1,3000,,HIGHLAND,RD,N,N,35,N,N,,N,19,,,,5700,N,JIM MILLER,RD,,,,,,,11,1,0,,1,1,11,8:58 AM,DISPATCHED,9:02 AM,9/19/2013,Y,TX0000006,2471,,,33,8,2,3,34,64,13,1,5,1,32,21,57,107,32.79545425,-96.7002587,,,,,HIGHLAND RD,3077,,,,,,,,,,,,,,Y,N,N,5,9,Y,THU,,,,,,,,,,,,,,,,,,,,,,,,,,,,,,,,,,,,,,,,,,,,,,,,,,,,,,,,0,0,0,2,0,0,0,282,,,
13456121,N,N,N,N,N,N,N,9/7/2013,10:50 AM,0112547513A,FSGI,101,208,N,Y,,,2,59,,1,500,N,EASTEX,FWY,N,N,65,N,N,CONCRETE,N,19,,,,2000,,RUSK,,,,,,,,12,1,0,,1,1,20,11:09 AM,HOUSTON POLICE DISPA,11:24 AM,9/19/2013,Y,TXHPD0000,2469,16,121,35,8,2,4,20,64,42,1,2,1,21,21,101,208,,,US,59,,,US0059,,,,,,,,,,,,,,,Y,Y,N,5,9,N,SAT,,,,,,,,,,,,,,,,,,,,,,,,,,,,,,,,,,,,,,,,,,,,,,,,,,,,,,,,0,0,0,1,1,0,0,,,,
13456183,N,N,N,N,N,N,N,8/25/2013,7:20 PM,132371434,,227,22,N,N,,,2,183,E,2,,,NOT REPORTED,BLVD,Y,N,-1,N,N,7112 ED BLUESTEIN BLVD SVRD SB,N,19,,,,6900,W,SPRINGDALE RD,RD,,,,,6900 SPRINGDALE RD,,11,1,0,,1,1,1,7:20 PM,DISPATCH,7:24 PM,8/25/2013,Y,TX2270100,74,,34,48,8,1,4,1,64,54,7,9,5,33,21,227,22,,,,,,,US0183E,,,,,,,,,,,,,,,N,Y,N,2,9,N,SUN,,,,,,,,,,,,,,,,,,,,,,,,,,,,,,,,,,,,,,,,,,,,,,,,,,,,,,,,0,1,0,2,0,1,0,,,,
13456229,N,N,N,N,N,N,N,9/18/2013,8:20 AM,240226A,240227A,57,107,N,Y,,,3,67,,1,3200,,M D LOVE,HWY,N,N,60,N,N,,Y,3,67,,4,3200,W,M D LOVE,HWY,,,,,,,11,1,0,,1,1,20,8:30 AM,DISPATCHED,9:45 AM,9/18/2013,N,TX0000006,2471,,,44,8,2,1,21,20,9,4,2,1,21,21,57,107,,,SH,67,,,SH0067,,,,,,,SH,67,,SH0067,,,,,Y,Y,N,5,9,N,WED,,,,,,,,,,,,,,,,,,,,,,,,,,,,,,,,,,,,,,,,,,,,,,,,,,,,,,,,0,0,0,1,1,0,0,,,,
13456249,N,N,N,N,N,N,N,9/18/2013,3:45 PM,0117533413R,,101,208,N,Y,,,2,290,,1,14700,,NORTHWEST,FWY,N,N,60,N,N,FWY IB/CONCRETE/DRY,N,19,,,,,,GESSNER,,,,,,,,11,1,98,,1,1,20,4:17 PM,HPD DISPATCHER,4:32 PM,9/18/2013,Y,TXHPD0000,2469,18,106,87,8,2,4,20,64,42,1,2,1,21,21,101,208,,,US,290,,,US0290,,,,,,,,,,,,,,,Y,Y,N,2,9,N,WED,,,,,,,,,,,,,,,,,,,,,,,,,,,,,,,,,,,,,,,,,,,,,,,,,,,,,,,,0,1,0,3,0,1,0,,,,
13456277,N,Y,N,N,N,N,N,9/13/2013,5:59 AM,,,90,1655,Y,Y,35.51803,-100.60135,3,152,,1,,,NOT REPORTED,,N,N,75,N,N,,N,,,,,,,NOT REPORTED,,0.4,M,W,384,,,11,1,0,1,5,1,11,6:48 AM,CALLED THE SO,7:17 AM,9/15/2013,Y,,10000,1,130,1,8,10,4,1,1,54,1,2,2,21,21,90,1655,35.51752967,-100.5982407,SH,152,,91.963,SH0152,,397,1,24.681,384,-0.4,,,,NOT REPORTED,,,,,Y,Y,Y,2,0,Y,FRI,2,0,8,8,0,2,2,100,42,26,4,0,0,2,8,5,2,8,5,0,0,1,6,1730,2014,1730,8.6,3.5,12.1,1,278,3,1,44,,,,,,,,,,,,,,,,,,,,,,0,1,0,0,0,1,0,,,,
13456372,N,N,N,N,N,N,N,9/15/2013,7:05 PM,,,212,1777,Y,Y,32.43962,-95.08646,1,20,,1,,,NOT REPORTED,,N,N,75,N,N,,N,,,,,,,NOT REPORTED,,0.5,M,E,574,,,11,1,0,2,1,1,20,7:17 PM,DPS COMMUNICATIONS,7:28 PM,9/15/2013,Y,TXDPS5500,10000,3,28,1,8,7,4,1,39,54,1,1,4,21,21,212,1777,32.4406265,-95.0808886,IH,20,,573.193,IH0020,,495,6,30.76,574,0.5,,,,NOT REPORTED,,,,,Y,Y,Y,3,0,Y,SUN,5,0,4,10,40,9,4,360,76,48,3,0,0,2,8,5,2,20,5,2,32,1,1,34139,2014,34139,3.4,35.2,38.5,,,,,,,,,,,,,,,,,,,,,,,,,,,0,0,2,0,0,2,0,,,,
13456399,N,N,N,N,N,N,N,8/28/2013,9:20 AM,132400586,,227,22,N,N,,,19,,,1,1600,E,OLTORF,ST,N,N,35,N,N,,N,1,35,I,,,,NOT REPORTED,,,,,,,,11,1,0,,1,1,11,9:20 AM,DISPATCH,9:23 AM,8/28/2013,Y,TX2270100,74,1045,98,129,8,2,4,22,64,3,1,5,1,21,21,227,22,30.23265963,-97.73774816,,,,,E OLTORF ST,1737,,,,,,,,,,,,,,N,N,N,5,9,Y,WED,,,,,,,,,,,,,,,,,,,,,,,,,,,,,,,,,,,,,,,,,,,,,,,,,,,,,,,,0,0,0,2,1,0,0,90,,,
13456484,N,N,N,N,N,N,N,9/17/2013,8:30 PM,SAPD13206140,3130,15,379,N,N,,,17,,,7,0,,PRIVATE DRIVE,,Y,N,-1,N,N,,N,2,281,,,17700,,US HWY,,,,,,,,0,0,0,,8,0,1,4:00 PM,DISPATCHED,4:10 PM,9/19/2013,N,TXSPD0000,2473,,29,131,8,4,4,5,64,54,7,9,5,33,21,15,379,,,,,,,PRIVATE DRIVE,,,,,,,,,,,,,,,N,N,N,0,9,N,TUE,,,,,,,,,,,,,,,,,,,,,,,,,,,,,,,,,,,,,,,,,,,,,,,,,,,,,,,,0,0,0,0,1,0,0,,,,
13456657,N,N,N,N,N,N,N,9/19/2013,12:10 PM,13-4662,,57,3,N,Y,,,19,,,1,15800,,ADDISON,RD,N,N,40,N,N,,N,19,,,,4700,,AIRPORT,PKWY,,,,,,,12,1,0,,1,1,11,12:13 PM,DISPATCH,12:15 PM,9/19/2013,Y,TX0570100,12,,,35,8,2,3,22,64,47,1,5,1,32,21,57,3,32.96550597,-96.82983255,,,,,ADDISON RD,15878,,,,,,,,,,,,,,Y,N,N,5,5,Y,THU,,,,,,,,,,,,,,,,,,,,,,,,,,,,,,,,,,,,,,,,,,,,,,,,,,,,,,,,0,0,0,5,0,0,0,282,,,
13456760,N,Y,N,N,N,N,N,8/9/2013,2:47 PM,13-024843,,240,254,N,Y,,,4,1472,,1,14600,,FM 1472,RD,N,N,65,N,N,,N,19,,,1,4400,,PAN AMERICAN,,,,,,,,11,1,0,2,1,1,1,2:51 PM,MCT DISPATCHED,3:12 PM,8/9/2013,Y,TX2400100,1644,,53,49,8,2,4,20,64,54,1,3,1,21,21,240,254,27.64037582,-99.54283974,FM,1472,,27.833,FM1472,,2150,4,12.198,436,0.178,,,,,,,,,Y,Y,N,5,8,Y,FRI,3,0,2,2,126,2,4,300,68,48,4,0,0,2,6,5,2,12,5,3,120,4,14,22034,2014,22034,4.3,3.9,8.2,1,143,2,1,15,,,,,,,,,,,,,,,,,,,,,,0,0,0,2,0,0,0,205,,,
13456990,N,N,N,N,N,N,N,9/12/2013,5:22 PM,T13-08299,,19,427,N,Y,,,19,,,1,500,W,4TH,ST,N,N,30,N,N,,Y,19,,,1,400,,SPRUCE,ST,,,,,,,2,1,4,,1,2,5,5:22 PM,RADIO DISPATCH,5:23 PM,9/12/2013,Y,TX0190500,2230,,18,217,8,2,1,10,64,54,1,5,1,21,21,19,427,33.42185402,-94.04740325,,,,,W 4TH ST,499,,,,,,,,,SPRUCE ST,,,,,Y,N,N,5,6,Y,THU,,,,,,,,,,,,,,,,,,,,,,,,,,,,,,,,,,,,,,,,,,,,,,,,,,,,,,,,0,0,0,2,0,0,0,211,,,
13457112,N,N,N,N,N,N,N,9/2/2013,3:40 AM,A13-00106,,43,493,N,Y,,,2,75,,1,,S,CENTRAL,EXPY,N,N,65,N,N,,N,4,455,,1,,W,WHITE,ST,,,,,,,12,3,0,2,1,1,20,3:45 AM,RADIO,3:54 AM,9/5/2013,Y,TX0432600,252,,,,8,7,4,1,39,35,1,2,4,21,21,43,493,33.34709276,-96.58626073,US,75,,34.102,US0075,,47,14,3.607,228,-0.388,,,,,,,,,Y,Y,N,3,4,Y,MON,5,0,4,12,52,3,4,300,80,48,6,0,0,2,8,5,2,24,5,2,44,2,12,38653,2014,38653,2.8,5.4,8.3,,,,,,,,,,,,,,,,,,,,,,,,,,,0,0,1,0,0,1,0,282,,,
13457238,N,N,N,N,N,N,N,9/5/2013,2:10 AM,130049399,,220,19,N,Y,,,3,360,,4,4200,S,ANGUS G WYNNE,HWY,N,N,60,N,N,,N,1,20,,,2400,W,RONALD REAGAN,HWY,,,,,,,11,4,0,2,5,1,20,2:17 AM,DISPATCHED,2:23 AM,9/5/2013,N,TX2200100,59,,8,63,8,10,4,1,1,54,4,2,2,21,21,220,19,32.67731857,-97.06257629,SH,360,,17.069,SH0360,,2266,2,17.111,272,1.016,,,,,,,,,Y,Y,N,2,9,Y,THU,5,0,6,10,52,3,4,440,80,48,5,0,0,2,12,5,2,20,5,3,40,4,12,91179,2014,91179,3.4,2.4,5.9,,,,,,,,,,,,,,,,,,,,,,,,,,,0,1,0,0,0,1,0,282,,,
13457272,N,N,N,N,N,N,N,9/4/2013,9:07 AM,130049229,,220,19,N,Y,,,19,,,1,1000,N,CENTER,ST,N,N,40,N,N,,Y,19,,,1,100,W,RANDOL MILL,RD,,,,,,,11,1,2,,1,1,5,9:07 AM,PVT MYSELF ON OFFICE,9:18 AM,9/4/2013,Y,TX2200100,59,,8,227,8,2,1,10,64,3,1,5,1,21,21,220,19,32.75008427,-97.10679249,,,,,N CENTER ST,1001,,,,,,,,,W RANDOL MILL RD,,,,,Y,N,N,5,9,Y,WED,,,,,,,,,,,,,,,,,,,,,,,,,,,,,,,,,,,,,,,,,,,,,,,,,,,,,,,,0,0,0,3,0,0,0,282,,,
13457311,N,N,N,N,N,N,N,9/6/2013,5:41 PM,13-252053,,71,136,N,Y,,,19,,,1,3600,E,PAISANO,DR,N,N,0,N,N,LOCAL ROAD,N,19,,,1,,,PAISANO,DR,,,,,LOCAL ROAD,,11,1,98,2,1,1,20,8:33 AM,PHONE,8:33 AM,9/9/2013,N,TX0710200,1259,,,,1,2,4,20,64,5,1,2,1,21,21,71,136,31.75553247,-106.4862882,US,62,,0.357,US0062,271,1,4,5.835,20,-1.511,,,,,,,,,Y,Y,N,5,9,Y,FRI,3,0,0,0,4,8,6,94,60,60,5,1,1,1,0,0,1,0,0,1,4,4,14,16504,2014,16504,2.3,1.2,3.4,,,,,,,,,,,,,,,,,,,,,,,,,,,0,0,0,4,0,0,0,66,,,
13457313,N,N,N,N,N,N,N,9/6/2013,7:50 AM,13-249030,,71,136,N,Y,31.77703,-106.4369,19,,,1,4600,,GATEWAY EAST,BLVD,N,N,0,N,N,,Y,19,,,1,400,,RADFORD,,,,,,,,11,1,0,2,1,1,11,7:51 AM,DISPATCHED,7:59 AM,9/6/2013,Y,TX0710200,1259,,,114,8,2,1,14,64,9,1,1,1,21,21,71,136,31.77747656,-106.4375783,IH,10,,22.801,IH0010,,2121,2,23.51,23,-0.261,,,,RADFORD ST,,,,,Y,Y,N,5,9,Y,FRI,5,0,10,10,41,2,9,300,151,108,5,0,1,2,20,5,2,23,5,2,21,4,11,152961,2014,152961,3.2,4.6,7.8,,,,,,,,,,,,,,,,,,,,,,,,,,,0,0,0,3,0,0,0,66,,,
13457425,N,N,N,N,N,N,N,9/8/2013,11:39 PM,13-19855,,68,315,N,N,,,19,,,1,3500,,OAKWOOD,,N,N,35,N,N,,Y,19,,,1,1500,N,JOHN SHEPPARD,PKWY,,,,,,,11,4,4,,1,8,5,11:39 PM,DISPATCHED,11:43 PM,9/8/2013,Y,680200,1873,,,,8,10,2,2,1,1,1,5,1,21,21,68,315,31.87494465,-102.3305013,,,,,OAKWOOD DR,3500,,,,,,,,,UNKNOWN,,,,,Y,N,N,2,8,Y,SUN,,,,,,,,,,,,,,,,,,,,,,,,,,,,,,,,,,,,,,,,,,,,,,,,,,,,,,,,0,1,0,0,0,1,0,174,,,
13457537,N,N,N,N,N,N,N,9/9/2013,2:32 PM,P13-16127,,174,303,N,Y,,,19,,,1,900,,INDUSTRIAL,DR,N,N,50,N,N,,N,19,,,1,6700,,ROCKY,LN,,,,,,,11,1,0,3,2,1,11,2:34 PM,DISPATCH,2:40 PM,9/9/2013,Y,TX1740200,1825,,,,8,2,3,34,64,13,1,3,1,32,21,174,303,31.66637981,-94.66817415,FM,343,,38.288,FM0343,900,2300,1,22.231,722,0.762,,,,,,,,,Y,Y,N,3,6,Y,MON,2,0,2,2,0,3,4,100,56,50,4,2,2,2,2,5,2,2,5,0,0,2,17,1871,2014,1871,5.9,1.9,7.7,1,114,2,2,12,,,,,,,,,,,,,,,,,,,,,,0,0,2,1,0,2,0,,,,
13457631,N,N,N,N,N,Y,N,8/2/2013,11:16 PM,13-214316,,71,136,N,Y,31.71785,-106.30257,19,,,1,9100,,GATEWAY EAST,BLVD,N,N,50,N,N,BLACKTOP,N,19,,,1,1200,,ZARAGOZA,,,,,,BLACKTOP,,12,4,0,2,1,1,1,11:18 PM,DISPATCHED,11:25 PM,8/5/2013,N,TX0710200,1259,,,73,8,7,4,1,23,54,1,1,2,21,21,71,136,31.7232414,-106.3076086,IH,10,,31.901,IH0010,,2121,3,32.619,32,-0.138,,,,,,,,,Y,Y,N,5,9,Y,FRI,5,0,22,10,51,8,4,300,96,48,5,0,1,2,28,5,2,20,5,,23,4,11,72904,2014,72904,3.4,13.5,16.9,,,,,,,,,,,,,,,,,,,,,,,,,,,0,0,0,1,0,0,0,66,,,
13458069,N,N,N,N,N,N,N,9/12/2013,7:15 AM,,,249,1814,Y,Y,33.11618,-97.65528,4,51,,1,,,NOT REPORTED,,N,N,70,N,N,,N,3,114,,,,,NOT REPORTED,,,,,,,,11,2,0,1,3,1,11,7:26 AM,DISPATCHED,7:28 AM,9/19/2013,Y,,10000,15,118,1,8,7,4,1,31,3,1,3,2,21,21,249,1814,33.11449646,-97.65618364,FM,51,,48.499,FM0051,6866,313,1,29.12,258,-0.048,,,,,,,,,Y,Y,Y,5,0,Y,THU,2,0,6,6,0,2,2,120,36,24,2,0,0,2,6,5,2,6,5,0,0,1,6,6949,2014,6949,7.5,14,21.6,,,,,,,,,,,,,,,,,,,,,,,,,,,0,0,0,1,0,0,0,282,,,
13458161,N,N,N,N,N,N,N,9/19/2013,1:22 PM,,,127,1692,Y,Y,32.69546,-99.87237,2,83,,1,,,NOT REPORTED,,N,N,75,N,N,,N,,,,,,,NOT REPORTED,,0.8,M,N,308,,,2,1,0,2,1,2,11,1:23 PM,DISPATCH,1:30 PM,9/19/2013,Y,,10000,17,1,1,8,10,4,1,1,1,1,2,2,21,21,127,1692,32.70670713,-99.8784379,US,83,,292.139,US0083,,33,5,24.977,308,-0.8,,,,NOT REPORTED,,,,,Y,Y,Y,2,0,Y,THU,4,0,4,10,40,2,4,260,76,48,4,0,0,2,8,5,2,20,5,3,32,1,2,7324,2014,7324,3.2,12.1,15.3,,,,,,,,,,,,,,,,,,,,,,,,,,,0,3,0,0,0,3,0,,,,
13458179,N,N,N,N,N,N,N,9/15/2013,9:12 PM,238034A,,57,107,N,Y,,,19,,,1,1700,,CHALK HILL,RD,N,N,30,N,N,,N,1,30,,,3900,,TOM LANDRY,FWY,,,,,,,11,4,0,,2,1,1,9:16 PM,DISPATCHED,10:16 PM,9/16/2013,Y,TX0000006,2471,,,44,8,7,2,1,36,54,2,1,2,21,21,57,107,32.76644601,-96.90247254,,,,,CHALK HILL RD,,,,,,,IH,30,,IH0030,,,,,Y,N,N,2,9,Y,SUN,,,,,,,,,,,,,,,,,,,,,,,,,,,,,,,,,,,,,,,,,,,,,,,,,,,,,,,,0,1,0,0,0,1,0,282,,,
13458282,N,N,N,N,N,N,N,9/20/2013,2:53 PM,130920030,,165,291,N,Y,,,19,,,1,700,W,WADLEY,AVE,N,N,40,N,N,,N,19,,,,3300,N,A,ST,,,,,,,12,1,0,,1,1,5,2:59 PM,DISPATCHED,3:10 PM,9/20/2013,Y,TX1650100,1782,,,127,8,2,2,22,64,38,1,5,1,21,21,165,291,32.02755732,-102.0919025,,,,,W WADLEY AVE,803,,,,,,,,,N A ST,,,,,Y,N,N,3,8,Y,FRI,,,,,,,,,,,,,,,,,,,,,,,,,,,,,,,,,,,,,,,,,,,,,,,,,,,,,,,,0,0,1,1,0,1,0,174,,,
13458311,N,N,N,N,N,N,N,9/20/2013,2:00 PM,242338A,,57,107,N,Y,,,2,75,,2,4500,N,CENTRAL,EXPY,N,N,35,N,N,,N,19,,,,3000,N,HENDERSON,AVE,,,,,,,2,1,0,2,1,2,5,3:25 PM,FLAGGED DOWN,3:25 PM,9/20/2013,N,TX0000006,2471,,,71,8,2,2,22,64,38,2,2,1,21,21,57,107,32.82192745,-96.78601509,US,75,,73.348,US0075,,47,7,12.575,268,0.85,,,,N HENDERSON AVE,,,,,Y,Y,N,3,9,Y,FRI,5,0,10,10,24,3,8,300,136,96,5,0,0,2,20,5,2,20,5,2,4,4,12,229641,2014,229641,2.8,5.4,8.3,,,,,,,,,,,,,,,,,,,,,,,,,,,0,0,1,0,1,1,0,282,,,
13458329,N,N,N,N,N,N,N,9/20/2013,3:50 PM,SAPD13207029,3150,15,379,N,Y,,,4,1604,,1,4600,N,NOT REPORTED,,N,N,70,N,N,,N,19,,,,16300,,OCONNER,RD,,,,,,,2,1,0,2,3,2,1,3:55 PM,DISPATCH,4:07 PM,9/20/2013,Y,TXSPD0000,2473,,29,131,8,2,4,21,64,54,1,2,1,21,21,15,379,29.60145383,-98.40913933,SL,1604,,45.006,SL1604,,2452,3,31.97,534,-0.725,,,,,,,,,Y,Y,N,2,9,Y,FRI,4,0,4,10,48,2,4,280,76,48,4,0,0,2,8,5,2,20,5,3,40,4,12,73838,2014,73838,1.9,8.7,10.7,,,,,,,,,,,,,,,,,,,,,,,,,,,0,1,0,2,0,1,0,28,,,
13458377,N,N,N,N,N,N,N,9/18/2013,1:50 AM,240114A,,57,107,N,Y,,,11,12,,1,5600,E,NORTHWEST,HWY,N,N,45,N,N,,N,19,,,,6000,,GREENVILLE,AVE,,,,,,,11,4,0,,2,1,20,1:55 AM,DISPATCHED,2:01 AM,9/20/2013,Y,TX0000006,2471,,,33,8,7,2,2,39,54,2,2,4,21,21,57,107,,,SL,12,,,SL0012,,,,,,,,,,GREENVILLE AVE,,,,,Y,Y,N,5,9,N,WED,,,,,,,,,,,,,,,,,,,,,,,,,,,,,,,,,,,,,,,,,,,,,,,,,,,,,,,,0,0,0,1,0,0,0,,,,
13458387,N,N,N,N,N,N,N,9/20/2013,7:15 PM,2.01E+11,W/W,43,357,N,Y,,,3,190,,2,1600,E,PRESIDENT GEORGE BUSH,HWY,N,N,50,N,N,,N,19,,,,3600,N,JUPITER,RD,,,,,,,12,1,0,1,1,2,20,7:27 PM,DISPATCHED,7:37 PM,9/20/2013,Y,TX0572000,2011,4,181,23,8,2,4,21,64,9,2,2,1,21,21,43,357,33.00311418,-96.69088579,SH,190,,15.72,SH0190,,2964,5,7.298,594,-0.237,,,,,,,,,Y,Y,N,3,8,Y,FRI,1,0,2,2,0,2,3,400,40,36,5,1,2,2,2,5,2,2,5,0,0,4,17,10501,2014,10501,1.8,1.4,3.2,1,1198,1,2,71,,,,,,,,,,,,,,,,,,,,,,0,0,1,5,0,1,0,282,,,
13458405,N,N,N,N,N,N,N,9/20/2013,2:55 PM,0118381313U,,101,208,N,Y,,,19,,,1,1400,,EL DORADO,BLVD,N,N,40,N,N,,Y,19,,,1,15600,,TORRY PINES,RD,,,,,,,2,1,0,,1,2,20,3:05 PM,DISPATCHED,3:11 PM,9/20/2013,Y,TXHPD0000,2469,52,104,17,8,2,2,20,64,54,1,5,1,21,21,101,208,29.57119483,-95.12780316,,,,,EL DORADO BLVD,,,,,,,,,,TORRY PINES RD,,,,,Y,N,N,5,9,Y,FRI,,,,,,,,,,,,,,,,,,,,,,,,,,,,,,,,,,,,,,,,,,,,,,,,,,,,,,,,0,0,0,6,0,0,0,15,,,
13458601,N,N,N,N,N,N,N,9/10/2013,1:00 PM,SAPD13198619,2270,15,379,N,Y,,,19,,,1,1200,,MCCULLOUGH,,N,N,35,N,N,GOOD,Y,19,,,1,300,E,EUCLID,,,,,,GOOD,,12,1,0,,1,2,8,1:25 PM,WAVED DOWN,1:25 PM,9/15/2013,Y,TXSPDOOOO,2473,,3,122,8,2,1,10,64,54,1,5,1,21,21,15,379,29.43885497,-98.49144231,,,,,MCCULLOUGH AVE,1200,,,,,,,,,E EUCLID AVE,,,,,Y,N,N,5,9,Y,TUE,,,,,,,,,,,,,,,,,,,,,,,,,,,,,,,,,,,,,,,,,,,,,,,,,,,,,,,,0,0,0,2,0,0,0,28,,,
13458683,N,N,N,N,N,N,N,9/20/2013,8:00 AM,0118233313W,,101,208,N,Y,,,19,,,1,12100,,RICHMOND,AVE,N,N,35,N,N,FOUR LANE STREET,N,19,,,,12300,W,HOUSTON CENTER,DR,,,,,,,12,1,98,,1,2,11,8:29 AM,DISPATCHER,8:41 AM,9/20/2013,Y,TXHPD0000,2469,18,128,21,8,2,4,21,64,9,1,5,1,21,21,101,208,29.73114318,-95.58945273,,,,,RICHMOND AVE,,,,,,,,,,,,,,,Y,N,N,5,9,Y,FRI,,,,,,,,,,,,,,,,,,,,,,,,,,,,,,,,,,,,,,,,,,,,,,,,,,,,,,,,0,0,0,2,0,0,0,15,,,
13458830,N,N,N,N,N,N,N,9/20/2013,7:15 PM,0118486113C,FSGI,101,208,N,Y,,,19,,,1,6300,,WILCREST,DR,N,N,35,N,N,DRY CONCRETE,Y,19,,,1,10900,,HIGHSTAR,,,,,,,,2,4,2,,1,2,5,7:25 PM,DISPATCH,7:27 PM,9/20/2013,Y,TXHPD0000,2469,24,128,39,8,2,4,21,64,1,1,5,1,21,21,101,208,29.71169481,-95.57143304,,,,,WILCREST DR,,,,,,,,,,,,,,,Y,N,N,3,9,Y,FRI,,,,,,,,,,,,,,,,,,,,,,,,,,,,,,,,,,,,,,,,,,,,,,,,,,,,,,,,0,0,1,2,0,1,0,15,,,