Crash_ID,Crash_Fatal_Fl,Cmv_Involv_Fl,Schl_Bus_Fl,Rr_Relat_Fl,Medical_Advisory_Fl,Amend_Supp_Fl,Active_School_Zone_Fl,Crash_Date,Crash_Time,Case_ID,Local_Use,Rpt_CRIS_Cnty_ID,Rpt_City_ID,Rpt_Outside_City_Limit_Fl,Thousand_Damage_Fl,Rpt_Latitude,Rpt_Longitude,Rpt_Rdwy_Sys_ID,Rpt_Hwy_Num,Rpt_Hwy_Sfx,Rpt_Road_Part_ID,Rpt_Block_Num,Rpt_Street_Pfx,Rpt_Street_Name,Rpt_Street_Sfx,Private_Dr_Fl,Toll_Road_Fl,Crash_Speed_Limit,Road_Constr_Zone_Fl,Road_Constr_Zone_Wrkr_Fl,Rpt_Street_Desc,At_Intrsct_Fl,Rpt_Sec_Rdwy_Sys_ID,Rpt_Sec_Hwy_Num,Rpt_Sec_Hwy_Sfx,Rpt_Sec_Road_Part_ID,Rpt_Sec_Block_Num,Rpt_Sec_Street_Pfx,Rpt_Sec_Street_Name,Rpt_Sec_Street_Sfx,Rpt_Ref_Mark_Offset_Amt,Rpt_Ref_Mark_Dist_Uom,Rpt_Ref_Mark_Dir,Rpt_Ref_Mark_Nbr,Rpt_Sec_Street_Desc,Rpt_CrossingNumber,Wthr_Cond_ID,Light_Cond_ID,Entr_Road_ID,Road_Type_ID,Road_Algn_ID,Surf_Cond_ID,Traffic_Cntl_ID,Investigat_Notify_Time,Investigat_Notify_Meth,Investigat_Arrv_Time,Report_Date,Investigat_Comp_Fl,ORI_Number,Investigat_Agency_ID,Investigat_Area_ID,Investigat_District_ID,Investigat_Region_ID,Bridge_Detail_ID,Harm_Evnt_ID,Intrsct_Relat_ID,FHE_Collsn_ID,Obj_Struck_ID,Othr_Factr_ID,Road_Part_Adj_ID,Road_Cls_ID,Road_Relat_ID,Phys_Featr_1_ID,Phys_Featr_2_ID,Cnty_ID,City_ID,Latitude,Longitude,Hwy_Sys,Hwy_Nbr,Hwy_Sfx,Dfo,Street_Name,Street_Nbr,Control,Section,Milepoint,Ref_Mark_Nbr,Ref_Mark_Displ,Hwy_Sys_2,Hwy_Nbr_2,Hwy_Sfx_2,Street_Name_2,Street_Nbr_2,Control_2,Section_2,Milepoint_2,Txdot_Rptable_Fl,Onsys_Fl,Rural_Fl,Crash_Sev_ID,Pop_Group_ID,Located_Fl,Day_of_Week,Hwy_Dsgn_Lane_ID,Hwy_Dsgn_Hrt_ID,Hp_Shldr_Left,Hp_Shldr_Right,Hp_Median_Width,Base_Type_ID,Nbr_Of_Lane,Row_Width_Usual,Roadbed_Width,Surf_Width,Surf_Type_ID,Curb_Type_Left_ID,Curb_Type_Right_ID,Shldr_Type_Left_ID,Shldr_Width_Left,Shldr_Use_Left_ID,Shldr_Type_Right_ID,Shldr_Width_Right,Shldr_Use_Right_ID,Median_Type_ID,Median_Width,Rural_Urban_Type_ID,Func_Sys_ID,Adt_Curnt_Amt,Adt_Curnt_Year,Adt_Adj_Curnt_Amt,Pct_Single_Trk_Adt,Pct_Combo_Trk_Adt,Trk_Aadt_Pct,Curve_Type_ID,Curve_Lngth,Cd_Degr,Delta_Left_Right_ID,Dd_Degr,Feature_Crossed,Structure_Number,I_R_Min_Vert_Clear,Approach_Width,Bridge_Median_ID,Bridge_Loading_Type_ID,Bridge_Loading_In_1000_Lbs,Bridge_Srvc_Type_On_ID,Bridge_Srvc_Type_Under_ID,Culvert_Type_ID,Roadway_Width,Deck_Width,Bridge_Dir_Of_Traffic_ID,Bridge_Rte_Struct_Func_ID,Bridge_IR_Struct_Func_ID,CrossingNumber,RRCo,Poscrossing_ID,WDCode_ID,Standstop,Yield,Incap_Injry_Cnt,Nonincap_Injry_Cnt,Poss_Injry_Cnt,Non_Injry_Cnt,Unkn_Injry_Cnt,Tot_Injry_Cnt,Death_Cnt,MPO_ID,Investigat_Service_ID,Investigat_DA_ID,Investigator_Narrative
13458962,N,N,N,N,N,N,N,9/21/2013,7:10 PM,SAPD13207904,6250,15,379,N,Y,,,19,,,1,1300,SE,MILITARY,DR,N,N,40,N,N,,N,19,,,,3400,,ROOSEVELT,AVE,,,,,,,11,1,0,3,1,1,5,7:11 PM,DISPATCH,7:14 PM,9/21/2013,N,TXSPD0000,2473,,11,175,8,2,2,22,64,38,1,2,1,21,21,15,379,29.35413574,-98.47746241,SL,13,,10.64,SL0013,1274,521,2,5.038,494,0.609,SS,536,,SS0536,,,,,Y,Y,N,5,9,Y,SAT,2,0,0,0,0,2,4,80,72,72,4,0,0,1,0,0,1,0,0,0,0,4,14,23438,2014,23438,2.4,4.7,7,,,,,,,,,,,,,,,,,,,,,,,,,,,0,0,0,6,0,0,0,28,,,
13458986,N,N,N,N,N,N,N,9/15/2013,4:40 AM,237531A,,57,107,N,Y,,,19,,,1,200,,EZEKIAL,AVE,N,N,25,N,N,,Y,19,,,1,6300,,BELLBROOK,DR,,,,,,,11,4,2,,1,1,1,5:11 AM,DISPATCHED,5:20 AM,9/15/2013,N,TX0000006,2471,,,27,8,4,1,1,64,54,1,5,1,21,21,57,107,32.71588426,-96.7112126,,,,,EZEKIAL AVE,254,,,,,,,,,BELLBROOK DR,,,,,Y,N,N,0,9,Y,SUN,,,,,,,,,,,,,,,,,,,,,,,,,,,,,,,,,,,,,,,,,,,,,,,,,,,,,,,,0,0,0,0,1,0,0,282,,,
13459012,N,N,N,N,N,Y,N,9/16/2013,1:30 PM,,,170,1735,Y,Y,30.13746,-95.21759,11,494,,1,,,NOT REPORTED,,N,N,50,N,N,,N,17,,,,,,GASOLINE ALLEY,,,,,,,,2,1,0,1,1,2,11,1:35 PM,DISPATCHED,2:02 PM,10/21/2013,Y,,10000,46,52,1,8,2,4,20,64,42,1,2,1,21,21,170,1735,30.13753102,-95.21764583,SL,494,,2.206,SL0494,21197,177,14,30.152,444,-0.017,,,,,,,,,Y,Y,Y,5,0,Y,MON,2,0,2,2,0,9,2,100,40,24,6,0,0,3,2,5,3,2,5,0,0,4,16,10367,2014,10367,7.7,2.9,10.6,,,,,,,,,,,,,,,,,,,,,,,,,,,0,0,0,2,0,0,0,15,,,
13459378,N,N,N,N,N,N,N,9/22/2013,2:15 AM,SAPD17203578,3310,15,379,N,Y,,,2,410,,2,800,NE,410,LOOP,N,N,45,N,N,,N,19,,,,8400,,BROADWAY,,,,,,,,11,4,0,2,1,1,20,2:15 AM,SELF. ON SCENE,2:15 AM,9/22/2013,Y,TXSPD0000,2473,,29,131,8,7,2,1,21,32,2,1,4,21,21,15,379,29.51678923,-98.46389339,IH,410,,22.261,IH0410,,521,4,22.479,22,0.366,,,,BROADWAY ST,,,,,Y,Y,N,5,9,Y,SUN,5,0,6,6,19,2,8,300,128,96,4,0,0,2,16,5,2,16,5,2,3,4,11,138695,2014,138695,2.9,1.9,4.7,1,234,1,1,15,,,,,,,,,,,,,,,,,,,,,,0,0,0,1,1,0,0,28,,,
13459481,N,N,N,N,N,N,N,9/23/2013,4:30 AM,SAPD13208913,5140,15,379,N,Y,,,2,90,,1,1500,W,90 W EB,HWY,N,N,65,N,N,EASTBOUND MAIN LANE,N,19,,,,1500,S,GENERAL MCMULLEN,,,,,,,,11,4,0,,1,1,11,4:42 AM,DISPATCHED,4:48 AM,9/23/2013,Y,TXSPD0000,2473,,11,175,8,2,4,21,64,9,1,2,1,21,21,15,379,,,US,90,,,US0090,,,,,,,,,,,,,,,Y,Y,N,5,9,N,MON,,,,,,,,,,,,,,,,,,,,,,,,,,,,,,,,,,,,,,,,,,,,,,,,,,,,,,,,0,0,0,1,1,0,0,,,,
13459491,N,N,N,N,N,N,N,9/16/2013,6:20 AM,0116437613F,,101,208,N,Y,,,2,59,,2,7000,S,SOUTHWEST SER S,FWY,N,N,45,N,N,CONCRETE,N,2,59,,,,S,CLAREWOOD,ST,,,,,,,11,1,0,,1,1,8,6:25 AM,DISPATCHED,6:40 AM,9/17/2013,Y,TXHPD0000,2469,16,125,55,8,2,2,13,64,54,2,2,1,21,21,101,208,,,US,59,,,US0059,,,,,,,US,59,,US0059,,,,,Y,Y,N,5,9,N,MON,,,,,,,,,,,,,,,,,,,,,,,,,,,,,,,,,,,,,,,,,,,,,,,,,,,,,,,,0,0,0,3,0,0,0,,,,
13459663,N,N,N,N,N,N,N,8/17/2013,4:40 PM,130113430,1011501,101,1666,Y,Y,,,4,1960,,1,4900,E,FM 1960,,N,N,45,N,N,,Y,19,,,1,5000,,FARRELL,RD,,,,,,,11,1,0,3,1,1,5,4:50 PM,DISPATCHED,4:50 PM,8/17/2013,N,TX1010000,1419,151,4,5,8,2,1,34,64,54,1,3,1,21,21,101,1666,30.01532688,-95.35228271,FM,1960,,18.168,FM1960,,1685,2,19.461,684,0.659,,,,FARRELL RD,,,,,Y,Y,Y,5,0,Y,SAT,2,0,10,10,0,8,6,180,92,72,5,2,2,2,10,5,2,10,5,0,0,4,14,39275,2014,39275,3.5,1,4.6,,,,,,,,,,,,,,,,,,,,,,,,,,,0,0,0,1,1,0,0,15,,,
13459818,N,N,N,N,N,N,N,9/11/2013,2:40 PM,201313522,9/17/2013,171,123,N,Y,,,19,,,7,407,,ROBIN,RD,N,N,15,N,N,WEST ALLEY,N,19,,,1,1400,NE,5TH,ST,,,,,,,11,1,0,,1,10,1,2:40 PM,DISPATCHED,2:47 PM,9/11/2013,Y,TX1710100,1220,,,,8,7,4,4,36,54,7,7,5,11,21,171,123,35.87378415,-101.9503016,,,,,ROBIN RD,488,,,,,,,,,,,,,,Y,N,N,5,5,Y,WED,,,,,,,,,,,,,,,,,,,,,,,,,,,,,,,,,,,,,,,,,,,,,,,,,,,,,,,,0,0,0,1,0,0,0,,,,
13459875,N,N,N,N,N,N,N,8/31/2013,2:00 PM,13-27078,,108,295,N,N,,,1,2,,7,2519,E,EXPRESSWAY 83,,Y,N,0,N,N,PETCO PARKING LOT,N,19,,,,,N,TAYLOR,RD,,,,,,,11,1,0,,1,1,1,2:24 PM,DISPATCH,2:52 PM,8/31/2013,Y,TX1081000,1791,,,,8,4,4,4,64,11,7,9,5,33,21,108,295,,,IH,2,,,IH0002,,,,,,,,,,,,,,,N,Y,N,0,7,N,SAT,,,,,,,,,,,,,,,,,,,,,,,,,,,,,,,,,,,,,,,,,,,,,,,,,,,,,,,,0,0,0,0,0,0,0,,,,
13459945,N,N,N,N,N,N,N,9/17/2013,3:45 PM,2013-0002320,,226,378,N,Y,,,19,,,1,700,N,BELL,ST,N,N,40,N,N,,N,19,,,,1600,,BEACON,ST,,,,,,,12,1,0,,1,1,1,4:28 PM,DISPATCHED,4:29 PM,9/17/2013,Y,TX2260100,2067,,,,8,2,4,21,64,9,1,5,1,21,21,226,378,31.47708132,-100.4133117,,,,,N BELL ST,826,,,,,,,,,,,,,,Y,N,N,5,7,Y,TUE,,,,,,,,,,,,,,,,,,,,,,,,,,,,,,,,,,,,,,,,,,,,,,,,,,,,,,,,0,0,0,3,0,0,0,208,,,
13460234,N,N,N,N,N,N,N,8/14/2013,10:42 AM,A2013-25248,,108,295,N,N,,,4,495,,7,1506,E,GRIFFIN,PKWY,Y,N,0,N,N,SHAH EYE CENTER PARKING LOT,N,19,,,,,N,STEWART,RD,,,,,,,11,1,0,,1,1,1,10:43 AM,DISPATCHED,10:55 AM,8/14/2013,Y,TX1081000,1791,,,,8,4,4,2,64,54,7,9,5,33,21,108,295,,,,,,,FM0495,,,,,,,,,,,,,,,N,Y,N,5,7,N,WED,,,,,,,,,,,,,,,,,,,,,,,,,,,,,,,,,,,,,,,,,,,,,,,,,,,,,,,,0,0,0,2,0,0,0,,,,
13460458,N,N,N,N,N,N,N,9/13/2013,7:45 PM,2013-22362,,101,325,N,Y,,,19,,,2,1800,,BELTWAY 8 SB,,N,N,40,N,N,,N,19,,,1,3800,,PASADENA BLVD,,,,,,,,11,1,0,,1,1,11,7:47 PM,DISPATCHED,7:58 PM,9/13/2013,Y,TX1011500,1912,,,27,8,2,3,10,64,14,2,5,1,32,21,101,325,29.68177747,-95.15570286,,,,,E BELTWAY 8,,,,,,,,,,,,,,,Y,N,N,3,8,Y,FRI,,,,,,,,,,,,,,,,,,,,,,,,,,,,,,,,,,,,,,,,,,,,,,,,,,,,,,,,0,0,1,2,0,1,0,15,,,
13460541,N,N,N,N,N,N,N,8/26/2013,9:00 PM,130118151,1006539,101,1666,Y,Y,,,19,,,1,14000,,WALLISVILLE,RD,N,N,40,N,N,,Y,19,,,1,100,,NORMANDY,ST,,,,,,,12,3,2,,1,1,5,9:15 PM,DISPATCHED,9:21 PM,8/26/2013,Y,TX1010000,1419,347,33,5,8,2,1,34,64,54,1,4,1,21,21,101,1666,29.80611936,-95.20228855,,,,,WALLISVILLE RD,14000,,,,,,,,,UNKNOWN,,,,,Y,N,Y,2,0,Y,MON,,,,,,,,,,,,,,,,,,,,,,,,,,,,,,,,,,,,,,,,,,,,,,,,,,,,,,,,0,1,0,1,0,1,0,15,,,
13460598,N,N,N,N,N,N,N,8/23/2013,2:19 PM,130116463,2000641,101,208,N,Y,,,19,,,1,9500,,NORTH,FWY,N,N,60,N,N,,N,3,249,,,,,NOT REPORTED,,,,,,,,11,1,0,2,1,1,1,2:19 PM,ON SIGHT,2:19 PM,8/23/2013,Y,TX1013100,2741,191,95,119,8,2,4,21,64,9,1,1,1,21,21,101,208,29.90092238,-95.41231143,IH,45,,58.197,IH0045,,110,6,34.219,58,0.153,,,,,,,,,Y,Y,N,5,9,Y,FRI,5,1,0,10,28,8,8,300,192,120,5,0,0,1,0,0,2,20,5,2,28,4,11,215390,2014,215390,5.5,4.6,10.1,,,,,,,,,,,,,,,,,,,,,,,,,,,0,0,0,2,0,0,0,15,,,
13460682,N,N,N,N,N,N,N,9/19/2013,3:18 PM,,,94,1659,Y,Y,29.59295,-98.14645,15,,,1,,,MARION,RD,N,N,45,N,N,,N,15,,,,,,YOUNGSFORD,RD,,,,,,,2,1,0,,1,2,1,3:19 PM,GCSO,3:41 PM,9/20/2013,Y,,10000,22,92,1,8,7,4,1,32,1,1,4,2,21,21,94,7327,29.59292632,-98.14648475,,,,,MARION RD,1887,,,,,,,,,,,,,,Y,N,Y,5,1,Y,THU,,,,,,,,,,,,,,,,,,,,,,,,,,,,,,,,,,,,,,,,,,,,,,,,,,,,,,,,0,0,0,1,0,0,0,28,,,
13460854,N,N,N,N,N,N,N,8/26/2013,1:00 PM,130117903,1012277,101,1666,Y,Y,,,19,,,1,6200,,SPRING CYPRESS,RD,N,N,45,N,N,,N,19,,,,,,T C JESTER,BLVD,,,,,,,2,1,0,,1,2,20,1:03 PM,DISPATCHED,1:11 PM,8/26/2013,Y,TX1010000,1419,80,4,5,8,2,4,22,64,42,1,4,1,21,21,101,1666,30.04992188,-95.51664799,,,,,SPRING CYPRESS RD,,,,,,,,,,,,,,,Y,N,Y,5,0,Y,MON,,,,,,,,,,,,,,,,,,,,,,,,,,,,,,,,,,,,,,,,,,,,,,,,,,,,,,,,0,0,0,2,0,0,0,15,,,
13460884,N,N,N,N,N,N,N,8/17/2013,10:54 AM,130113262,1014621,101,1666,Y,Y,,,15,,,1,2200,,GEARS,,N,N,35,N,N,,N,15,,,,,,TC JESTER,RD,,,,,,,11,1,98,,1,1,11,10:54 AM,DISPATCHED,11:04 AM,8/17/2013,Y,TX1010000,1419,80,4,5,8,2,3,14,64,14,1,4,1,32,21,101,1666,29.94592421,-95.45528795,,,,,GEARS RD,1968,,,,,,,,,,,,,,Y,N,Y,5,0,Y,SAT,,,,,,,,,,,,,,,,,,,,,,,,,,,,,,,,,,,,,,,,,,,,,,,,,,,,,,,,0,0,0,2,0,0,0,15,,,
13460911,N,N,N,N,N,N,N,8/24/2013,10:42 PM,130117248,1008392,101,1666,Y,Y,,,19,,,7,13900,,RAWLINGS,ST,N,N,0,N,N,,N,19,,,,,,RAVENDALE,RD,,,,,,,11,3,0,,7,10,1,12:14 AM,DISPATCHED,12:34 AM,8/25/2013,N,TX1010000,1419,347,33,5,8,7,4,1,62,31,1,4,2,21,21,101,1666,29.9214258,-95.2950931,,,,,RAWLINGS ST,13903,,,,,,,,,,,,,,Y,N,Y,5,0,Y,SAT,,,,,,,,,,,,,,,,,,,,,,,,,,,,,,,,,,,,,,,,,,,,,,,,,,,,,,,,0,0,0,1,2,0,0,15,,,
13461049,N,N,N,N,N,N,N,8/16/2013,11:28 AM,13/25469,,108,295,N,N,,,1,2,,2,1200,E,NOT REPORTED,,N,N,55,Y,Y,,N,4,396,,,700,S,BRYAN,RD,,,,,,,11,1,0,2,1,1,5,11:28 AM,DISPATCHED,11:35 AM,8/16/2013,Y,TX1081000,1791,,,,8,2,2,22,64,49,2,1,1,21,21,108,295,26.1990646,-98.31230096,IH,2,,7.138,IH0002,,39,17,18.74,858,-0.092,FM,396,,FM0396,,,,,N,Y,N,5,7,Y,FRI,5,0,11,10,23,2,6,300,114,72,4,0,0,2,21,5,2,21,5,2,2,4,11,58814,2014,58814,3.4,2.4,5.9,,,,,,,,,,,,,,,,,,,,,,,,,,,0,0,0,2,0,0,0,230,,,
13461085,N,N,N,N,N,N,N,8/16/2013,5:21 PM,2013-25488,,108,295,N,Y,,,1,2,,1,1100,E,US 83,,N,N,65,Y,N,,N,4,396,,,,,NOT REPORTED,,,,,,,,11,1,0,2,1,1,1,5:21 PM,DISPACTH,5:23 PM,8/16/2013,Y,TX1081000,1791,,,,8,2,4,22,64,49,1,1,1,21,21,108,295,26.1991038,-98.31258723,IH,2,,7.12,IH0002,,39,17,18.722,858,-0.11,,,,,,,,,Y,Y,N,3,7,Y,FRI,5,0,11,10,23,2,6,300,114,72,4,0,0,2,21,5,2,21,5,2,2,4,11,58814,2014,58814,3.4,2.4,5.9,,,,,,,,,,,,,,,,,,,,,,,,,,,0,0,1,2,0,1,0,230,,,
13461342,N,N,N,N,N,Y,N,9/17/2013,8:12 AM,,,57,107,N,Y,32.8692,-96.81096,12,,,1,,,DALLAS NORTH TOLLWAY,,N,Y,70,N,N,,N,,,,,,,NOT REPORTED,,100,F,N,295,,,11,1,0,,1,1,11,8:17 AM,DISPATCHED,8:45 AM,7/21/2014,Y,,10000,46,107,1,8,2,4,21,64,9,1,6,1,21,21,57,107,32.86920106,-96.810969,,,,,DALLAS NORTH TLWY,,,,,,,,,,NOT REPORTED,,,,,Y,N,N,5,9,Y,TUE,,,,,,,,,,,,,,,,,,,,,,,,,,,,,,,,,,,,,,,,,,,,,,,,,,,,,,,,0,0,0,2,0,0,0,282,,,
13461400,N,N,N,N,N,N,N,9/22/2013,10:30 PM,0119446613N,,101,208,N,Y,,,19,,,1,7100,W,FM 1960,,Y,N,45,N,N,,N,19,,,,,W,CHAMPIONS CENTRE,DR,,,,,,,11,4,0,,1,1,1,10:45 PM,DISPATCHED,10:52 PM,9/23/2013,Y,TXHPD0000,2469,6,106,87,8,2,4,10,64,3,7,9,5,33,21,101,208,,,,,,,W FM 1960,,,,,,,,,,,,,,,N,N,N,5,9,N,SUN,,,,,,,,,,,,,,,,,,,,,,,,,,,,,,,,,,,,,,,,,,,,,,,,,,,,,,,,0,0,0,2,0,0,0,,,,
13461877,N,N,N,N,N,N,N,9/21/2013,7:50 AM,242972A,,57,107,N,Y,,,19,,,1,6300,,TOWN HILL,,N,N,30,N,N,,N,19,,,,5000,,ABRAMS,RD,,,,,,,11,1,0,,1,1,1,7:52 AM,DISPATCHED,8:00 AM,9/21/2013,Y,TX0000006,2471,,,33,8,4,4,1,64,21,1,5,1,21,21,57,107,,,,,,,TOWN HILL,,,,,,,,,,,,,,,Y,N,N,2,9,N,SAT,,,,,,,,,,,,,,,,,,,,,,,,,,,,,,,,,,,,,,,,,,,,,,,,,,,,,,,,0,1,0,1,0,1,0,,,,
13462560,N,N,N,N,N,N,N,9/5/2013,8:19 PM,C1306606,,178,97,N,Y,,,19,,,1,700,,BUFFALO,ST,N,N,30,N,N,PUBLIC ROAD,N,19,,,1,800,N,CARANCAHUA,ST,,,,,PUBLIC ROAD,,11,4,0,,1,1,1,8:24 PM,DISPATCH,8:26 PM,9/5/2013,Y,TX1780200,1115,,,25,8,2,2,35,64,38,1,5,1,21,21,178,97,27.79826744,-97.39744458,,,,,BUFFALO ST,705,,,,,,,,,N CARANCAHUA ST,,,,,Y,N,N,5,9,Y,THU,,,,,,,,,,,,,,,,,,,,,,,,,,,,,,,,,,,,,,,,,,,,,,,,,,,,,,,,0,0,0,2,0,0,0,96,,,
13462763,N,N,N,N,N,N,N,9/11/2013,2:24 PM,1300037762,,94,394,N,Y,,,13,90,,1,100,E,E COURT ST,ST,N,N,30,N,N,,N,19,,,1,100,N,RIVER,ST,,,,,,,11,1,0,1,1,1,5,2:24 PM,DISPATCHED,2:26 PM,9/11/2013,Y,TX0940300,2109,,8,34,8,2,2,22,64,38,1,2,1,21,21,94,394,29.56892224,-97.96387748,UA,90,,2.185,UA0090,,25,4,14.385,522,0.189,,,,N RIVER ST,,,,,Y,Y,N,5,6,Y,WED,2,0,8,8,0,2,2,70,70,24,4,1,1,2,8,2,2,8,2,0,0,2,14,14477,2014,14477,2.3,2.2,4.5,,,,,,,,,,,,,,,,,,,,,,,,,,,0,0,0,2,0,0,0,28,,,
13463034,N,N,N,N,N,N,N,8/26/2013,2:19 PM,13-00200N,,123,306,N,Y,,,19,,,1,3700,,NEDERLAND,AVE,N,N,30,N,N,,N,19,,,1,100,S,37TH,ST,,,,,,,2,1,0,,1,2,11,2:19 PM,RADIO,2:25 PM,8/26/2013,Y,TX1230500,1836,203,269,82,8,2,3,34,64,13,1,5,1,32,21,123,306,29.95651851,-94.00626354,,,,,NEDERLAND AVE,3712,,,,,,,,,,,,,,Y,N,N,5,5,Y,MON,,,,,,,,,,,,,,,,,,,,,,,,,,,,,,,,,,,,,,,,,,,,,,,,,,,,,,,,0,0,0,3,0,0,0,135,,,
13463114,N,N,N,N,N,N,N,9/14/2013,1:30 PM,13-001575,,84,118,N,Y,,,1,45,,2,3600,,GULF,FWY,N,N,45,N,N,,Y,4,517,,1,100,W,FM 517,RD,,,,,,,11,1,4,2,1,1,21,1:32 PM,DISPATCHED,1:39 PM,9/14/2013,Y,TX0840200,1204,,,,8,2,2,20,64,3,2,1,1,21,21,84,118,29.44907379,-95.07699585,IH,45,,19.222,IH0045,,500,4,12.655,19,0.331,FM,517,,FM0517,,978,1,9.307,Y,Y,N,5,5,Y,SAT,5,0,12,12,26,9,6,300,118,72,5,0,0,2,22,5,2,24,5,2,4,3,11,101614,2014,101614,2.3,2,4.3,,,,,,,,,,,,,,,,,,,,,,,,,,,0,0,0,2,0,0,0,15,,,
13463115,N,N,N,N,N,N,N,9/16/2013,10:54 AM,13-001585,,84,118,N,Y,,,4,517,,1,2600,E,FM 517,RD,N,N,30,N,N,,Y,3,3,,1,,,NOT REPORTED,,,,,,,,11,1,0,3,1,1,20,10:59 AM,RADIO,11:09 AM,9/16/2013,Y,TX0840200,1204,,,,8,2,2,22,64,38,1,2,1,21,21,84,118,29.46072388,-95.05180359,SH,3,,19.786,SH0003,4298,51,3,6.215,498,-0.481,FM,517,,FM0517,,978,2,11.07,Y,Y,N,3,5,Y,MON,2,0,0,0,0,9,4,130,64,64,6,1,2,1,0,0,1,0,0,0,0,3,14,10531,2014,10531,9.3,5.2,14.4,,,,,,,,,,,,,,,,,,,,,,,,,,,0,0,2,3,0,2,0,15,,,
13463197,N,N,N,N,N,N,N,8/21/2013,7:43 AM,13-00488,,152,400,N,Y,33.45287,-101.65699,8,84,,1,1200,W,NOT REPORTED,,N,N,55,N,N,,Y,19,,,1,1600,N,20TH,ST,,,,,,,11,2,4,1,1,1,11,7:43 AM,RADIO,7:43 AM,8/21/2013,Y,TX1520400,2131,,,,8,2,2,22,64,47,1,2,1,21,21,152,400,33.45313389,-101.6575016,BU,84,E,0.822,BU0084E,,53,19,1.856,334,0.411,,,,N 20TH ST,,,,,Y,Y,N,2,4,Y,WED,2,0,7,7,0,9,2,100,38,24,6,0,0,2,7,5,2,7,5,0,0,2,14,2535,2014,2535,3.9,6.5,10.4,,,,,,,,,,,,,,,,,,,,,,,,,,,0,1,0,1,0,1,0,,,,
13463263,N,N,N,N,N,N,N,9/16/2013,2:46 PM,13-00987,,163,205,N,Y,,,19,,,1,2000,,AVENUE K,AVE,N,N,30,N,N,,N,19,,,1,1100,,21ST,ST,,,,,,,2,1,4,,1,2,8,2:47 PM,RADIO,2:49 PM,9/16/2013,Y,TX1630300,1470,42,242,326,8,7,3,3,30,13,1,5,2,32,21,163,205,,,,,,,AVENUE K AVE,,,,,,,,,,,,,,,Y,N,N,5,4,N,MON,,,,,,,,,,,,,,,,,,,,,,,,,,,,,,,,,,,,,,,,,,,,,,,,,,,,,,,,0,0,0,1,0,0,0,,,,
13464078,N,N,N,N,N,N,N,9/21/2013,11:59 PM,SAPD13209957,2230,15,379,N,Y,,,19,,,1,335,,OLD AUSTIN,RD,N,N,30,N,N,,N,19,,,,0,,SCHOFIELD,RD,,,,,,,0,6,0,,8,0,1,10:11 AM,DISPATCHED,10:39 AM,9/24/2013,N,TXSPD0000,2473,,61,123,8,4,4,5,64,54,1,5,1,21,21,15,379,29.45658144,-98.4560791,,,,,AUSTIN RD,339,,,,,,,,,,,,,,Y,N,N,0,9,Y,SAT,,,,,,,,,,,,,,,,,,,,,,,,,,,,,,,,,,,,,,,,,,,,,,,,,,,,,,,,0,0,0,0,1,0,0,28,,,
13464259,N,N,N,N,N,N,N,9/14/2013,5:53 PM,,,128,1693,Y,Y,28.79922,-97.8751,3,72,,1,,,NOT REPORTED,,N,N,70,N,N,,N,,,,,,,NOT REPORTED,,0.6,M,E,544,,,11,1,0,1,5,1,20,5:57 PM,KARNES CO DISPATCH,6:56 PM,9/14/2013,Y,,10000,12,92,1,8,7,4,1,33,54,1,2,2,21,21,128,1693,28.79847318,-97.87675034,SH,72,,70.146,SH0072,,270,7,10.517,544,0.6,,,,NOT REPORTED,,,,,Y,Y,Y,5,0,Y,SAT,2,0,10,10,0,2,2,100,44,24,4,0,0,2,10,5,2,10,5,0,0,1,6,8508,2014,8508,4.4,14.6,19,1,260,1,1,13,,,,,,,,,,,,,,,,,,,,,,0,0,0,1,0,0,0,,,,
13464292,N,Y,N,N,N,N,N,9/16/2013,4:30 PM,TX137B0FFE001,,128,1693,Y,Y,29.13181999,-97.78345,3,80,,1,,,NOT REPORTED,,N,N,60,N,N,,Y,3,119,,3,,,NOT REPORTED,,,,,,,,12,1,4,1,1,1,8,4:36 PM,DISPATCH,4:48 PM,9/16/2013,Y,,10000,12,92,1,8,2,1,10,64,54,3,2,1,21,21,128,1693,29.13143539,-97.78349304,SH,80,,67.125,SH0080,19548,348,3,6.948,532,-0.057,SH,119,,SH0119,,359,4,3.711,Y,Y,Y,3,0,Y,MON,2,0,10,10,0,2,2,120,44,24,4,0,0,2,10,5,2,10,5,0,0,1,7,5506,2014,5506,14.4,23.5,37.8,,,,,,,,,,,,,,,,,,,,,,,,,,,0,0,2,0,0,2,0,,,,
13464379,N,N,N,N,N,N,N,9/20/2013,10:30 AM,242118a,,57,107,N,Y,,,1,30,,3,2566,,E RL THORNTON RAMP,,N,N,45,N,N,,N,1,45,,,1581,,SOUTHBOUND I 45 EXPRESSWAY,,,,,,,,2,1,0,2,4,2,1,10:37 AM,DISPATCHED,10:40 AM,9/20/2013,N,TX0000006,2471,,,35,8,7,4,1,23,54,3,1,2,21,21,57,107,32.77922493,-96.78154877,IH,30,,47.003,IH0030,,9,11,4.74,47,-0.076,,,,,,,,,Y,Y,N,0,9,Y,FRI,5,1,4,10,0,9,8,300,134,96,5,0,0,2,10,5,2,20,5,2,4,4,11,166653,2014,166653,1.6,7.8,9.4,,,,,,,,,,,,,,,,,,,,,,,,,,,0,0,0,0,1,0,0,282,,,