Crash_ID,Crash_Fatal_Fl,Cmv_Involv_Fl,Schl_Bus_Fl,Rr_Relat_Fl,Medical_Advisory_Fl,Amend_Supp_Fl,Active_School_Zone_Fl,Crash_Date,Crash_Time,Case_ID,Local_Use,Rpt_CRIS_Cnty_ID,Rpt_City_ID,Rpt_Outside_City_Limit_Fl,Thousand_Damage_Fl,Rpt_Latitude,Rpt_Longitude,Rpt_Rdwy_Sys_ID,Rpt_Hwy_Num,Rpt_Hwy_Sfx,Rpt_Road_Part_ID,Rpt_Block_Num,Rpt_Street_Pfx,Rpt_Street_Name,Rpt_Street_Sfx,Private_Dr_Fl,Toll_Road_Fl,Crash_Speed_Limit,Road_Constr_Zone_Fl,Road_Constr_Zone_Wrkr_Fl,Rpt_Street_Desc,At_Intrsct_Fl,Rpt_Sec_Rdwy_Sys_ID,Rpt_Sec_Hwy_Num,Rpt_Sec_Hwy_Sfx,Rpt_Sec_Road_Part_ID,Rpt_Sec_Block_Num,Rpt_Sec_Street_Pfx,Rpt_Sec_Street_Name,Rpt_Sec_Street_Sfx,Rpt_Ref_Mark_Offset_Amt,Rpt_Ref_Mark_Dist_Uom,Rpt_Ref_Mark_Dir,Rpt_Ref_Mark_Nbr,Rpt_Sec_Street_Desc,Rpt_CrossingNumber,Wthr_Cond_ID,Light_Cond_ID,Entr_Road_ID,Road_Type_ID,Road_Algn_ID,Surf_Cond_ID,Traffic_Cntl_ID,Investigat_Notify_Time,Investigat_Notify_Meth,Investigat_Arrv_Time,Report_Date,Investigat_Comp_Fl,ORI_Number,Investigat_Agency_ID,Investigat_Area_ID,Investigat_District_ID,Investigat_Region_ID,Bridge_Detail_ID,Harm_Evnt_ID,Intrsct_Relat_ID,FHE_Collsn_ID,Obj_Struck_ID,Othr_Factr_ID,Road_Part_Adj_ID,Road_Cls_ID,Road_Relat_ID,Phys_Featr_1_ID,Phys_Featr_2_ID,Cnty_ID,City_ID,Latitude,Longitude,Hwy_Sys,Hwy_Nbr,Hwy_Sfx,Dfo,Street_Name,Street_Nbr,Control,Section,Milepoint,Ref_Mark_Nbr,Ref_Mark_Displ,Hwy_Sys_2,Hwy_Nbr_2,Hwy_Sfx_2,Street_Name_2,Street_Nbr_2,Control_2,Section_2,Milepoint_2,Txdot_Rptable_Fl,Onsys_Fl,Rural_Fl,Crash_Sev_ID,Pop_Group_ID,Located_Fl,Day_of_Week,Hwy_Dsgn_Lane_ID,Hwy_Dsgn_Hrt_ID,Hp_Shldr_Left,Hp_Shldr_Right,Hp_Median_Width,Base_Type_ID,Nbr_Of_Lane,Row_Width_Usual,Roadbed_Width,Surf_Width,Surf_Type_ID,Curb_Type_Left_ID,Curb_Type_Right_ID,Shldr_Type_Left_ID,Shldr_Width_Left,Shldr_Use_Left_ID,Shldr_Type_Right_ID,Shldr_Width_Right,Shldr_Use_Right_ID,Median_Type_ID,Median_Width,Rural_Urban_Type_ID,Func_Sys_ID,Adt_Curnt_Amt,Adt_Curnt_Year,Adt_Adj_Curnt_Amt,Pct_Single_Trk_Adt,Pct_Combo_Trk_Adt,Trk_Aadt_Pct,Curve_Type_ID,Curve_Lngth,Cd_Degr,Delta_Left_Right_ID,Dd_Degr,Feature_Crossed,Structure_Number,I_R_Min_Vert_Clear,Approach_Width,Bridge_Median_ID,Bridge_Loading_Type_ID,Bridge_Loading_In_1000_Lbs,Bridge_Srvc_Type_On_ID,Bridge_Srvc_Type_Under_ID,Culvert_Type_ID,Roadway_Width,Deck_Width,Bridge_Dir_Of_Traffic_ID,Bridge_Rte_Struct_Func_ID,Bridge_IR_Struct_Func_ID,CrossingNumber,RRCo,Poscrossing_ID,WDCode_ID,Standstop,Yield,Incap_Injry_Cnt,Nonincap_Injry_Cnt,Poss_Injry_Cnt,Non_Injry_Cnt,Unkn_Injry_Cnt,Tot_Injry_Cnt,Death_Cnt,MPO_ID,Investigat_Service_ID,Investigat_DA_ID,Investigator_Narrative
13474351,N,N,N,N,N,N,N,9/23/2013,11:01 AM,230730,,108,1673,Y,Y,26.1317,-97.99805,15,,,1,,,BORDER,AVE,N,N,30,N,N,,Y,15,,,1,,,25TH,ST,,,,,,,11,1,4,,1,1,8,11:06 AM,DPS COMMUNICATIONS,11:23 AM,9/24/2013,Y,,10000,12,127,1,8,2,1,14,64,54,1,4,1,21,21,108,1673,26.13173563,-97.99817254,,,,,S BORDER AVE,2499,,,,,,,,,25TH ST,,,,,Y,N,Y,5,0,Y,MON,,,,,,,,,,,,,,,,,,,,,,,,,,,,,,,,,,,,,,,,,,,,,,,,,,,,,,,,0,0,0,2,0,0,0,230,,,
13474676,N,N,N,N,N,N,N,9/25/2013,12:01 AM,0120829513K,,101,208,N,Y,,,19,,,1,3600,,DARLINGHURST,DR,N,N,30,N,N,CONCRETE,Y,19,,,1,,,FLEETWELL,DR,,,,,,,11,4,4,,1,1,8,12:01 AM,HPD DISPATCH,12:11 AM,9/26/2013,Y,TXHPD0000,2469,24,125,81,8,2,1,10,64,54,1,5,1,21,21,101,208,29.62403483,-95.43180308,,,,,DARLINGHURST DR,,,,,,,,,,FLEETWELL DR,,,,,Y,N,N,5,9,Y,WED,,,,,,,,,,,,,,,,,,,,,,,,,,,,,,,,,,,,,,,,,,,,,,,,,,,,,,,,0,0,0,2,0,0,0,15,,,
13474767,N,N,N,N,N,N,N,8/28/2013,4:47 PM,13-30722,,152,270,N,Y,,,19,,,1,2600,,AKRON,AVE,N,N,30,N,N,,Y,19,,,1,2500,,26TH,ST,,,,,,,11,1,4,,1,1,8,5:20 PM,POLICE RADIO,5:30 PM,8/28/2013,Y,TX1520200,1706,,,,8,2,1,10,64,54,1,5,1,21,21,152,270,33.57055434,-101.8725013,,,,,AKRON AVE,2601,,,,,,,,,26TH ST,,,,,Y,N,N,5,8,Y,WED,,,,,,,,,,,,,,,,,,,,,,,,,,,,,,,,,,,,,,,,,,,,,,,,,,,,,,,,0,0,0,3,0,0,0,122,,,
13474919,N,N,N,N,N,N,N,9/28/2013,4:16 PM,,,89,1654,Y,Y,29.39869,-97.66009,3,97,,1,,,NOT REPORTED,,N,N,60,N,N,,N,,,,,,,NOT REPORTED,,0.6,M,E,588,,,12,1,0,1,1,2,20,4:17 PM,RADIO,4:40 PM,9/28/2013,Y,TX0890000,1364,30,87,5,8,10,4,1,1,3,1,2,1,21,21,89,1654,29.39755988,-97.66140599,SH,97,,135.703,SH0097,,347,2,7.641,588,0.6,,,,NOT REPORTED,,,,,Y,Y,Y,5,0,Y,SAT,2,0,2,2,0,2,2,100,26,22,4,0,0,2,2,5,2,2,5,0,0,1,7,2683,2014,2683,2.2,9.5,11.7,,,,,,,,,,,,,,,,,,,,,,,,,,,0,0,0,2,0,0,0,,,,
13475046,N,Y,N,N,N,N,N,8/10/2013,2:15 AM,132220257,DWI,227,22,N,Y,,,19,,,1,200,E,4TH,ST,N,N,30,N,N,,N,19,,,,,,BRAZOS,ST,,,,,,,11,4,0,,1,1,11,2:24 AM,DISPATCHED,2:38 AM,8/10/2013,Y,TX2270100,74,22,115,144,8,2,4,11,64,12,1,5,1,12,21,227,22,30.26576908,-97.74211164,,,,,E 4TH ST,201,,,,,,,,,,,,,,Y,N,N,5,9,Y,SAT,,,,,,,,,,,,,,,,,,,,,,,,,,,,,,,,,,,,,,,,,,,,,,,,,,,,,,,,0,0,0,5,0,0,0,90,,,
13475185,N,N,N,N,N,N,N,9/30/2013,8:35 AM,13-096769,,220,156,N,Y,32.69284,-97.35006,19,,,1,2100,W,WAGGOMAN,ST,N,N,30,N,N,,N,19,,,,3800,,FRIZER,AVE,,,,,3800 FRAIZER,,11,1,98,,1,1,1,8:40 AM,DISPATCHED,8:54 AM,9/30/2013,Y,TX2201200,1318,4,11,23,8,2,3,11,64,14,1,5,1,32,21,220,156,32.69280429,-97.35050214,,,,,W WAGGOMAN ST,2188,,,,,,,,,,,,,,Y,N,N,5,9,Y,MON,,,,,,,,,,,,,,,,,,,,,,,,,,,,,,,,,,,,,,,,,,,,,,,,,,,,,,,,0,0,0,2,0,0,0,282,,,
13475357,N,N,N,N,N,N,N,9/27/2013,4:49 PM,13093963,,31,53,N,Y,,,4,511,,1,300,S,INDIANA,AVE,N,N,55,N,N,,Y,19,,,1,700,,MARRS,AVE,,,,,,,11,1,2,1,1,1,8,4:50 PM,DISPATCHED,5:07 PM,9/27/2013,Y,TX0310100,172,,125,65,8,2,1,10,64,54,1,3,1,21,21,31,53,25.91295564,-97.40736002,FM,511,,5.52,FM0511,298,684,2,12.754,568,0.402,,,,MARRS AVE,,,,,Y,Y,N,3,8,Y,FRI,2,0,0,0,0,2,2,60,24,24,4,0,0,1,0,0,1,0,0,0,0,4,14,8566,2014,8566,2.9,16.3,19.2,,,,,,,,,,,,,,,,,,,,,,,,,,,0,0,2,2,0,2,0,248,,,
13475452,N,N,N,N,N,N,N,9/30/2013,3:25 PM,2.01E+11,,57,357,N,Y,,,19,,,1,800,S,GREENVILLE,AVE,N,N,35,N,N,,Y,19,,,1,200,,CENTENNIAL,BLVD,,,,,,,11,1,4,,1,2,5,3:25 PM,DROVE BY,3:25 PM,9/30/2013,Y,TX0572000,2011,4,153,23,8,2,1,34,64,54,1,5,1,21,21,57,357,32.93884422,-96.73377258,,,,,S GREENVILLE AVE,,,,,,,,,,CENTENNIAL BLVD,,,,,Y,N,N,3,8,Y,MON,,,,,,,,,,,,,,,,,,,,,,,,,,,,,,,,,,,,,,,,,,,,,,,,,,,,,,,,0,0,4,1,0,4,0,282,,,
13475463,N,N,N,N,N,N,N,9/19/2013,3:07 PM,,,170,1735,Y,Y,30.10777,-95.25831,15,,,1,,,ANDREW,LN,N,N,30,N,N,,N,4,1314,,,,,NOT REPORTED,,,,,,,,2,1,2,,1,2,8,3:17 PM,DISPATCHED,3:24 PM,9/28/2013,Y,,10000,46,52,1,8,2,2,22,64,38,1,3,1,21,21,170,1735,30.10773832,-95.25827329,,,,,ANDREW LN,23484,,,,,,,,,UNKNOWN,,,,,Y,N,Y,5,0,Y,THU,,,,,,,,,,,,,,,,,,,,,,,,,,,,,,,,,,,,,,,,,,,,,,,,,,,,,,,,0,0,0,3,0,0,0,15,,,
13475567,N,N,N,N,N,N,N,9/17/2013,3:48 PM,17 HORTON,,102,1667,Y,Y,32.54837,-94.68758,4,2208,,1,,,NOT REPORTED,,N,N,60,N,N,,N,15,3617,,,,,NOT REPORTED,,,,,,,,2,1,0,1,1,2,11,3:59 PM,HARRISON CO. SO,4:08 PM,9/17/2013,Y,TXDPS3100,10000,8,28,1,8,2,3,20,64,42,1,3,1,32,21,102,1667,32.54818426,-94.68681342,FM,2208,,28.898,FM2208,,138,14,4.583,290,-0.164,,,,,,,,,Y,Y,Y,5,0,Y,TUE,2,0,4,4,0,2,2,100,32,24,4,0,0,2,4,5,2,4,5,0,0,1,7,4211,2014,4211,1.4,1.1,2.4,,,,,,,,,,,,,,,,,,,,,,,,,,,0,0,0,2,0,0,0,361,,,
13475677,N,Y,N,N,N,N,N,9/26/2013,7:00 PM,,,95,1660,Y,Y,34.04497,-101.8539,1,27,,1,,,NOT REPORTED,,N,N,75,N,N,,N,,,,,,,NOT REPORTED,,100,F,N,35,,,11,1,0,2,1,1,11,7:30 PM,HALE CO DISPATCH,7:35 PM,9/30/2013,Y,,10000,12,17,1,8,8,4,1,98,54,1,1,1,21,21,95,1660,34.02563414,-101.8538128,IH,27,,35.195,IH0027,,67,6,13.858,35,100,,,,NOT REPORTED,,,,,Y,Y,Y,5,0,Y,THU,5,0,4,10,50,8,4,340,76,48,5,0,0,2,8,5,2,20,5,3,42,1,1,10376,2014,10376,7.4,15.8,23.2,,,,,,,,,,,,,,,,,,,,,,,,,,,0,0,0,2,0,0,0,,,,
13475728,N,N,N,N,N,N,N,9/27/2013,10:50 PM,,,188,1753,Y,Y,35.29148,-101.84002,15,,,1,7723,,LEROY,WAY,N,N,35,N,N,,N,15,,,,,,ROBERTA,RD,,,,,,,12,3,0,,1,1,1,10:53 PM,DISSPATCHED,11:05 PM,10/2/2013,N,,10000,17,130,1,8,8,4,1,98,54,1,4,1,21,21,188,1753,35.2891893,-101.83999,,,,,LEROY WAY,7811,,,,,,,,,,,,,,Y,N,Y,1,0,Y,FRI,,,,,,,,,,,,,,,,,,,,,,,,,,,,,,,,,,,,,,,,,,,,,,,,,,,,,,,,1,0,1,1,0,2,0,120,,,
13475835,N,N,N,N,N,N,N,9/28/2013,2:55 PM,,,146,1711,Y,Y,29.9921,-94.74292,4,563,,1,,,NOT REPORTED,,N,N,60,N,N,,N,15,142,,,,,NOT REPORTED,,,,,,,,12,1,0,1,4,1,12,3:01 PM,LCSO - DISPATCH,3:07 PM,10/2/2013,Y,,10000,7,52,1,8,10,4,1,1,54,1,3,2,21,21,146,1711,29.99100774,-94.74224339,FM,563,,5.83,FM0563,3861,1023,2,5.886,452,-0.11,,,,,,,,,Y,Y,Y,5,0,Y,SAT,2,0,3,3,0,2,2,80,32,24,6,0,0,2,3,5,2,3,5,0,0,1,6,2929,2014,2929,5.5,3.7,9.1,1,81,5,2,21,,,,,,,,,,,,,,,,,,,,,,0,0,0,1,0,0,0,15,,,
13475961,N,N,N,N,N,N,N,10/1/2013,8:35 AM,0123158613F,FSGI,101,208,N,Y,,,1,10,,2,18900,,KATY SER S,FWY,N,N,45,N,N,DRY CONCRETE,Y,19,,,1,,S,GREENHOUSE,RD,,,,,,,12,1,2,2,1,1,5,10:35 AM,WALKIN,10:35 AM,10/1/2013,Y,TXHPD0000,2469,52,128,21,8,2,1,28,64,54,2,1,1,21,21,101,1666,29.78511867,-95.70618071,IH,10,,746.648,IH0010,,271,6,6.648,748,-0.019,,,,S GREENHOUSE RD,,,,,Y,Y,Y,5,0,Y,TUE,5,1,0,12,32,3,8,420,120,96,5,0,0,1,0,0,2,24,5,2,32,4,11,184991,2014,184991,4.3,5.2,9.5,,,,,,,,,,,,,,,,,,,,,,,,,,,0,0,0,2,0,0,0,15,,,
13476013,N,N,N,N,N,N,N,9/26/2013,4:51 PM,1300020858,,220,37,N,Y,,,19,,,1,7200,W,VICKERY,BLVD,N,N,40,N,N,,N,19,,,,5000,,BORDEN,DR,,,,,,,11,1,0,,1,1,11,4:51 PM,DROVE UP ON,4:51 PM,9/26/2013,Y,TX2200400,115,,,,8,2,3,10,64,14,1,5,1,32,21,220,37,32.69942905,-97.43862093,,,,,W VICKERY BLVD,7194,,,,,,,,,,,,,,Y,N,N,2,5,Y,THU,,,,,,,,,,,,,,,,,,,,,,,,,,,,,,,,,,,,,,,,,,,,,,,,,,,,,,,,0,1,1,0,0,2,0,282,,,
13476234,N,N,N,N,N,N,N,9/20/2013,6:25 PM,13-01381,,61,96,N,Y,33.748,-97.42,1,35,,1,7100,,I35E,,N,N,60,N,N,ASPHALT,N,19,,,1,,,CORINTH PARKWAY,,0.25,M,S,460,ASPHALT,,2,1,0,2,1,2,1,6:34 PM,DISPATCH,6:46 PM,9/20/2013,Y,TX0612300,1113,,,,8,2,4,20,64,42,1,1,1,21,21,61,96,33.14695648,-97.05612576,IH,35,E,88.835,IH0035E,,196,1,13.377,460,-0.25,,,,,,,,,Y,Y,N,5,5,Y,FRI,5,0,10,12,24,8,4,400,116,48,6,0,0,2,20,5,2,24,5,2,4,4,11,105494,2014,105494,3.2,6.1,9.3,,,,,,,,,,,,,,,,,,,,,,,,,,,0,0,0,2,0,0,0,282,,,
13476252,N,N,N,N,N,N,N,9/23/2013,12:12 PM,2013-010458,,235,440,N,Y,,,19,,,1,500,E,WATER,ST,N,N,35,N,N,,Y,19,,,1,700,S,WHEELER,ST,,,,,,,11,1,4,,1,1,8,12:14 PM,POLICE RADIO,12:15 PM,9/23/2013,Y,TX2350100,2366,,8,29,8,2,1,14,64,54,1,5,1,21,21,235,440,28.79180505,-97.00479271,,,,,E WATER ST,498,,,,,,,,,S WHEELER ST,,,,,Y,N,N,3,7,Y,MON,,,,,,,,,,,,,,,,,,,,,,,,,,,,,,,,,,,,,,,,,,,,,,,,,,,,,,,,0,0,1,3,0,1,0,363,,,
13476267,N,N,N,N,N,N,N,9/20/2013,7:35 PM,13-01384,,61,96,N,Y,,,1,35,E,1,7100,,BLK,,N,N,60,N,N,CONCRETE,N,19,,,,3000,,CORINTH,PKWY,,,,,CONCRETE,,2,1,0,2,1,2,20,8:20 PM,DISPATCH,8:20 PM,9/20/2013,Y,TX0612300,1113,,20,383,8,2,4,20,64,9,1,1,1,21,21,61,96,33.14356748,-97.05289713,IH,35,E,88.536,IH0035E,,196,1,13.08,459,0.448,,,,,,,,,Y,Y,N,5,5,Y,FRI,5,0,10,12,24,8,4,400,116,48,6,0,0,2,20,5,2,24,5,2,4,4,11,105494,2014,105494,3.2,6.1,9.3,,,,,,,,,,,,,,,,,,,,,,,,,,,0,0,0,1,1,0,0,282,,,
13476559,N,N,N,N,N,N,N,9/28/2013,11:42 AM,20130230,201311571,37,221,N,Y,,,3,175,,1,400,,FRANKSTON,HWY,N,N,45,N,N,STATE HIGHWAY,N,19,,,1,800,N,JOHNSON,ST,,,,,LOCAL ROAD,,12,1,0,1,1,1,1,11:43 AM,DISPATCHED,11:47 AM,9/29/2013,Y,TX0370100,1527,,,35,8,2,3,24,64,14,1,2,1,32,21,37,221,31.97369711,-95.27824435,US,175,,110.714,US0175,207,198,4,10.449,702,0.55,,,,,,,,,Y,Y,N,5,5,Y,SAT,2,0,8,8,0,2,2,80,44,26,4,0,0,2,8,5,2,8,5,0,0,2,14,5747,2014,5747,7,11.4,18.3,,,,,,,,,,,,,,,,,,,,,,,,,,,0,0,0,2,0,0,0,,,,
13476569,N,N,N,Y,N,N,N,9/30/2013,9:49 AM,2013-273-003,,246,169,N,Y,,,14,26,,1,2321,S,AUSTIN,AVE,N,N,40,N,N,,N,19,,,,,W,24TH,ST,,,,,LEANDER RD,,11,1,0,3,2,1,13,9:51 AM,DISPATCH,9:59 AM,9/30/2013,Y,TX2460200,1351,,,,8,2,4,22,64,38,1,2,1,17,21,246,169,30.62002458,-97.68091903,SS,26,,0.207,SS0026,2658,15,17,14.106,416,0.162,,,,,,,,,Y,Y,N,5,7,Y,MON,2,0,0,0,0,2,4,100,44,44,4,0,0,1,0,0,1,0,0,0,0,4,16,6999,2014,6999,1.2,0.4,1.6,,,,,,,,,,,,,,,,,,,,,,,,,,,0,0,0,2,0,0,0,90,,,
13476759,N,N,N,N,N,N,N,9/27/2013,12:01 PM,13-091693,,243,459,N,Y,33.87539,-98.53352,19,,,1,3500,,MAPLEWOOD,AVE,N,N,35,N,N,AT INTERSECTION,Y,19,,,1,3600,,GRANT,AVE,,,,,AT INTERSECTION,,11,1,4,,1,1,8,12:01 PM,DISPATCH,12:05 PM,9/27/2013,Y,TX2430500,2426,,,,8,2,1,14,64,3,1,5,1,21,21,243,459,33.87538413,-98.53159206,,,,,MAPLEWOOD AVE,3548,,,,,,,,,GRANT ST,,,,,Y,N,N,5,8,Y,FRI,,,,,,,,,,,,,,,,,,,,,,,,,,,,,,,,,,,,,,,,,,,,,,,,,,,,,,,,0,0,0,3,0,0,0,151,,,
13476766,N,N,N,N,N,N,N,9/22/2013,10:57 PM,13-091392,,243,459,N,Y,33.88314,-98.49203,11,473,,1,3000,,JACKSBORO,HWY,N,N,45,N,N,,Y,19,,,1,1400,,30TH,ST,,,,,,,11,4,0,3,4,1,11,11:00 PM,DISPATCHED,11:08 PM,9/23/2013,Y,TX2430500,2426,,,,8,7,2,1,30,54,1,2,2,21,21,243,459,33.88315501,-98.49203994,SL,473,,1.508,SL0473,3002,249,11,0.878,194,-0.382,US,82,,US0082,,,,,Y,Y,N,5,8,Y,SUN,2,0,10,10,0,9,4,100,68,48,6,0,0,2,10,5,2,10,5,0,0,3,14,14654,2014,14654,1.4,1.1,2.4,1,341,3,,0,,,,,,,,,,,,,,,,,,,,,,0,0,0,1,0,0,0,151,,,
13476868,N,N,N,N,N,N,N,9/18/2013,1:45 PM,13-48942,,108,132,N,Y,,,4,2061,,1,4100,S,MCCOLL,RD,N,N,55,N,N,,N,4,676,,,,,TRENTON,RD,,,,,,,11,1,0,,1,1,5,1:45 PM,RADIO DISPATCHED,1:55 PM,9/18/2013,N,TX1080400,1248,,,35,8,2,3,14,64,14,1,3,1,32,21,108,132,,,FM,2061,,,FM2061,,,,,,,,,,,,,,,Y,Y,N,5,7,N,WED,,,,,,,,,,,,,,,,,,,,,,,,,,,,,,,,,,,,,,,,,,,,,,,,,,,,,,,,0,0,0,2,0,0,0,,,,
13476984,N,N,N,N,N,N,N,10/2/2013,12:36 PM,P132750325,,79,1644,Y,Y,,,2,59,,4,22200,,NOT REPORTED,,N,N,65,N,N,,N,19,,,,0,,WILLIAMS WAY,BLVD,,,,,,,12,1,4,,1,2,8,12:39 PM,DISPATCH,12:56 PM,10/3/2013,Y,TX0790000,1312,,,35,8,2,2,22,64,1,4,2,1,21,21,79,1644,,,US,59,,,US0059,,,,,,,,,,WILLIAMS WAY BLVD,,,,,Y,Y,Y,5,0,N,WED,,,,,,,,,,,,,,,,,,,,,,,,,,,,,,,,,,,,,,,,,,,,,,,,,,,,,,,,0,0,0,2,0,0,0,,,,
13477124,N,N,N,N,N,N,N,10/2/2013,12:55 PM,SAPD13216538,7290,15,379,N,Y,,,19,,,1,6500,,PARK TEN,,N,N,35,N,N,,Y,19,,,1,6200,,IH 10 W ACCESS RD,,,,,,,,11,1,98,,1,1,8,1:00 PM,DISPATCHED,1:05 PM,10/2/2013,Y,TXSPD0000,2473,,61,123,8,1,2,1,64,3,1,5,1,21,21,15,379,,,,,,,PARK TEN,,,,,,,,,,IH 10 W ACCESS RD,,,,,Y,N,N,3,9,N,WED,,,,,,,,,,,,,,,,,,,,,,,,,,,,,,,,,,,,,,,,,,,,,,,,,,,,,,,,0,0,1,1,0,1,0,,,,
13477253,N,N,N,N,N,N,N,9/23/2013,5:41 PM,,,145,1710,Y,Y,31.27277,-95.98752999,1,45,,1,,,NOT REPORTED,,N,N,75,N,N,,N,,,,,,,NOT REPORTED,,0.2,M,N,165,,,11,1,0,2,4,1,11,5:49 PM,LCSO,5:53 PM,9/24/2013,Y,,10000,1,15,1,8,7,4,1,39,54,1,1,4,21,21,145,1710,31.27613784,-95.98881053,IH,45,,165.248,IH0045,,675,3,12.907,165,0.2,,,,NOT REPORTED,,,,,Y,Y,Y,5,0,Y,MON,5,0,5,10,58,2,4,345,78,48,6,0,0,2,10,5,2,20,5,,48,1,1,29439,2014,29439,3.9,36.5,40.4,1,536,1,1,28,,,,,,,,,,,,,,,,,,,,,,0,0,0,1,0,0,0,,,,
13477344,N,N,N,N,N,N,N,9/24/2013,8:25 PM,,,79,1644,Y,Y,29.66208,-95.64295,3,6,,1,,,NOT REPORTED,,N,N,50,N,N,,Y,15,,,1,,,LAKE WOODBRIDGE,,,,,,,,11,3,4,2,1,1,1,8:45 PM,DPS PIERCE,9:15 PM,10/2/2013,Y,,10000,16,52,1,8,2,1,14,64,54,1,2,1,21,21,79,1644,29.66064147,-95.64414027,SH,6,,499.59,SH0006,,1685,6,2.771,682,-0.067,,,,LAKE WOODBRIDGE DR,,,,,Y,Y,Y,5,0,Y,TUE,3,0,0,0,1,3,6,180,96,84,6,1,1,1,0,0,1,0,0,1,1,4,14,46360,2014,46360,3.9,1.4,5.2,1,729,1,2,38,,,,,,,,,,,,,,,,,,,,,,0,0,0,3,0,0,0,15,,,
13477397,N,N,N,N,N,N,N,9/21/2013,1:30 PM,13-172851,,43,336,N,Y,,,19,,,1,2000,,COIT,RD,N,N,40,N,N,,N,19,,,,4000,W,PARK,BLVD,,,,,,,11,1,0,,1,1,11,1:31 PM,PLANO DISPATCH,1:36 PM,9/21/2013,Y,TX0430600,1938,,,239,8,2,3,10,64,14,1,5,1,32,21,43,336,33.0295921,-96.77015256,,,,,COIT RD,,,,,,,,,,,,,,,Y,N,N,5,9,Y,SAT,,,,,,,,,,,,,,,,,,,,,,,,,,,,,,,,,,,,,,,,,,,,,,,,,,,,,,,,0,0,0,4,0,0,0,282,,,
13477496,N,N,N,N,N,N,N,9/25/2013,7:50 AM,13-24582,,227,1792,Y,Y,,,1,35,,1,15800,N,NOT REPORTED,,N,N,70,N,N,,N,19,,,,2000,,GRAND,AVE,,,,,,,11,1,0,2,1,1,11,7:50 AM,RADIO DISPATCH,8:00 AM,10/3/2013,Y,TX2270000,2292,,7,118,8,2,4,20,64,42,1,1,1,21,21,227,1792,30.45265526,-97.66625046,IH,35,,247.898,IH0035,,15,10,1.154,248,0.385,,,,,,,,,Y,Y,Y,5,0,Y,WED,5,0,4,10,11,2,6,300,100,72,4,0,0,2,8,5,2,20,5,2,3,4,11,133695,2014,133695,3.3,9.4,12.7,1,467,1,1,24,,,,,,,,,,,,,,,,,,,,,,0,0,0,2,0,0,0,90,,,
13477524,N,N,N,N,N,N,N,10/2/2013,4:37 PM,SAPD13216707,3310,15,379,N,Y,,,2,281,,1,10300,,US HWY 281 N,,N,N,65,N,N,10300 US 281 N (SB),N,19,,,,800,,ISOM,RD,,,,,,,11,1,0,,5,1,20,4:37 PM,SIGHT,4:37 PM,10/2/2013,Y,TXSPD0000,2473,,7,147,8,2,4,22,64,3,1,2,1,21,21,15,379,,,US,281,,,US0281,,,,,,,,,,,,,,,Y,Y,N,5,9,N,WED,,,,,,,,,,,,,,,,,,,,,,,,,,,,,,,,,,,,,,,,,,,,,,,,,,,,,,,,0,0,0,3,0,0,0,,,,
13477657,N,N,N,N,N,N,N,9/26/2013,12:45 PM,,,20,1585,Y,Y,29.2651,-95.451,9,288,,1,,,NOT REPORTED,,N,N,55,N,N,,N,3,288,,,,,NOT REPORTED,,,,,,,,11,1,0,2,1,1,1,12:50 PM,BCSO DISPATCH,1:16 PM,9/27/2013,Y,,10000,15,35,1,8,7,3,2,62,13,1,2,2,32,21,20,1585,29.26275541,-95.45008736,BS,288,B,1.59,BS0288B,,111,9,12.633,506,-0.412,,,,,,,,,Y,Y,Y,5,0,Y,THU,3,0,0,12,15,2,4,120,72,48,4,0,0,1,0,0,2,24,5,1,15,1,7,3920,2014,3920,2,0.6,2.6,,,,,,,,,,,,,,,,,,,,,,,,,,,0,0,0,2,0,0,0,15,,,
13477733,N,N,N,N,N,N,N,10/3/2013,10:15 AM,SAPD13217285,6260,15,379,N,Y,,,19,,,1,400,,VERNE,ST,N,N,30,N,N,,Y,19,,,1,500,,GARNETT,AVE,,,,,,,11,1,98,,1,1,8,10:15 AM,DISPATCH,10:31 AM,10/3/2013,N,TXSPD0000,2473,,11,175,8,2,1,34,64,3,1,5,1,21,21,15,379,29.35560499,-98.51084231,,,,,VERNE ST,500,,,,,,,,,GARNETT AVE,,,,,Y,N,N,3,9,Y,THU,,,,,,,,,,,,,,,,,,,,,,,,,,,,,,,,,,,,,,,,,,,,,,,,,,,,,,,,0,0,1,1,2,1,0,28,,,
13477774,N,N,N,N,N,N,N,9/25/2013,3:50 PM,2013-00730,,66,381,N,Y,,,19,,,1,,W,ALICE,ST,N,N,30,N,N,,Y,19,,,,,S,LOUISIANA,AVE,,,,,,,11,1,4,,1,1,1,3:50 PM,DISPATCH,3:51 PM,9/25/2013,Y,TX0660200,2076,22,81,106,8,2,1,13,64,54,1,5,1,21,21,66,381,27.7567253,-98.24238244,,,,,W ALICE ST,200,,,,,,,,,S LOUISIANA AVE,,,,,Y,N,Y,3,3,Y,WED,,,,,,,,,,,,,,,,,,,,,,,,,,,,,,,,,,,,,,,,,,,,,,,,,,,,,,,,0,0,3,1,1,3,0,,,,