Crash_ID,Crash_Fatal_Fl,Cmv_Involv_Fl,Schl_Bus_Fl,Rr_Relat_Fl,Medical_Advisory_Fl,Amend_Supp_Fl,Active_School_Zone_Fl,Crash_Date,Crash_Time,Case_ID,Local_Use,Rpt_CRIS_Cnty_ID,Rpt_City_ID,Rpt_Outside_City_Limit_Fl,Thousand_Damage_Fl,Rpt_Latitude,Rpt_Longitude,Rpt_Rdwy_Sys_ID,Rpt_Hwy_Num,Rpt_Hwy_Sfx,Rpt_Road_Part_ID,Rpt_Block_Num,Rpt_Street_Pfx,Rpt_Street_Name,Rpt_Street_Sfx,Private_Dr_Fl,Toll_Road_Fl,Crash_Speed_Limit,Road_Constr_Zone_Fl,Road_Constr_Zone_Wrkr_Fl,Rpt_Street_Desc,At_Intrsct_Fl,Rpt_Sec_Rdwy_Sys_ID,Rpt_Sec_Hwy_Num,Rpt_Sec_Hwy_Sfx,Rpt_Sec_Road_Part_ID,Rpt_Sec_Block_Num,Rpt_Sec_Street_Pfx,Rpt_Sec_Street_Name,Rpt_Sec_Street_Sfx,Rpt_Ref_Mark_Offset_Amt,Rpt_Ref_Mark_Dist_Uom,Rpt_Ref_Mark_Dir,Rpt_Ref_Mark_Nbr,Rpt_Sec_Street_Desc,Rpt_CrossingNumber,Wthr_Cond_ID,Light_Cond_ID,Entr_Road_ID,Road_Type_ID,Road_Algn_ID,Surf_Cond_ID,Traffic_Cntl_ID,Investigat_Notify_Time,Investigat_Notify_Meth,Investigat_Arrv_Time,Report_Date,Investigat_Comp_Fl,ORI_Number,Investigat_Agency_ID,Investigat_Area_ID,Investigat_District_ID,Investigat_Region_ID,Bridge_Detail_ID,Harm_Evnt_ID,Intrsct_Relat_ID,FHE_Collsn_ID,Obj_Struck_ID,Othr_Factr_ID,Road_Part_Adj_ID,Road_Cls_ID,Road_Relat_ID,Phys_Featr_1_ID,Phys_Featr_2_ID,Cnty_ID,City_ID,Latitude,Longitude,Hwy_Sys,Hwy_Nbr,Hwy_Sfx,Dfo,Street_Name,Street_Nbr,Control,Section,Milepoint,Ref_Mark_Nbr,Ref_Mark_Displ,Hwy_Sys_2,Hwy_Nbr_2,Hwy_Sfx_2,Street_Name_2,Street_Nbr_2,Control_2,Section_2,Milepoint_2,Txdot_Rptable_Fl,Onsys_Fl,Rural_Fl,Crash_Sev_ID,Pop_Group_ID,Located_Fl,Day_of_Week,Hwy_Dsgn_Lane_ID,Hwy_Dsgn_Hrt_ID,Hp_Shldr_Left,Hp_Shldr_Right,Hp_Median_Width,Base_Type_ID,Nbr_Of_Lane,Row_Width_Usual,Roadbed_Width,Surf_Width,Surf_Type_ID,Curb_Type_Left_ID,Curb_Type_Right_ID,Shldr_Type_Left_ID,Shldr_Width_Left,Shldr_Use_Left_ID,Shldr_Type_Right_ID,Shldr_Width_Right,Shldr_Use_Right_ID,Median_Type_ID,Median_Width,Rural_Urban_Type_ID,Func_Sys_ID,Adt_Curnt_Amt,Adt_Curnt_Year,Adt_Adj_Curnt_Amt,Pct_Single_Trk_Adt,Pct_Combo_Trk_Adt,Trk_Aadt_Pct,Curve_Type_ID,Curve_Lngth,Cd_Degr,Delta_Left_Right_ID,Dd_Degr,Feature_Crossed,Structure_Number,I_R_Min_Vert_Clear,Approach_Width,Bridge_Median_ID,Bridge_Loading_Type_ID,Bridge_Loading_In_1000_Lbs,Bridge_Srvc_Type_On_ID,Bridge_Srvc_Type_Under_ID,Culvert_Type_ID,Roadway_Width,Deck_Width,Bridge_Dir_Of_Traffic_ID,Bridge_Rte_Struct_Func_ID,Bridge_IR_Struct_Func_ID,CrossingNumber,RRCo,Poscrossing_ID,WDCode_ID,Standstop,Yield,Incap_Injry_Cnt,Nonincap_Injry_Cnt,Poss_Injry_Cnt,Non_Injry_Cnt,Unkn_Injry_Cnt,Tot_Injry_Cnt,Death_Cnt,MPO_ID,Investigat_Service_ID,Investigat_DA_ID,Investigator_Narrative
13484154,N,N,N,N,N,N,N,8/29/2013,5:12 PM,13-4458,,145,591,N,Y,,,3,164,,1,900,,DONNIE,RD,N,N,0,N,N,,N,19,,,,300,,BISON,TRL,,,,,,,11,1,0,1,1,1,12,5:13 PM,DISPATCH,5:15 PM,8/29/2013,Y,TX1450100,177,,,,8,7,2,2,61,3,1,2,2,21,21,145,591,31.4671863,-96.07445387,SH,164,,53.937,SH0164,440,413,6,2.133,634,0.171,,,,BISON TRL,,,,,Y,Y,Y,5,1,Y,THU,2,0,2,2,0,2,2,120,28,24,4,0,0,2,2,5,2,2,5,0,0,1,7,1867,2014,1867,2.2,12.6,14.9,,,,,,,,,,,,,,,,,,,,,,,,,,,0,0,0,1,0,0,0,,,,
13484200,N,N,N,N,N,N,N,9/19/2013,12:02 AM,130051987,,220,19,N,N,,,4,157,,1,1500,N,COLLINS,ST,N,N,40,N,N,,N,19,,,,900,,COPELAND,RD,,,,,,,11,4,0,2,1,1,11,12:23 AM,DISPATCH,12:34 AM,9/19/2013,N,TX2200100,59,,8,30,8,2,3,14,64,14,1,3,1,32,21,220,19,32.75892097,-97.0971503,FM,157,,7.598,FM0157,,747,3,12.276,270,-0.408,,,,,,,,,N,Y,N,5,9,Y,THU,3,0,0,0,10,3,4,100,64,64,4,1,0,1,0,0,1,0,0,1,10,4,14,34313,2014,34313,2.3,0.6,2.9,,,,,,,,,,,,,,,,,,,,,,,,,,,0,0,0,1,2,0,0,282,,,
13484267,N,N,N,N,N,N,N,8/10/2013,3:42 PM,48099-13,30904,123,339,N,Y,,,19,,,7,1901,,10TH,AVE,Y,N,0,N,N,,N,19,,,,3800,,DRYDEN,RD,,,,,,,11,1,0,,1,1,1,3:43 PM,DISPATCHED,3:49 PM,8/10/2013,N,TX1230700,1948,,,27,8,4,4,4,64,12,7,9,5,33,21,123,339,,,,,,,10TH AVE,,,,,,,,,,,,,,,N,N,N,0,7,N,SAT,,,,,,,,,,,,,,,,,,,,,,,,,,,,,,,,,,,,,,,,,,,,,,,,,,,,,,,,0,0,0,0,1,0,0,,,,
13484395,N,N,N,N,N,N,N,10/4/2013,2:00 AM,254353A,254365A,57,107,N,Y,,,19,,,1,5700,,MARQUITA,,N,N,30,N,N,,N,19,,,,3000,,GREENVILLE,,,,,,,,12,4,0,,1,1,1,7:45 AM,DISPATCHED,8:00 AM,10/4/2013,N,TX0000006,2471,,,35,8,4,4,5,64,54,1,5,1,21,21,57,107,32.82603155,-96.76956539,,,,,MARQUITA AVE,5727,,,,,,,,,,,,,,Y,N,N,0,9,Y,FRI,,,,,,,,,,,,,,,,,,,,,,,,,,,,,,,,,,,,,,,,,,,,,,,,,,,,,,,,0,0,0,0,1,0,0,282,,,
13484806,N,N,N,N,N,N,N,10/1/2013,7:00 AM,,,20,1585,Y,Y,29.40526,-95.4276,3,288,,1,,,NOT REPORTED,,N,N,50,N,N,FRONTAGE ROAD,Y,15,62,,1,,,NOT REPORTED,,,,,,,,11,1,2,2,1,1,8,7:01 AM,TEXAS CITY COMM,7:10 AM,10/3/2013,Y,,10000,8,35,1,8,2,1,14,64,54,2,2,1,21,21,20,881,29.40526141,-95.42704687,SH,288,,24.525,SH0288,,598,2,14.178,498,-0.804,,,,CR0062,,,,,Y,Y,Y,5,1,Y,TUE,4,0,4,10,105,9,4,420,80,48,5,0,0,2,10,5,2,14,5,3,95,1,2,46443,2014,46443,3.7,5.7,9.4,,,,,,,,,,,,,,,,,,,,,,,,,,,0,0,0,2,0,0,0,15,,,
13484981,N,N,N,N,N,N,N,9/3/2013,8:48 PM,132461779,,227,22,N,N,,,19,,,1,1300,,MONTOPOLIS,DR,N,N,35,N,N,,Y,19,,,1,,,MARIGOLD TER,,,,,,,,11,4,2,,1,1,15,8:49 PM,DISPATCH,8:51 PM,9/3/2013,Y,TX2270100,74,1045,98,129,8,1,2,3,64,54,1,5,1,21,21,227,22,30.23007479,-97.70019248,,,,,MONTOPOLIS DR,1401,,,,,,,,,MARIGOLD TER,,,,,Y,N,N,2,9,Y,TUE,,,,,,,,,,,,,,,,,,,,,,,,,,,,,,,,,,,,,,,,,,,,,,,,,,,,,,,,0,1,0,1,0,1,0,90,,,
13485019,N,N,N,N,N,N,N,10/8/2013,2:40 PM,13-99780,,220,156,N,N,32.73338,-97.35338,19,,,1,2300,W,ROSEDALE,ST,N,N,40,N,N,,Y,19,,,1,1000,,FORREST PARK,BLVD,,,,,,,11,1,4,2,1,1,5,2:54 PM,DISPATCHED,3:05 PM,10/8/2013,Y,TX2201200,1318,4,19,23,8,2,2,22,64,42,1,2,1,21,21,220,156,32.73075149,-97.22015862,SS,303,,1.019,SS0303,,2208,1,11.023,562,-0.976,,,,S FOREST AVE,,,,,N,Y,N,5,9,Y,TUE,3,0,0,8,22,3,4,130,88,72,4,0,0,1,0,0,2,16,5,3,22,4,14,14926,2014,14926,2.5,0.4,2.9,1,125,3,2,41,,,,,,,,,,,,,,,,,,,,,,0,0,0,3,0,0,0,282,,,
13485081,N,N,N,N,N,N,N,10/1/2013,7:03 PM,131001056,,165,291,N,Y,,,19,,,1,2300,W,CUTHBERT,AVE,N,N,20,N,N,,N,19,,,,1000,,MOGFORD,ST,,,,,,,11,1,0,,1,1,20,7:03 PM,DISPATCHED,7:11 PM,10/5/2013,Y,TX1650100,1782,,,629,8,2,3,23,64,13,1,5,1,32,21,165,291,32.00207207,-102.1036532,,,,,W CUTHBERT AVE,2395,,,,,,,,,,,,,,Y,N,N,5,8,Y,TUE,,,,,,,,,,,,,,,,,,,,,,,,,,,,,,,,,,,,,,,,,,,,,,,,,,,,,,,,0,0,0,2,0,0,0,174,,,
13485167,N,N,N,N,N,N,N,10/8/2013,4:11 PM,0126362013H,,101,208,N,Y,,,11,8,,2,10600,S,SOUTH SAM HOUSTON E,PKWY,N,N,50,N,N,,Y,19,,,1,11400,,BEAMER,RD,,,,,,,11,1,0,1,1,1,5,4:15 PM,HPD DISPATCH,4:21 PM,10/9/2013,Y,TXHPD0000,2469,24,104,17,8,2,1,10,64,54,2,2,1,21,21,101,208,29.60086882,-95.22870537,SL,8,,78.336,SL0008,,3256,4,11.845,760,0.677,,,,BEAMER RD,,,,,Y,Y,N,5,9,Y,TUE,1,0,0,0,0,9,3,300,36,36,5,1,1,1,0,0,1,0,0,0,0,4,14,13650,2014,13650,1.8,1.4,3.2,,,,,,,,,,,,,,,,,,,,,,,,,,,0,0,0,3,0,0,0,15,,,
13485286,N,N,N,N,N,N,N,10/1/2013,5:40 PM,0123321213T,,101,208,N,Y,,,19,,,1,7300,,BRETSHIRE,DR,N,N,30,N,N,,N,19,,,,7300,,BIGWOOD,RD,,,,,,,11,1,0,,1,1,1,5:40 PM,HPD DISPATCH,5:40 PM,10/1/2013,Y,TXHPD0000,2469,52,124,42,8,2,4,30,64,3,1,5,1,21,21,101,208,29.85459784,-95.29621231,,,,,BRETSHIRE DR,7304,,,,,,,,,,,,,,Y,N,N,5,9,Y,TUE,,,,,,,,,,,,,,,,,,,,,,,,,,,,,,,,,,,,,,,,,,,,,,,,,,,,,,,,0,0,0,3,0,0,0,15,,,
13485339,N,N,N,N,N,N,N,9/20/2013,9:41 AM,,,161,1726,Y,Y,31.64613,-97.09789,1,35,,1,,S,NOT REPORTED,HWY,N,N,70,N,N,,N,,,,,,,NOT REPORTED,,0.3,M,S,342,,,2,1,0,2,4,2,11,9:45 AM,DISPATCHED,10:01 AM,9/23/2013,Y,,10000,22,119,1,8,7,4,1,39,1,1,1,4,21,21,161,1726,31.64428468,-97.09695715,IH,35,,341.246,IH0035,,15,1,21.969,342,-0.3,,,,NOT REPORTED,,,,,Y,Y,Y,5,0,Y,FRI,5,0,6,10,48,2,4,300,80,48,4,0,0,2,12,5,2,20,5,3,36,3,11,56184,2014,56184,2.9,29.5,32.4,1,369,1,1,24,,,,,,,,,,,,,,,,,,,,,,0,0,0,2,0,0,0,140,,,
13485533,N,N,N,N,N,N,N,10/8/2013,4:29 PM,2013 84720,,108,283,N,Y,,,19,,,1,1800,W,NOLANA,AVE,N,N,40,N,N,,N,19,,,,4000,N,BICENTENNIAL,BLVD,,,,,,,11,1,0,,1,1,5,4:30 PM,DISPATCHED VIA RADIO,4:32 PM,10/8/2013,Y,TX1080800,1753,,,35,8,2,2,22,64,38,1,5,1,21,21,108,283,26.24066205,-98.23346319,,,,,W NOLANA AVE,1905,,,,,,,,,N BICENTENNIAL BLVD,,,,,Y,N,N,2,8,Y,TUE,,,,,,,,,,,,,,,,,,,,,,,,,,,,,,,,,,,,,,,,,,,,,,,,,,,,,,,,0,1,1,1,0,2,0,230,,,
13485772,N,N,N,N,N,N,N,9/25/2013,7:04 AM,13-06705,,15,257,N,Y,,,3,16,,1,6700,,BANDERA,RD,N,N,45,N,N,,N,4,471,,1,6600,,GRISSOM,RD,,,,,,,11,1,0,2,1,1,20,7:04 AM,DISPATCHED,7:08 AM,9/25/2013,Y,TX0151000,1654,,,139,8,2,4,22,64,42,1,2,1,21,21,15,257,29.49536814,-98.61869632,SH,16,,355.121,SH0016,6721,291,10,8.527,588,0.769,,,,,,,,,Y,Y,N,5,5,Y,WED,3,0,2,2,31,2,6,180,80,72,4,0,0,2,4,5,2,4,5,3,27,4,14,49259,2014,49259,4.4,4.4,8.9,,,,,,,,,,,,,,,,,,,,,,,,,,,0,0,0,3,0,0,0,28,,,
13485818,N,N,N,N,N,N,N,9/28/2013,8:11 PM,13-0102,,161,365,N,Y,,,11,340,,1,5400,W,LOOP 340,,N,N,60,N,N,,N,1,35,,1,,,NOT REPORTED,,,,,,,,2,4,0,,5,3,11,8:11 PM,RADIO,8:12 PM,9/28/2013,Y,TX1551100,2030,,,35,8,7,4,1,56,1,1,2,2,21,21,161,365,,,SL,340,,,SL0340,,,,,,,,,,,,,,,Y,Y,N,5,5,N,SAT,,,,,,,,,,,,,,,,,,,,,,,,,,,,,,,,,,,,,,,,,,,,,,,,,,,,,,,,0,0,0,1,0,0,0,,,,
13486020,N,N,N,N,N,N,N,9/28/2013,9:45 PM,13-23633,,212,434,N,Y,,,19,,,1,3900,,PATRIOT,DR,N,N,35,N,N,,N,19,,,1,3000,,UNIVERSITY,BLVD,,,,,,,2,3,0,,1,2,20,9:45 PM,DISPATCH,9:53 PM,9/29/2013,Y,TX21204X1,2316,19,126,159,8,2,2,20,64,54,1,5,1,21,21,212,434,32.31163392,-95.25957523,,,,,PATRIOT DR,3367,,,,,,,,,UNIVERSITY BLVD,,,,,Y,N,N,5,8,Y,SAT,,,,,,,,,,,,,,,,,,,,,,,,,,,,,,,,,,,,,,,,,,,,,,,,,,,,,,,,0,0,0,6,0,0,0,213,,,
13486152,N,N,N,N,N,N,N,9/9/2013,5:47 PM,13-32521,,152,270,N,Y,,,19,,,1,4200,,MEMPHIS,AVE,N,N,30,N,N,,Y,19,,,1,3800,,42ND,ST,,,,,,,11,1,4,,1,1,8,6:30 PM,DISPATCH,6:36 PM,9/9/2013,N,TX1520200,1706,,,,8,2,1,10,64,54,1,5,1,21,21,152,270,33.55621434,-101.8963813,,,,,MEMPHIS AVE,4201,,,,,,,,,42ND ST,,,,,Y,N,N,3,8,Y,MON,,,,,,,,,,,,,,,,,,,,,,,,,,,,,,,,,,,,,,,,,,,,,,,,,,,,,,,,0,0,2,1,1,2,0,122,,,
13486192,N,N,N,N,N,N,N,10/1/2013,7:30 AM,2013123978,,61,67,N,Y,,,19,,,1,2300,E,ROSEMEADE,PKWY,N,N,40,N,N,,Y,19,,,1,3700,,KELLY,BLVD,,,,,,,11,1,4,,1,1,5,8:10 AM,DISPATCHED,8:20 AM,10/1/2013,Y,TX0570400,214,,,170,8,2,1,34,64,54,1,5,1,21,21,61,67,33.01164421,-96.86598254,,,,,E ROSEMEADE PKWY,2300,,,,,,,,,KELLY BLVD,,,,,Y,N,N,5,8,Y,TUE,,,,,,,,,,,,,,,,,,,,,,,,,,,,,,,,,,,,,,,,,,,,,,,,,,,,,,,,0,0,0,6,0,0,0,282,,,
13486396,N,N,N,N,N,N,N,9/25/2013,5:28 PM,13-0900956,,21,55,N,Y,,,4,1179,,1,700,E,VILLA MARIA,RD,N,N,35,N,N,EAST BOUND TURN LANE,N,19,,,,,,WAYSIDE,DR,,,,,,,11,1,0,,1,1,20,5:30 PM,BRYAN DISPATCH,5:36 PM,9/25/2013,Y,TX0210100,174,,,,8,2,3,10,64,14,1,3,1,32,21,21,55,,,FM,1179,,,FM1179,,,,,,,,,,,,,,,Y,Y,N,5,7,N,WED,,,,,,,,,,,,,,,,,,,,,,,,,,,,,,,,,,,,,,,,,,,,,,,,,,,,,,,,0,0,0,2,0,0,0,,,,
13486397,N,N,N,N,N,N,N,9/25/2013,8:49 AM,13-0900932,,21,55,N,Y,,,3,6,,1,400,N,EARL RUDDER,FWY,N,N,75,N,N,INSIDE NB LANE,N,4,60,,1,1800,E,UNIVERSITY,DR,,,,,OVERPASS,,11,1,0,2,1,1,20,8:49 AM,DROVE UP TO IT,8:50 AM,9/25/2013,Y,TX0210100,174,,,,8,2,4,21,64,31,1,2,1,21,21,21,55,30.65267569,-96.31949625,SH,6,,406.158,SH0006,,49,12,8.114,590,-0.983,,,,,,,,,Y,Y,N,2,7,Y,WED,5,0,6,6,88,9,4,250,96,48,3,0,0,2,12,5,2,12,5,3,76,3,12,48360,2014,48360,6,11.8,17.8,,,,,,,,,,,,,,,,,,,,,,,,,,,0,1,0,2,0,1,0,249,,,
13486489,N,N,N,N,N,N,N,9/17/2013,8:16 AM,13-029251,,240,254,N,N,,,19,,,1,,,VALLADOLID,AVE,N,N,10,N,N,,N,19,,,1,600,,PRADA MACHIN,,,,,,,,11,4,0,,1,1,1,8:16 AM,MCT,8:16 AM,9/30/2013,Y,TX2400100,1644,,,81,8,4,4,5,64,54,1,5,2,21,21,240,254,27.43766948,-99.48095806,,,,,VALLADOLID AVE,111,,,,,,,,,,,,,,N,N,N,0,8,Y,TUE,,,,,,,,,,,,,,,,,,,,,,,,,,,,,,,,,,,,,,,,,,,,,,,,,,,,,,,,0,0,0,0,1,0,0,205,,,
13486529,N,N,N,N,N,N,N,9/24/2013,5:34 PM,13-030088,,240,254,N,N,,,2,83,,1,3700,,US HIGHWAY 83,,N,N,40,N,N,,N,19,,,1,1800,,LOMAS DEL SUR,,,,,,,,11,1,0,2,1,1,5,5:34 PM,,5:37 PM,9/24/2013,Y,TX2400100,1644,,,81,8,2,2,20,62,54,1,2,1,21,21,240,254,27.46310756,-99.47727191,US,83,,693.086,US0083,3711,38,1,3.922,722,-0.306,,,,LOMAS DEL SUR,,,,,Y,Y,N,2,8,Y,TUE,3,0,4,10,84,2,4,225,80,48,4,0,0,2,14,5,2,14,5,3,70,4,14,31323,2014,31323,3.9,16.7,20.6,,,,,,,,,,,,,,,,,,,,,,,,,,,0,1,0,1,0,1,0,205,,,
13486581,N,N,N,N,N,N,N,9/27/2013,6:38 PM,13-030451,,240,254,N,Y,,,14,20,,1,3700,,JAIME ZAPATA MEMORIAL,HWY,N,N,35,N,N,,N,19,,,1,400,,BOOM TOWN,ST,,,,,,,11,1,4,,1,2,1,6:38 PM,MCT DISPATCHED,6:45 PM,9/27/2013,Y,TX2400100,1644,,,28,8,2,4,21,64,9,1,2,1,21,21,240,254,27.49103048,-99.45933142,,,,,STATE SPUR 260,3592,,,,,,,,,,,,,,Y,N,N,3,8,Y,FRI,,,,,,,,,,,,,,,,,,,,,,,,,,,,,,,,,,,,,,,,,,,,,,,,,,,,,,,,0,0,4,2,0,4,0,205,,,
13486674,N,Y,N,N,N,N,N,10/2/2013,4:50 AM,,13-149386,57,107,N,Y,,,1,35,,1,2900,N,STEMMONS,FWY,N,N,60,N,N,SB IH 35,N,19,,,1,,,INWOOD,DR,,,,,,,11,4,0,,1,1,20,4:58 AM,RADIO DISPATCHED,5:08 AM,10/2/2013,Y,TX0570000,1169,,151,22,8,2,4,21,58,9,1,1,1,21,21,57,107,,,IH,35,,,IH0035,,,,,,,,,,,,,,,Y,Y,N,5,9,N,WED,,,,,,,,,,,,,,,,,,,,,,,,,,,,,,,,,,,,,,,,,,,,,,,,,,,,,,,,0,0,0,3,0,0,0,,,,
13486803,N,N,N,N,N,N,N,9/22/2013,7:35 AM,230003,230003,125,1690,Y,Y,27.72672,-97.98309,4,665,,1,,,NOT REPORTED,,N,N,70,N,N,,N,15,340,,,,,NOT REPORTED,,,,,,,,11,1,0,1,1,1,11,7:40 AM,JIM WELLS DISPATCH,7:53 AM,9/23/2013,Y,,10000,8,112,1,8,4,4,1,33,54,1,3,2,21,21,125,1690,27.72673759,-97.98326687,FM,665,,6.694,FM0665,3358,86,19,6.663,526,0.694,,,,,,,,,Y,Y,Y,3,0,Y,SUN,2,0,4,4,0,2,2,80,32,24,4,0,0,2,4,5,2,4,5,0,0,1,6,4847,2014,4847,4.9,3.9,8.8,,,,,,,,,,,,,,,,,,,,,,,,,,,0,0,2,1,0,2,0,,,,
13486952,N,N,N,N,N,N,N,10/9/2013,2:20 PM,SAPD13222262,5340,15,379,N,Y,,,1,410,,1,7400,SW,LOOP 410 INTERSTATE,HWY,N,N,65,N,N,,N,19,,,,8900,W,MILITARY,DR,,,,,,,11,1,0,2,1,1,1,2:23 PM,DISPATCHED,2:25 PM,10/9/2013,Y,TXSPD0000,2473,,19,148,8,2,4,22,64,42,1,1,1,21,21,15,379,29.44537531,-98.63636598,IH,410,,9.718,IH0410,7489,521,4,9.836,10,-0.429,,,,,,,,,Y,Y,N,5,9,Y,WED,5,0,8,10,21,2,6,300,112,72,4,0,0,2,18,5,2,22,5,2,3,4,11,63247,2014,63247,2.9,1.9,4.7,1,648,0,2,25,,,,,,,,,,,,,,,,,,,,,,0,0,0,2,0,0,0,28,,,
13487167,N,N,N,N,N,N,N,10/7/2013,8:30 AM,,,46,1611,Y,Y,29.82775,-98.35305,4,311,,1,,,NOT REPORTED,,N,N,55,N,N,,N,15,,,,,,CANTEBURY,RD,,,,,,,11,1,0,1,2,1,12,9:10 AM,COMAL CO SO DISPATCH,9:20 AM,10/10/2013,Y,,10000,3,92,1,8,7,4,1,33,29,1,3,2,21,21,46,1611,29.82778311,-98.35300932,FM,311,,5.076,FM0311,6214,1541,1,5.142,502,-0.882,,,,,,,,,Y,Y,Y,5,0,Y,MON,2,0,4,4,0,2,2,80,28,20,2,0,0,3,4,5,3,4,5,0,0,1,7,2286,2014,2286,11.6,5.9,17.5,,,,,,,,,,,,,,,,,,,,,,,,,,,0,0,0,1,0,0,0,28,,,
13487345,N,N,N,N,N,N,N,10/6/2013,2:20 AM,0125310813Z,FSGI,101,208,N,Y,,,19,,,1,12900,,MEMORIAL,DR,N,N,45,N,N,CONCRETED ROAD E/W,Y,12,,,2,600,W,SAM HOUSTON PKWY N,,,,,,,,11,4,0,,1,1,20,2:24 AM,DISPATCH,2:28 AM,10/6/2013,Y,TXHPD0000,2469,14,128,21,8,7,2,3,21,54,1,5,2,21,21,101,208,29.7727848,-95.56315304,,,,,MEMORIAL DR,,,,,,,,,,W SAM HOUSTON PKWY N,,,,,Y,N,N,0,9,Y,SUN,,,,,,,,,,,,,,,,,,,,,,,,,,,,,,,,,,,,,,,,,,,,,,,,,,,,,,,,0,0,0,0,1,0,0,15,,,
13487632,N,N,N,N,N,N,N,10/2/2013,3:59 PM,13-2170,,84,160,N,Y,,,19,,,1,800,,FALLING LEAF,DR,N,N,20,N,N,,N,19,,,1,700,,SUNSET,DR,,,,,,,12,1,0,,1,1,5,4:01 PM,DISPATCH,4:03 PM,10/2/2013,Y,TX0840300,1328,,,,8,2,2,22,64,38,1,5,1,21,21,84,160,29.51925761,-95.20568102,,,,,FALLING LEAF DR,663,,,,,,,,,SUNSET DR,,,,,Y,N,N,5,6,Y,WED,,,,,,,,,,,,,,,,,,,,,,,,,,,,,,,,,,,,,,,,,,,,,,,,,,,,,,,,0,0,0,3,0,0,0,15,,,
13487677,N,N,N,N,N,N,N,8/26/2013,8:11 AM,13-238051,,71,136,N,N,,,19,,,1,10400,,ALBUM,AVE,N,N,30,N,N,,N,19,,,7,2500,,CHASWOOD,ST,,,,,,,11,1,98,,1,1,1,8:32 AM,DISPATCH,8:41 AM,9/30/2013,Y,TX0710200,1259,,,221,8,2,4,21,64,54,1,5,1,21,21,71,136,31.77848588,-106.3371652,,,,,ALBUM AVE,10423,,,,,,,,,,,,,,N,N,N,5,9,Y,MON,,,,,,,,,,,,,,,,,,,,,,,,,,,,,,,,,,,,,,,,,,,,,,,,,,,,,,,,0,0,0,5,0,0,0,66,,,
13487754,N,N,N,N,N,N,N,9/27/2013,11:41 AM,13-270108,,71,136,N,Y,31.76554,-106.48909,19,,,1,900,N,CAMPBELL,ST,N,N,30,N,N,,Y,19,,,1,500,,MONTANA,,,,,,,,11,1,0,2,1,1,1,11:43 AM,DISPATCHED,11:59 AM,9/27/2013,Y,TX0710200,1259,,,,8,2,1,10,64,54,1,2,1,21,21,71,136,31.75636363,-106.4830128,US,62,,0.558,US0062,,1,4,6.037,20,-1.31,,,,S CAMPBELL ST,,,,,Y,Y,N,3,9,Y,FRI,3,0,0,0,4,8,6,94,63,63,5,1,1,1,0,0,1,0,0,1,4,4,14,16504,2014,16504,2.3,1.2,3.4,,,,,,,,,,,,,,,,,,,,,,,,,,,0,0,1,1,0,1,0,66,,,
13487790,N,N,N,N,N,N,N,9/28/2013,7:45 PM,13-271175,,71,136,N,Y,,,1,10,,1,,,I 10 HWY EB,,N,N,65,N,N,BLACKTOP,N,19,,,1,12300,,EASTLAKE,,,,,,BLACKTOP,,11,4,0,,1,1,1,7:45 PM,DISPATCHED,7:55 PM,10/1/2013,Y,TX0710200,1259,,,111,8,2,4,20,64,9,1,1,1,21,21,71,136,,,IH,10,,,IH0010,,,,,,,,,,,,,,,Y,Y,N,5,9,N,SAT,,,,,,,,,,,,,,,,,,,,,,,,,,,,,,,,,,,,,,,,,,,,,,,,,,,,,,,,0,0,0,4,0,0,0,,,,
13487858,N,N,N,N,N,N,N,9/16/2013,9:12 AM,,13-139535,57,107,N,N,,,1,635,,5,2400,E,LYNDON B JOHNSON,FWY,N,N,60,N,N,,N,1,35,,5,11700,S,STEMMONS,FWY,,,,,,,11,1,0,2,1,1,20,9:17 AM,RADIO DISPATCHED,9:24 AM,9/16/2013,N,TX0570000,1169,,53,22,8,2,4,21,64,8,5,1,3,21,21,57,107,32.90781431,-96.90205907,IH,635,,28.031,IH0635,,2374,1,14.644,28,-0.338,,,,,,,,,N,Y,N,5,9,Y,MON,5,1,10,12,28,2,8,800,140,96,5,0,0,2,20,5,2,24,5,2,8,4,11,123155,2014,123155,2.8,3.7,6.4,,,,,,,,,,,,,,,,,,,,,,,,,,,0,0,0,2,1,0,0,282,,,
13487862,N,N,N,N,N,N,N,10/2/2013,5:30 PM,,,57,67,N,Y,32.97932,-96.93332,12,,,1,,,PRESIDENT GEORGE BUSH TURNPIKE,,N,Y,70,N,N,,N,,,,,,,NOT REPORTED,,100,F,N,1350,,,11,1,0,,5,1,20,5:37 PM,DISPATCHED,5:55 PM,10/3/2013,Y,,10000,22,107,1,8,2,4,22,64,42,1,6,1,21,21,57,67,32.97929713,-96.93324735,,,,,PRESIDENT GEORGE BUSH TPKE,,,,,,,,,,NOT REPORTED,,,,,Y,N,N,5,8,Y,WED,,,,,,,,,,,,,,,,,,,,,,,,,,,,,,,,,,,,,,,,,,,,,,,,,,,,,,,,0,0,0,2,0,0,0,282,,,