Crash_ID,Crash_Fatal_Fl,Cmv_Involv_Fl,Schl_Bus_Fl,Rr_Relat_Fl,Medical_Advisory_Fl,Amend_Supp_Fl,Active_School_Zone_Fl,Crash_Date,Crash_Time,Case_ID,Local_Use,Rpt_CRIS_Cnty_ID,Rpt_City_ID,Rpt_Outside_City_Limit_Fl,Thousand_Damage_Fl,Rpt_Latitude,Rpt_Longitude,Rpt_Rdwy_Sys_ID,Rpt_Hwy_Num,Rpt_Hwy_Sfx,Rpt_Road_Part_ID,Rpt_Block_Num,Rpt_Street_Pfx,Rpt_Street_Name,Rpt_Street_Sfx,Private_Dr_Fl,Toll_Road_Fl,Crash_Speed_Limit,Road_Constr_Zone_Fl,Road_Constr_Zone_Wrkr_Fl,Rpt_Street_Desc,At_Intrsct_Fl,Rpt_Sec_Rdwy_Sys_ID,Rpt_Sec_Hwy_Num,Rpt_Sec_Hwy_Sfx,Rpt_Sec_Road_Part_ID,Rpt_Sec_Block_Num,Rpt_Sec_Street_Pfx,Rpt_Sec_Street_Name,Rpt_Sec_Street_Sfx,Rpt_Ref_Mark_Offset_Amt,Rpt_Ref_Mark_Dist_Uom,Rpt_Ref_Mark_Dir,Rpt_Ref_Mark_Nbr,Rpt_Sec_Street_Desc,Rpt_CrossingNumber,Wthr_Cond_ID,Light_Cond_ID,Entr_Road_ID,Road_Type_ID,Road_Algn_ID,Surf_Cond_ID,Traffic_Cntl_ID,Investigat_Notify_Time,Investigat_Notify_Meth,Investigat_Arrv_Time,Report_Date,Investigat_Comp_Fl,ORI_Number,Investigat_Agency_ID,Investigat_Area_ID,Investigat_District_ID,Investigat_Region_ID,Bridge_Detail_ID,Harm_Evnt_ID,Intrsct_Relat_ID,FHE_Collsn_ID,Obj_Struck_ID,Othr_Factr_ID,Road_Part_Adj_ID,Road_Cls_ID,Road_Relat_ID,Phys_Featr_1_ID,Phys_Featr_2_ID,Cnty_ID,City_ID,Latitude,Longitude,Hwy_Sys,Hwy_Nbr,Hwy_Sfx,Dfo,Street_Name,Street_Nbr,Control,Section,Milepoint,Ref_Mark_Nbr,Ref_Mark_Displ,Hwy_Sys_2,Hwy_Nbr_2,Hwy_Sfx_2,Street_Name_2,Street_Nbr_2,Control_2,Section_2,Milepoint_2,Txdot_Rptable_Fl,Onsys_Fl,Rural_Fl,Crash_Sev_ID,Pop_Group_ID,Located_Fl,Day_of_Week,Hwy_Dsgn_Lane_ID,Hwy_Dsgn_Hrt_ID,Hp_Shldr_Left,Hp_Shldr_Right,Hp_Median_Width,Base_Type_ID,Nbr_Of_Lane,Row_Width_Usual,Roadbed_Width,Surf_Width,Surf_Type_ID,Curb_Type_Left_ID,Curb_Type_Right_ID,Shldr_Type_Left_ID,Shldr_Width_Left,Shldr_Use_Left_ID,Shldr_Type_Right_ID,Shldr_Width_Right,Shldr_Use_Right_ID,Median_Type_ID,Median_Width,Rural_Urban_Type_ID,Func_Sys_ID,Adt_Curnt_Amt,Adt_Curnt_Year,Adt_Adj_Curnt_Amt,Pct_Single_Trk_Adt,Pct_Combo_Trk_Adt,Trk_Aadt_Pct,Curve_Type_ID,Curve_Lngth,Cd_Degr,Delta_Left_Right_ID,Dd_Degr,Feature_Crossed,Structure_Number,I_R_Min_Vert_Clear,Approach_Width,Bridge_Median_ID,Bridge_Loading_Type_ID,Bridge_Loading_In_1000_Lbs,Bridge_Srvc_Type_On_ID,Bridge_Srvc_Type_Under_ID,Culvert_Type_ID,Roadway_Width,Deck_Width,Bridge_Dir_Of_Traffic_ID,Bridge_Rte_Struct_Func_ID,Bridge_IR_Struct_Func_ID,CrossingNumber,RRCo,Poscrossing_ID,WDCode_ID,Standstop,Yield,Incap_Injry_Cnt,Nonincap_Injry_Cnt,Poss_Injry_Cnt,Non_Injry_Cnt,Unkn_Injry_Cnt,Tot_Injry_Cnt,Death_Cnt,MPO_ID,Investigat_Service_ID,Investigat_DA_ID,Investigator_Narrative
13505598,N,N,N,N,N,N,N,9/6/2013,4:39 PM,130123768,1009795,101,1666,Y,N,,,19,,,1,9800,W,LITTLE YORK,RD,N,N,30,Y,N,,N,19,,,,,,EMPIRE CENTRAL,DR,,,,,,,11,1,0,,1,1,20,4:40 PM,DISPATCHED,5:48 PM,9/6/2013,Y,TX1010000,1419,110,4,5,8,2,1,21,64,49,1,4,1,21,21,101,1666,29.87156893,-95.54508759,,,,,W LITTLE YORK RD,9863,,,,,,,,,EMPIRE CENTRAL DR,,,,,N,N,Y,5,0,Y,FRI,,,,,,,,,,,,,,,,,,,,,,,,,,,,,,,,,,,,,,,,,,,,,,,,,,,,,,,,0,0,0,4,0,0,0,15,,,
13505710,N,N,N,N,N,N,N,9/4/2013,4:16 PM,130122772,1019910,101,1666,Y,N,,,19,,,1,16700,,CHAMPION SPRINGS,BLVD,N,N,30,N,N,,N,15,,,,9001,,LOUETTA,RD,,,,,,,11,1,0,,1,1,5,6:16 PM,DISPATCHED,6:16 PM,9/4/2013,Y,TX1010000,1419,74,4,5,8,2,2,22,64,38,1,4,1,21,21,101,1666,30.01280144,-95.53859638,,,,,CHAMPION FOREST DR,,,,,,,,,,LOUETTA RD,,,,,N,N,Y,5,0,Y,WED,,,,,,,,,,,,,,,,,,,,,,,,,,,,,,,,,,,,,,,,,,,,,,,,,,,,,,,,0,0,0,4,0,0,0,15,,,
13505883,N,N,N,N,N,N,N,8/13/2013,8:00 AM,130111034,1010729,101,1666,Y,N,,,19,,,1,1400,,DELLDALE,,N,N,30,N,N,,N,19,,,,,,15200 N SILVER GREEN,,,,,,,,11,1,4,,1,1,20,7:50 AM,ON SIGHT,7:50 AM,8/13/2013,Y,TX1010000,1419,217,4,5,8,2,2,36,64,54,1,4,1,21,21,101,1666,,,,,,,DELLDALE,,,,,,,,,,15200 N SILVER GREEN,,,,,N,N,Y,5,0,N,TUE,,,,,,,,,,,,,,,,,,,,,,,,,,,,,,,,,,,,,,,,,,,,,,,,,,,,,,,,0,0,0,3,0,0,0,,,,
13505928,N,N,N,N,N,N,N,8/15/2013,12:14 PM,130112210,2500170,101,1666,Y,Y,,,19,,,1,10900,W,SCARSDALE BL,,N,N,35,N,N,TWO LANE ROADWAY,N,19,,,,10900,,BEAMER,RD,,,,,,,12,1,0,,1,1,1,12:11 PM,DISPATCHED,12:14 PM,8/15/2013,Y,TX1014700,2742,159,235,96,8,2,3,10,64,14,1,4,1,32,14,101,1666,29.58439607,-95.21402633,,,,,SCARSDALE BLVD,,,,,,,,,,,,,,,Y,N,Y,5,0,Y,THU,,,,,,,,,,,,,,,,,,,,,,,,,,,,,,,,,,,,,,,,,,,,,,,,,,,,,,,,0,0,0,5,0,0,0,15,,,
13506091,N,N,N,N,N,N,N,9/13/2013,2:00 PM,130127074,5000512,101,208,N,Y,,,12,8,,1,10700,S,SAM HOUSTON TOLLWAY,,N,Y,65,Y,Y,,N,19,,,,,W,AIRPORT,,,,,,,,11,1,0,,1,1,20,2:09 PM,DISPATCHED,2:15 PM,9/13/2013,Y,TX1015200,1418,61,88,271,8,2,4,22,64,49,1,6,1,21,21,101,208,29.64696761,-95.54300082,,,,,W SAM HOUSTON PKWY S,,,,,,,,,,,,,,,Y,N,N,3,9,Y,FRI,,,,,,,,,,,,,,,,,,,,,,,,,,,,,,,,,,,,,,,,,,,,,,,,,,,,,,,,0,0,1,1,0,1,0,15,,,
13506355,N,N,N,N,N,N,N,9/29/2013,5:00 PM,130134894,1017736,101,1666,Y,Y,,,19,,,1,11700,,NORTHPOINTE,BLVD,N,N,40,N,N,PUBLIC ROADWAY,N,3,249,,,,,TOMBALL,PKWY,,,,,PUBLIC ROADWAY,,12,1,98,,1,1,20,5:00 PM,DISPATCHED,5:23 PM,9/29/2013,Y,TX1010000,1419,110,4,5,8,2,3,10,64,14,1,4,1,32,21,101,1666,30.03652774,-95.60362689,,,,,NORTHPOINTE BLVD,,,,,,,,,,,,,,,Y,N,Y,5,0,Y,SUN,,,,,,,,,,,,,,,,,,,,,,,,,,,,,,,,,,,,,,,,,,,,,,,,,,,,,,,,0,0,0,2,0,0,0,15,,,
13506546,N,Y,N,N,N,N,N,8/30/2013,4:55 PM,130120241,1010238,101,1666,Y,Y,,,19,,,1,400,,SHELDON,RD,N,N,35,N,N,,N,15,,,,,E,FW,,,,,,,,11,1,0,,1,1,20,5:00 PM,DISPATCHED,5:24 PM,8/30/2013,Y,TX1010000,1419,109,4,5,8,2,4,21,64,54,1,4,1,21,21,101,1666,29.7769548,-95.12434315,,,,,SHELDON RD,400,,,,,,,,,,,,,,Y,N,Y,5,0,Y,FRI,,,,,,,,,,,,,,,,,,,,,,,,,,,,,,,,,,,,,,,,,,,,,,,,,,,,,,,,0,0,0,3,0,0,0,15,,,
13506665,N,Y,N,N,N,N,N,9/4/2013,9:10 AM,130122521,1016633,101,1666,Y,Y,,,2,290,,3,29000,,NOT REPORTED,,N,N,50,Y,N,,N,15,,,,,,FAIRFIELD FALLS,WAY,,,,,,,11,1,0,2,1,1,20,9:28 AM,DISPATCHED,9:44 AM,9/4/2013,Y,TX1010000,1419,205,33,5,8,2,2,21,64,49,3,2,1,21,21,101,1666,29.9938082,-95.75564978,US,290,,251.353,US0290,,50,6,11.475,716,0.444,,,,FAIRFIELD FALLS PKWY,,,,,Y,Y,Y,5,0,Y,WED,5,0,10,8,210,9,4,400,84,48,6,0,0,2,18,5,2,18,5,3,192,4,12,75514,2014,75514,5.1,7.4,12.4,,,,,,,,,,,,,,,,,,,,,,,,,,,0,0,0,3,0,0,0,15,,,
13506724,N,N,N,N,N,N,N,9/13/2013,4:09 PM,130127110,3503640,101,1666,Y,Y,,,19,,,1,21300,,KUYKENDAHL,RD,N,N,45,N,N,,N,4,2920,,,6000,,NOT REPORTED,,,,,,,,11,1,2,,1,1,20,4:09 PM,DISPATCHED,4:09 PM,9/13/2013,Y,TX1014900,2744,250,5,6,8,2,3,10,64,14,1,4,1,32,21,101,1666,30.07194465,-95.51115698,,,,,KUYKENDAHL RD,20833,,,,,,,,,,,,,,Y,N,Y,5,0,Y,FRI,,,,,,,,,,,,,,,,,,,,,,,,,,,,,,,,,,,,,,,,,,,,,,,,,,,,,,,,0,0,0,3,0,0,0,15,,,
13507170,N,N,N,N,N,N,N,10/4/2013,4:05 PM,2013-010919,,235,440,N,Y,,,8,77,,1,5500,N,NAVARRO,ST,N,N,40,N,N,,N,19,,,1,100,,SALEM,RD,,,,,,,11,1,0,3,1,1,20,4:08 PM,POLICE RADIO,4:09 PM,10/4/2013,Y,TX2350100,2366,,8,78,8,2,4,20,64,42,1,2,1,21,21,235,440,28.84643351,-96.99909422,BU,77,S,1.209,BU0077S,5522,370,5,18.211,576,-0.765,,,,,,,,,Y,Y,N,5,7,Y,FRI,2,0,0,0,0,2,6,120,92,88,4,1,1,1,0,0,1,0,0,0,0,3,14,37984,2014,37984,1.9,0.5,2.3,,,,,,,,,,,,,,,,,,,,,,,,,,,0,0,0,2,0,0,0,363,,,
13507175,N,N,N,N,N,N,N,10/2/2013,5:05 PM,2013-010840,,235,440,N,Y,,,19,,,1,500,E,MOCKINGBIRD,LN,N,N,35,N,N,,Y,19,,,1,4500,,LILAC,LN,,,,,,,11,1,4,,1,1,8,5:07 PM,DISPATCHED,5:10 PM,10/3/2013,Y,TX2350100,2366,,8,78,8,2,1,10,64,54,1,5,1,21,21,235,440,28.83554504,-96.99913271,,,,,E MOCKINGBIRD LN,699,,,,,,,,,LILAC LN,,,,,Y,N,N,5,7,Y,WED,,,,,,,,,,,,,,,,,,,,,,,,,,,,,,,,,,,,,,,,,,,,,,,,,,,,,,,,0,0,0,2,0,0,0,363,,,
13507455,N,N,N,N,N,N,N,8/31/2013,1:30 AM,130125135,1011272,101,208,N,Y,,,17,,,7,444,NW,MALL,,Y,N,0,N,N,,N,19,,,,9400,,HEMPSTEAD,RD,,,,,,,11,4,0,,1,1,1,1:30 AM,ON SIGHT,1:30 AM,8/31/2013,Y,TX1010000,1419,109,4,5,8,4,4,1,61,54,7,9,5,33,21,101,208,,,,,,,NW MALL,,,,,,,,,,,,,,,N,N,N,5,9,N,SAT,,,,,,,,,,,,,,,,,,,,,,,,,,,,,,,,,,,,,,,,,,,,,,,,,,,,,,,,0,0,0,2,0,0,0,,,,
13507476,N,N,N,N,N,N,N,9/9/2013,5:00 PM,130125174,1019141,101,1666,Y,Y,,,19,,,1,14200,,CYPRESS N HOUSTON,RD,N,N,40,N,N,,N,19,,,,,,TERREBONE,DR,,,,,,,11,1,0,,2,1,20,5:23 PM,DISPATCHED,5:30 PM,9/10/2013,Y,TX1010000,1419,110,4,5,8,2,3,22,64,47,1,4,1,32,21,101,1666,29.94722178,-95.63774356,,,,,CYPRESS NORTH HOUSTON RD,14290,,,,,,,,,,,,,,Y,N,Y,5,0,Y,MON,,,,,,,,,,,,,,,,,,,,,,,,,,,,,,,,,,,,,,,,,,,,,,,,,,,,,,,,0,0,0,4,0,0,0,15,,,
13507506,N,N,N,N,N,N,N,8/31/2013,2:15 PM,130120672,1017761,101,1666,Y,N,,,19,,,1,6600,,CYPRESSWOOD,DR,N,N,35,N,N,,N,1,,,,,,GREENFIELD,DR,,,,,,,11,1,0,,1,1,11,2:12 PM,DISPATCHED,2:20 PM,8/31/2013,Y,TX1010000,1419,74,4,5,8,2,4,21,64,9,1,4,1,21,21,101,1666,30.01205482,-95.51212243,,,,,CYPRESSWOOD DR,6851,,,,,,,,,,,,,,N,N,Y,5,0,Y,SAT,,,,,,,,,,,,,,,,,,,,,,,,,,,,,,,,,,,,,,,,,,,,,,,,,,,,,,,,0,0,0,2,0,0,0,15,,,
13507539,N,N,N,N,N,N,N,8/31/2013,9:20 PM,130120842,1024170,101,1666,Y,N,,,19,,,1,14900,,TILLEY,ST,N,N,30,N,N,,Y,19,,,1,6000,,ADDICKS SATSUMA,RD,,,,,,,11,4,98,,1,1,8,9:32 PM,DISPATCHED,10:18 PM,8/31/2013,Y,TX1010000,1419,123,4,5,8,2,1,10,64,54,1,4,1,21,21,101,1666,29.86258479,-95.63288302,,,,,TILLEY ST,14999,,,,,,,,,ADDICKS SATSUMA RD,,,,,N,N,Y,5,0,Y,SAT,,,,,,,,,,,,,,,,,,,,,,,,,,,,,,,,,,,,,,,,,,,,,,,,,,,,,,,,0,0,0,3,0,0,0,15,,,
13507563,N,N,N,N,N,N,N,8/15/2013,3:00 PM,13-0147,,2,13,N,Y,,,19,,,1,100,SE,AVE D,,N,N,30,N,N,,Y,3,385,,1,800,S,MAIN,ST,,,,,,,11,1,4,,1,1,8,3:00 PM,DISPATCHED,2:58 PM,8/15/2013,Y,TX0020100,40,202,87,5,8,7,2,2,29,54,1,2,2,21,21,2,13,32.31325458,-102.5448512,,,,,SE AVENUE E,100,,,,,,,,,UNKNOWN,,,,,Y,N,N,5,5,Y,THU,,,,,,,,,,,,,,,,,,,,,,,,,,,,,,,,,,,,,,,,,,,,,,,,,,,,,,,,0,0,0,1,0,0,0,,,,
13507658,N,N,N,N,N,N,N,8/30/2013,6:55 PM,130120196,1016813,101,1666,Y,Y,,,19,,,1,5400,,WADE,RD,N,N,40,N,N,TWO-WAY ROADWAY,Y,19,,,1,4700,,REDELL,RD,,,,,TWO-WAY ROADWAY,,11,1,0,,1,1,8,6:55 PM,DISPATCHED,4:06 PM,8/30/2013,Y,TX1010000,1419,109,4,5,8,2,1,10,64,3,1,4,1,21,21,101,1666,29.78067479,-95.01650318,,,,,WADE RD,5328,,,,,,,,,REDELL RD,,,,,Y,N,Y,3,0,Y,FRI,,,,,,,,,,,,,,,,,,,,,,,,,,,,,,,,,,,,,,,,,,,,,,,,,,,,,,,,0,0,2,3,0,2,0,15,,,
13507664,N,N,N,N,N,N,N,8/30/2013,3:13 PM,130120175,1011269,101,1666,Y,Y,,,19,,,1,11900,,WALTERS,RD,N,N,30,N,N,,Y,19,,,1,2800,,SPEARS,RD,,,,,,,11,1,0,,1,1,6,3:17 PM,DISPATCHED,3:45 PM,8/30/2013,Y,TX1010000,1419,74,4,5,8,2,1,10,64,54,1,4,1,21,21,101,1666,29.96462476,-95.46488306,,,,,WALTERS RD,,,,,,,,,,SPEARS RD,,,,,Y,N,Y,5,0,Y,FRI,,,,,,,,,,,,,,,,,,,,,,,,,,,,,,,,,,,,,,,,,,,,,,,,,,,,,,,,0,0,0,2,0,0,0,15,,,
13507677,N,N,N,N,N,N,N,9/21/2013,4:20 AM,130130828,1014584,101,1666,Y,Y,,,19,,,1,4700,,ATASCOCITA,RD,N,N,45,N,N,,N,15,,,,,,ATASCOCITA MEADOWS,DR,,,,,,,2,3,0,,1,2,20,4:21 AM,DISPATCHED,4:28 AM,9/21/2013,Y,TX1010000,1419,227,4,5,8,7,4,1,22,3,1,4,2,21,21,101,1666,29.98452042,-95.20443872,,,,,ATASCOCITA RD,4700,,,,,,,,,,,,,,Y,N,Y,1,0,Y,SAT,,,,,,,,,,,,,,,,,,,,,,,,,,,,,,,,,,,,,,,,,,,,,,,,,,,,,,,,1,0,0,1,0,1,0,15,,,
13507729,N,N,N,N,N,N,N,9/21/2013,1:00 PM,130130986,1023200,101,208,N,Y,,,2,90,,2,13065,,CROSBY FW,,N,N,50,N,N,,N,19,,,,,S,LAKE HOUSTON PARKWAY,,,,,,,,11,1,3,2,1,1,5,2:17 PM,DISPATCHED,2:40 PM,9/21/2013,N,TX1010000,1419,109,4,5,8,7,2,1,21,32,2,2,2,21,21,101,208,29.80513512,-95.21803418,US,90,,661.966,US0090,,28,2,5.952,850,-5.049,FM,526,,FM0526,,,,,Y,Y,N,5,9,Y,SAT,5,0,4,10,58,9,8,250,136,96,5,0,0,2,8,5,2,20,5,3,50,4,12,24040,2014,24040,2.2,5.8,8,1,350,1,1,18,,,,,,,,,,,,,,,,,,,,,,0,0,0,1,1,0,0,15,,,
13507850,N,N,N,N,N,N,N,9/3/2013,3:17 PM,130122075,1017404,101,1666,Y,N,,,19,,,7,3050,N,FRY,RD,Y,N,0,N,N,,N,19,,,,,,MORTON,RD,,,,,,,11,1,0,,1,1,1,3:22 PM,DISPATCHED,3:29 PM,9/3/2013,Y,TX1010000,1419,205,33,5,8,2,4,40,64,12,7,9,5,33,21,101,1666,,,,,,,N FRY RD,,,,,,,,,,,,,,,N,N,Y,5,0,N,TUE,,,,,,,,,,,,,,,,,,,,,,,,,,,,,,,,,,,,,,,,,,,,,,,,,,,,,,,,0,0,0,2,0,0,0,,,,
13507905,N,N,N,N,N,N,N,8/20/2013,11:38 AM,130114716,1015685,101,1666,Y,Y,,,3,99,,2,600,,NOT REPORTED,,N,N,50,N,N,,N,15,,,,,,KINGSLAND,BLVD,,,,,,,11,1,0,2,1,1,20,11:41 AM,DISPATCHED,11:55 AM,8/20/2013,Y,TX1010000,1419,205,33,5,8,2,4,21,64,9,2,2,1,21,21,101,1666,29.77214585,-95.7772173,SH,99,,17.304,SH0099,,3510,5,0.721,698,0.257,,,,,,,,,Y,Y,Y,5,0,Y,TUE,5,0,12,12,184,9,4,400,96,48,5,0,0,2,24,5,2,24,5,1,160,4,12,34390,2014,34390,3,0.7,3.7,1,220,1,2,11,,,,,,,,,,,,,,,,,,,,,,0,0,0,2,0,0,0,15,,,
13507998,N,N,N,N,N,N,N,8/23/2013,6:51 PM,130116626,3502201,101,1666,Y,Y,,,19,,,1,12000,,SPRING CYPRESS,RD,N,N,30,N,N,,N,19,,,,17000,N,ELDRIDGE,PKWY,,,,,,,11,1,4,,1,1,20,6:52 PM,DISPATCHED,6:55 PM,8/23/2013,Y,TX1014900,2744,44,5,6,8,2,4,21,64,54,1,4,1,21,21,101,1666,30.01271337,-95.60823099,,,,,SPRING CYPRESS RD,,,,,,,,,,,,,,,Y,N,Y,3,0,Y,FRI,,,,,,,,,,,,,,,,,,,,,,,,,,,,,,,,,,,,,,,,,,,,,,,,,,,,,,,,0,0,1,1,0,1,0,15,,,
13508032,N,N,N,N,N,N,N,8/23/2013,4:15 PM,130116562,1018300,101,1666,Y,Y,,,4,1960,,1,4845,W,NOT REPORTED,,Y,N,0,N,N,,N,15,,,,,,VETERANS MEMORIAL,DR,,,,,,,11,1,0,,1,1,1,4:50 PM,DISPATCHED,5:34 PM,8/23/2013,N,TX1010000,1419,74,4,5,8,4,4,5,64,54,7,9,5,33,21,101,1666,,,FM,1960,,,FM1960,,,,,,,,,,,,,,,N,Y,Y,5,0,N,FRI,,,,,,,,,,,,,,,,,,,,,,,,,,,,,,,,,,,,,,,,,,,,,,,,,,,,,,,,0,0,0,1,1,0,0,,,,
13508073,N,N,N,N,N,N,N,8/20/2013,7:33 PM,130114951,1015812,101,1666,Y,Y,,,19,,,1,22900,,GOSLING,RD,N,N,45,N,N,,N,19,,,,,,ROOT,RD,,,,,,,11,5,0,,2,1,1,7:43 PM,DISPATCHED,7:51 PM,8/20/2013,Y,TX1010000,1419,,7,276,8,2,4,22,64,42,1,4,1,21,21,101,1666,30.09656375,-95.50679694,,,,,GOSLING RD,22870,,,,,,,,,,,,,,Y,N,Y,2,0,Y,TUE,,,,,,,,,,,,,,,,,,,,,,,,,,,,,,,,,,,,,,,,,,,,,,,,,,,,,,,,0,2,2,0,0,4,0,15,,,
13508262,N,N,N,N,N,N,N,9/20/2013,10:55 PM,130130765,3502356,101,1666,Y,N,,,19,,,7,23800,,ALDINE WESTFIELD,RD,Y,N,0,N,N,,N,15,,,,,,NORTH SPRING DRIVE,,,,,,,,12,4,0,,1,1,1,10:55 PM,DISPATCHED,11:01 PM,9/20/2013,Y,TX1014900,2744,66,5,6,8,2,4,40,64,12,7,9,5,33,21,101,1666,,,,,,,ALDINE WESTFIELD RD,,,,,,,,,,,,,,,N,N,Y,5,0,N,FRI,,,,,,,,,,,,,,,,,,,,,,,,,,,,,,,,,,,,,,,,,,,,,,,,,,,,,,,,0,0,0,3,0,0,0,,,,
13508275,N,N,N,N,N,N,N,8/30/2013,6:37 PM,130120271,1017384,101,1666,Y,N,,,19,,,1,302,N,MAIN,ST,Y,N,35,N,N,,N,15,,,,,E,WALLISVILLE,,,,,,,,11,1,0,,7,1,1,6:23 PM,DISPATCHED,6:37 PM,8/30/2013,Y,TX1010000,1419,109,4,5,8,2,4,10,64,54,7,9,5,33,21,101,1666,,,,,,,N MAIN ST,,,,,,,,,,,,,,,N,N,Y,5,0,N,FRI,,,,,,,,,,,,,,,,,,,,,,,,,,,,,,,,,,,,,,,,,,,,,,,,,,,,,,,,0,0,0,2,0,0,0,,,,
13508279,N,N,N,N,N,N,N,8/30/2013,6:42 PM,130120284,1018470,101,1666,Y,Y,,,19,,,1,13700,,ALDINE WESTFIELD,RD,N,N,0,N,N,,Y,19,,,1,2000,,LAUDER,RD,,,,,,,11,1,2,,1,1,5,6:42 PM,DISPATCHED,7:15 PM,8/30/2013,Y,TX1010000,1419,282,4,5,8,2,2,32,64,38,1,4,1,21,21,101,208,29.91318477,-95.35540309,,,,,ALDINE WESTFIELD RD,13698,,,,,,,,,LAUDER RD,,,,,Y,N,N,5,9,Y,FRI,,,,,,,,,,,,,,,,,,,,,,,,,,,,,,,,,,,,,,,,,,,,,,,,,,,,,,,,0,0,0,1,1,0,0,15,,,
13508319,N,N,N,N,N,N,N,9/12/2013,1:26 AM,130126308,1024310,101,1666,Y,Y,,,19,,,1,9500,,VETERANS MEMORIAL,DR,N,N,45,N,N,,Y,19,,,1,1800,W,MOUNT HOUSTON RD HO,,,,,,,,11,4,2,,1,1,5,1:26 AM,ON SIGHT,1:26 AM,9/12/2013,Y,TX1010000,1419,220,4,5,8,2,1,10,64,3,1,4,1,21,21,101,1666,29.89798478,-95.42933307,,,,,VETERANS MEMORIAL DR,,,,,,,,,,W MOUNT HOUSTON RD,,,,,Y,N,Y,2,0,Y,THU,,,,,,,,,,,,,,,,,,,,,,,,,,,,,,,,,,,,,,,,,,,,,,,,,,,,,,,,0,1,1,0,0,2,0,15,,,
13508638,N,N,N,N,N,N,N,9/8/2013,3:44 PM,130124617,1016590,101,1666,Y,Y,,,15,,,1,3400,,BERTRAND,ST,N,N,0,N,N,,N,15,,,,11400,,HARTLEY,RD,,,,,,,11,1,0,,1,1,1,3:50 PM,DISPATCHED,3:57 PM,9/8/2013,Y,TX1010000,1419,282,4,5,8,2,3,11,64,14,1,4,1,32,21,101,1666,29.88688141,-95.33085924,,,,,BERTRAND ST,3486,,,,,,,,,,,,,,Y,N,Y,5,0,Y,SUN,,,,,,,,,,,,,,,,,,,,,,,,,,,,,,,,,,,,,,,,,,,,,,,,,,,,,,,,0,0,0,2,0,0,0,15,,,
13508705,N,N,N,N,N,N,N,9/5/2013,6:17 AM,130122985,1017871,101,1666,Y,Y,,,12,8,,2,,S,SAM HOUSTON,PKWY,N,Y,45,N,N,,Y,3,288,,2,13800,,SOUTH,FWY,,,,,,,12,3,4,,1,1,5,6:23 AM,DISPATCHED,7:00 AM,9/5/2013,Y,TX1010000,1419,217,4,5,8,2,1,10,64,3,2,2,1,21,21,101,1666,29.59774484,-95.38972309,,,,,SOUTH FWY,,,,,,,SL,8,,SL0008,,,,,Y,N,Y,3,0,Y,THU,,,,,,,,,,,,,,,,,,,,,,,,,,,,,,,,,,,,,,,,,,,,,,,,,,,,,,,,0,0,1,3,0,1,0,15,,,
13509803,N,N,N,N,N,Y,N,9/6/2013,10:18 PM,130049742,,220,19,N,N,,,19,,,7,4001,,ARLINGTON HIGHLANDS,BLVD,Y,N,0,N,N,RED ROBINS PARKING LOT,N,1,20,,,400,E,NOT REPORTED,HWY,,,,,,,11,4,0,,1,1,17,10:18 PM,ON VIEW,10:18 PM,10/16/2013,N,TX2200100,59,,8,190,8,4,4,4,1,12,7,9,5,33,21,220,19,,,,,,,ARLINGTON HIGHLANDS BLVD,,,,,,,,,,,,,,,N,N,N,0,9,N,FRI,,,,,,,,,,,,,,,,,,,,,,,,,,,,,,,,,,,,,,,,,,,,,,,,,,,,,,,,0,0,0,0,1,0,0,,,,
13509834,N,N,N,N,N,N,N,9/24/2013,11:02 AM,A13-29671,,108,295,N,Y,,,3,107,,1,400,S,CONWAY,AVE,N,N,30,N,N,,Y,19,,,1,100,,NORTH,ST,,,,,,,11,1,0,3,1,1,20,11:02 AM,DISPATCHED,11:04 AM,9/24/2013,Y,TX1081000,1791,,,,8,2,1,20,64,47,1,2,1,32,21,108,295,26.20248407,-98.32815283,SH,107,,0.117,SH0107,499,219,1,1.084,504,-0.003,,,,NORTH ST,,,,,Y,Y,N,3,7,Y,TUE,2,0,8,0,0,2,4,170,73,62,4,2,1,2,8,5,1,0,0,0,0,4,14,16697,2014,16697,1.3,1.4,2.7,,,,,,,,,,,,,,,,,,,,,,,,,,,0,0,1,1,0,1,0,230,,,
13510181,N,N,N,N,N,Y,N,10/6/2013,7:30 AM,13-526702,,188,12,N,Y,,,19,,,1,100,N,BUCHANAN,ST,N,N,35,N,N,UNDER PASS,N,19,,,1,500,NE,2ND,AVE,,,,,,,11,1,0,3,7,1,20,7:36 AM,DISPATCHED,7:39 AM,10/6/2013,N,TX1880100,33,,,133,8,2,4,20,64,54,1,2,1,21,21,188,12,35.21127379,-101.833079,US,60,,95.256,US0060,348,41,7,1.965,324,-0.119,,,,,,,,,Y,Y,N,5,8,Y,SUN,0,0,0,0,0,9,12,424,318,218,6,2,2,1,16,0,1,16,0,4,0,3,14,31528,2014,31528,2.4,34.4,36.8,,,,,,,,,,,,,,,,,,,,,,,,,,,0,0,0,2,1,0,0,120,,,
13510495,N,N,N,N,N,N,N,10/6/2013,6:32 PM,130055189,HIT AND RUN,220,19,N,Y,,,19,,,1,2500,E,LAMAR,BLVD,N,N,45,N,N,,N,3,360,,,1100,N,WATSON,FWY,,,,,,,11,1,0,,1,1,20,6:32 PM,DISPATCH,6:33 PM,10/6/2013,N,TX2200100,59,,8,150,8,2,2,22,64,36,1,2,1,21,21,220,19,32.76196788,-97.06555456,,,,,E LAMAR BLVD,,,,,,,SH,360,,SH0360,,,,,Y,N,N,5,9,Y,SUN,,,,,,,,,,,,,,,,,,,,,,,,,,,,,,,,,,,,,,,,,,,,,,,,,,,,,,,,0,0,0,4,1,0,0,282,,,