Crash_ID,Crash_Fatal_Fl,Cmv_Involv_Fl,Schl_Bus_Fl,Rr_Relat_Fl,Medical_Advisory_Fl,Amend_Supp_Fl,Active_School_Zone_Fl,Crash_Date,Crash_Time,Case_ID,Local_Use,Rpt_CRIS_Cnty_ID,Rpt_City_ID,Rpt_Outside_City_Limit_Fl,Thousand_Damage_Fl,Rpt_Latitude,Rpt_Longitude,Rpt_Rdwy_Sys_ID,Rpt_Hwy_Num,Rpt_Hwy_Sfx,Rpt_Road_Part_ID,Rpt_Block_Num,Rpt_Street_Pfx,Rpt_Street_Name,Rpt_Street_Sfx,Private_Dr_Fl,Toll_Road_Fl,Crash_Speed_Limit,Road_Constr_Zone_Fl,Road_Constr_Zone_Wrkr_Fl,Rpt_Street_Desc,At_Intrsct_Fl,Rpt_Sec_Rdwy_Sys_ID,Rpt_Sec_Hwy_Num,Rpt_Sec_Hwy_Sfx,Rpt_Sec_Road_Part_ID,Rpt_Sec_Block_Num,Rpt_Sec_Street_Pfx,Rpt_Sec_Street_Name,Rpt_Sec_Street_Sfx,Rpt_Ref_Mark_Offset_Amt,Rpt_Ref_Mark_Dist_Uom,Rpt_Ref_Mark_Dir,Rpt_Ref_Mark_Nbr,Rpt_Sec_Street_Desc,Rpt_CrossingNumber,Wthr_Cond_ID,Light_Cond_ID,Entr_Road_ID,Road_Type_ID,Road_Algn_ID,Surf_Cond_ID,Traffic_Cntl_ID,Investigat_Notify_Time,Investigat_Notify_Meth,Investigat_Arrv_Time,Report_Date,Investigat_Comp_Fl,ORI_Number,Investigat_Agency_ID,Investigat_Area_ID,Investigat_District_ID,Investigat_Region_ID,Bridge_Detail_ID,Harm_Evnt_ID,Intrsct_Relat_ID,FHE_Collsn_ID,Obj_Struck_ID,Othr_Factr_ID,Road_Part_Adj_ID,Road_Cls_ID,Road_Relat_ID,Phys_Featr_1_ID,Phys_Featr_2_ID,Cnty_ID,City_ID,Latitude,Longitude,Hwy_Sys,Hwy_Nbr,Hwy_Sfx,Dfo,Street_Name,Street_Nbr,Control,Section,Milepoint,Ref_Mark_Nbr,Ref_Mark_Displ,Hwy_Sys_2,Hwy_Nbr_2,Hwy_Sfx_2,Street_Name_2,Street_Nbr_2,Control_2,Section_2,Milepoint_2,Txdot_Rptable_Fl,Onsys_Fl,Rural_Fl,Crash_Sev_ID,Pop_Group_ID,Located_Fl,Day_of_Week,Hwy_Dsgn_Lane_ID,Hwy_Dsgn_Hrt_ID,Hp_Shldr_Left,Hp_Shldr_Right,Hp_Median_Width,Base_Type_ID,Nbr_Of_Lane,Row_Width_Usual,Roadbed_Width,Surf_Width,Surf_Type_ID,Curb_Type_Left_ID,Curb_Type_Right_ID,Shldr_Type_Left_ID,Shldr_Width_Left,Shldr_Use_Left_ID,Shldr_Type_Right_ID,Shldr_Width_Right,Shldr_Use_Right_ID,Median_Type_ID,Median_Width,Rural_Urban_Type_ID,Func_Sys_ID,Adt_Curnt_Amt,Adt_Curnt_Year,Adt_Adj_Curnt_Amt,Pct_Single_Trk_Adt,Pct_Combo_Trk_Adt,Trk_Aadt_Pct,Curve_Type_ID,Curve_Lngth,Cd_Degr,Delta_Left_Right_ID,Dd_Degr,Feature_Crossed,Structure_Number,I_R_Min_Vert_Clear,Approach_Width,Bridge_Median_ID,Bridge_Loading_Type_ID,Bridge_Loading_In_1000_Lbs,Bridge_Srvc_Type_On_ID,Bridge_Srvc_Type_Under_ID,Culvert_Type_ID,Roadway_Width,Deck_Width,Bridge_Dir_Of_Traffic_ID,Bridge_Rte_Struct_Func_ID,Bridge_IR_Struct_Func_ID,CrossingNumber,RRCo,Poscrossing_ID,WDCode_ID,Standstop,Yield,Incap_Injry_Cnt,Nonincap_Injry_Cnt,Poss_Injry_Cnt,Non_Injry_Cnt,Unkn_Injry_Cnt,Tot_Injry_Cnt,Death_Cnt,MPO_ID,Investigat_Service_ID,Investigat_DA_ID,Investigator_Narrative
13511343,N,N,N,N,N,N,N,10/1/2013,4:58 PM,2013-48507,,94,389,N,Y,,,1,35,,2,17600,S,IH 35 SOUTH ACCESS,RD,N,N,45,N,N,STRAIGHT LEVEL,N,4,3009,,,6000,,FM 3009,,,,,,STRAIGHT LEVEL,,11,1,0,2,1,1,5,4:58 PM,RADIO,5:12 PM,10/1/2013,Y,TX0940200,2098,,,120,8,2,4,22,64,42,2,1,1,21,21,94,389,29.60084896,-98.27574119,IH,35,,175.539,IH0035,,16,6,2.111,176,-0.007,,,,,,,,,Y,Y,N,5,6,Y,TUE,5,0,12,10,46,9,6,350,116,72,4,0,0,2,24,5,2,20,5,,22,4,11,117670,2014,117670,3.4,11.2,14.6,1,338,1,1,17,,,,,,,,,,,,,,,,,,,,,,0,0,0,2,0,0,0,28,,,
13512134,N,N,N,N,N,Y,N,9/16/2013,1:27 PM,A13-048,,150,266,N,Y,,,19,,,1,800,E,COLLINS,ST,N,N,30,N,N,,N,19,,,1,1000,,FARGO,ST,6,F,N,CURB,,,11,1,2,,1,2,1,1:37 PM,DISPATCH,1:39 PM,9/20/2013,Y,,1682,,,,8,2,2,22,64,24,1,5,1,21,21,150,266,30.76766471,-98.66456221,,,,,E COLLINS ST,801,,,,,,,,,FARGO AVE,,,,,Y,N,Y,5,3,Y,MON,,,,,,,,,,,,,,,,,,,,,,,,,,,,,,,,,,,,,,,,,,,,,,,,,,,,,,,,0,0,0,2,0,0,0,,,,
13512417,N,N,N,N,N,N,N,9/23/2013,1:35 PM,13-266189,,71,136,N,N,,,19,,,1,,,ACER,ST,N,N,0,N,N,,N,19,,,1,,,VISCOUNT BLVD EB,,,,,,,,11,1,4,,1,1,1,2:42 PM,VIA PHONE,2:42 PM,9/23/2013,Y,TX0710200,1259,,,43,8,2,4,21,64,9,1,5,1,21,21,71,136,,,,,,,ACER ST,,,,,,,,,,,,,,,N,N,N,5,9,N,MON,,,,,,,,,,,,,,,,,,,,,,,,,,,,,,,,,,,,,,,,,,,,,,,,,,,,,,,,0,0,0,2,0,0,0,,,,
13512680,N,N,N,N,N,N,N,9/19/2013,12:26 AM,63608-13,,74,1639,Y,Y,,,2,82,,1,1500,,NOT REPORTED,,N,N,70,N,N,,N,15,1500,,,,,NOT REPORTED,,,,,,,,2,3,0,1,2,2,1,8:23 AM,FANNIN CO SO DISPATC,8:35 AM,9/19/2013,Y,TX0740000,1289,22,8,23,8,6,4,1,64,3,1,2,1,21,21,74,1639,33.60822146,-96.26877441,US,82,,428.717,US0082,6046,45,20,6.547,662,0.993,,,,,,,,,Y,Y,Y,5,0,Y,THU,2,0,10,10,0,8,2,250,44,24,5,0,0,5,10,5,2,10,5,0,0,1,2,4837,2014,4837,3.6,1.3,4.9,,,,,,,,,,,,,,,,,,,,,,,,,,,0,0,0,1,0,0,0,,,,
13512788,N,N,N,N,N,N,N,10/9/2013,3:50 PM,13-283221,,71,136,N,Y,,,19,,,1,10514,,ALBUM,DR,Y,N,10,N,N,EASTWOOD MIDDLE DROP OFF AREA,N,19,,,1,2612,,CHASWOOD,DR,,,,,2 WY DIV W/YEL LINE RDWAY,,0,0,0,,8,0,1,5:41 PM,WALK IN TO PHRC CRC,5:41 PM,10/10/2013,Y,TX0710200,1259,,,221,8,2,4,22,64,54,7,9,5,33,21,71,136,,,,,,,ALBUM DR,,,,,,,,,,,,,,,N,N,N,5,9,N,WED,,,,,,,,,,,,,,,,,,,,,,,,,,,,,,,,,,,,,,,,,,,,,,,,,,,,,,,,0,0,0,2,0,0,0,,,,
13513609,N,N,N,N,N,Y,N,9/20/2013,5:45 PM,242104,,116,1681,Y,Y,33.02002,-95.97371,2,69,,1,,,NOT REPORTED,,N,N,70,N,N,,N,15,3134,,,,,NOT REPORTED,,,,,,,,11,1,98,1,1,1,12,5:54 PM,DISPATCHED,6:00 PM,11/14/2013,N,,10000,3,107,1,8,7,4,1,32,54,1,2,2,21,21,116,1681,33.02000906,-95.97371749,US,69,,71.011,US0069,,203,2,29.883,264,0.791,,,,,,,,,Y,Y,Y,2,0,Y,FRI,2,0,8,8,0,2,2,150,42,26,4,0,0,2,8,5,2,8,5,0,0,1,2,7254,2014,7254,2.7,7.8,10.4,,,,,,,,,,,,,,,,,,,,,,,,,,,0,1,0,0,0,1,0,282,,,
13514061,N,N,N,N,N,N,N,10/6/2013,5:04 PM,13T001055,,170,460,N,Y,,,1,45,,1,14800,,NOT REPORTED,,N,N,65,N,N,,N,19,,,,100,,CALVARY,,,,,,,,11,1,0,2,1,1,11,5:07 PM,DISPATCHED,5:11 PM,10/7/2013,Y,TX1701400,2432,17,8,23,8,2,4,22,52,3,1,1,1,21,21,170,1735,30.4555952,-95.4957661,IH,45,,97.043,IH0045,,675,8,24.275,97,0.023,,,,,,,,,Y,Y,Y,5,0,Y,SUN,5,0,6,10,52,9,4,320,80,48,6,0,0,2,12,5,2,20,5,3,40,4,11,46243,2014,46243,2.8,19.2,22,,,,,,,,,,,,,,,,,,,,,,,,,,,0,0,0,2,0,0,0,15,,,
13516669,N,N,N,N,N,N,N,10/6/2013,9:24 PM,13-003223,13-0585,126,59,N,Y,,,4,3391,,1,400,E,RENFRO,ST,N,N,45,N,N,,N,1,I35,W,1,,N,INTERSTATE 35W,,,,,,,,11,4,0,,1,1,20,9:27 PM,BPD DISPATCH,9:30 PM,10/6/2013,Y,TX1260200,185,,,,8,2,3,10,64,14,1,3,1,32,21,126,59,,,FM,3391,,,FM3391,,,,,,,,,,,,,,,Y,Y,N,5,6,N,SUN,,,,,,,,,,,,,,,,,,,,,,,,,,,,,,,,,,,,,,,,,,,,,,,,,,,,,,,,0,0,0,5,0,0,0,,,,
13516791,N,N,N,N,N,N,N,10/9/2013,6:57 PM,13-0562,,114,39,N,Y,,,7,20,,1,300,E,4TH,ST,N,N,30,N,N,,Y,19,,,1,400,S,NOLAN,ST,,,,,,,11,1,2,3,1,1,8,6:59 PM,RADIO,7:02 PM,10/9/2013,Y,TX1140100,123,,,35,8,2,1,10,64,54,1,2,1,21,21,114,39,32.2532879,-101.4732643,BI,20,G,3.749,BI0020G,349,5,10,13.832,312,-0.886,SH,350,,SH0350,,,,,Y,Y,N,5,6,Y,WED,0,0,8,8,16,2,6,160,104,72,4,1,1,2,16,2,2,16,2,4,0,2,14,8900,2014,8900,3,42.1,45.1,,,,,,,,,,,,,,,,,,,,,,,,,,,0,0,0,2,0,0,0,,,,
13516807,N,N,N,N,N,N,N,9/27/2013,3:50 PM,09-13-01486,,108,4,N,Y,,,19,,,1,1100,,AUSTIN LANE,LN,N,N,30,N,N,1100 BLOCK AUSTIN LANE LANE,N,4,907,,1,100,S,FM 907,RD,,,,,100 BLOCK SOUTH FM 907 ROAD,,11,1,0,,1,1,1,3:50 PM,RADIO,3:58 PM,9/27/2013,Y,TX1080100,15,11,10,14,8,2,3,10,64,13,1,5,1,32,21,108,4,26.18298612,-98.12348354,,,,,W AUSTIN LN,1107,,,,,,,,,,,,,,Y,N,N,3,5,Y,FRI,,,,,,,,,,,,,,,,,,,,,,,,,,,,,,,,,,,,,,,,,,,,,,,,,,,,,,,,0,0,1,2,0,1,0,230,,,
13516834,N,N,N,N,N,N,N,9/8/2013,1:06 PM,09-13-00421,,108,4,N,N,,,2,83,,1,800,W,EXPRESSWAY 83,EXPY,N,N,70,N,N,800 BLK W EXPRESSWAY 83,N,19,,,1,700,N,FM 907,RD,,,,,700 BLK N FM 907,,11,1,98,3,1,1,11,1:06 PM,RADIO,1:21 PM,9/8/2013,Y,TX1080100,15,64,34,48,8,2,4,21,64,54,1,2,1,21,21,108,4,26.18350722,-98.12169965,BU,83,S,20.106,BU0083S,995,39,4,3.89,518,0.144,,,,,,,,,N,Y,N,5,5,Y,SUN,2,0,0,12,0,2,4,90,79,64,4,1,2,1,0,0,2,12,5,0,0,4,14,10282,2014,10282,1.3,0.2,1.5,,,,,,,,,,,,,,,,,,,,,,,,,,,0,0,0,5,0,0,0,230,,,
13516853,N,N,N,N,N,N,N,9/9/2013,3:20 PM,TA-13-0298,,15,69,N,Y,,,19,,,1,6000,,WEST AVENUE,,N,N,35,N,N,,N,1,410,,2,2000,NW,LOOP 410 EBFR,,,,,,,,12,1,4,,1,1,20,3:23 PM,RADIO,3:23 PM,9/9/2013,Y,TX0150300,218,30,87,5,8,2,3,13,64,14,1,5,1,32,21,15,69,29.51606257,-98.5259123,,,,,WEST AVE,6044,,,,,,,,,,,,,,Y,N,Y,1,3,Y,MON,,,,,,,,,,,,,,,,,,,,,,,,,,,,,,,,,,,,,,,,,,,,,,,,,,,,,,,,1,0,0,3,0,1,0,28,,,
13517012,N,N,N,N,N,N,N,9/14/2013,5:18 PM,13-524752,,188,12,N,N,,,19,,,1,3800,SW,7TH,AVE,N,N,0,N,N,,N,19,,,1,600,S,PROSPECT,ST,,,,,600 BLOCK OF S PROSPECT ST,,11,1,0,,1,1,1,5:18 PM,DISPATCH,5:28 PM,9/14/2013,N,TX1880100,33,,,152,8,4,2,1,64,54,1,5,1,21,21,188,12,35.21026406,-101.8792008,,,,,W 7TH AVE,3795,,,,,,,,,S PROSPECT ST,,,,,N,N,N,0,8,Y,SAT,,,,,,,,,,,,,,,,,,,,,,,,,,,,,,,,,,,,,,,,,,,,,,,,,,,,,,,,0,0,0,0,1,0,0,120,,,
13517599,N,N,N,N,N,N,N,9/14/2013,7:18 AM,132570546,,227,22,N,N,,,1,35,I,2,,,NOT REPORTED,HWY,N,N,-1,N,N,N,Y,19,,,1,,E,MARTIN LUTHER KING JR,BLVD,,,,,,,11,1,0,2,5,1,5,7:19 AM,DISPATCH,7:23 AM,9/14/2013,Y,TX2270100,74,,34,48,8,2,1,10,1,54,2,1,1,21,21,227,22,30.27832806,-97.73001625,IH,35,,234.999,IH0035,,15,13,18.573,236,-0.453,,,,E MARTIN LUTHER KING JR BLVD,,,,,Y,Y,N,2,9,Y,SAT,5,0,4,10,11,2,8,300,124,96,4,0,0,2,8,5,2,20,5,2,3,4,11,164391,2014,164391,3.3,9.4,12.7,,,,,,,,,,,,,,,,,,,,,,,,,,,0,2,0,3,0,2,0,90,,,
13518875,N,N,N,N,N,Y,N,9/25/2013,10:23 AM,13004104,,57,124,N,Y,,,19,,,1,300,S,MAIN,ST,N,N,30,N,N,,Y,19,,,,300,W,NANCE,ST,,,,,,,11,1,4,,1,1,8,10:23 AM,DISPATCHED,10:26 AM,9/25/2013,Y,TX0570900,1223,,,,8,2,1,10,64,54,1,5,1,21,21,57,124,32.64980428,-96.90845254,,,,,S MAIN ST,298,,,,,,,,,E NANCE ST,,,,,Y,N,N,5,6,Y,WED,,,,,,,,,,,,,,,,,,,,,,,,,,,,,,,,,,,,,,,,,,,,,,,,,,,,,,,,0,0,0,3,0,0,0,282,,,
13519192,N,N,N,N,N,N,N,10/8/2013,6:38 PM,13-031669,,240,254,N,Y,,,19,,,1,1300,E,DEL MAR,BLVD,N,N,30,N,N,NORMAL,N,19,,,1,7700,,MCPHERSON,,,,,,NORMAL,,11,5,0,,4,1,5,7:01 PM,DISPATCHED,7:10 PM,10/8/2013,Y,TX2400100,1644,,,65,8,2,2,22,64,42,1,5,1,21,21,240,254,27.57416605,-99.47307366,,,,,E DEL MAR BLVD,1301,,,,,,,,,UNKNOWN,,,,,Y,N,N,5,8,Y,TUE,,,,,,,,,,,,,,,,,,,,,,,,,,,,,,,,,,,,,,,,,,,,,,,,,,,,,,,,0,0,0,2,0,0,0,205,,,
13519549,N,N,N,N,N,N,N,9/28/2013,2:48 AM,13-030489,,240,254,N,Y,,,19,,,1,2300,E,MIER,ST,N,N,30,N,N,,N,19,,,1,1500,N,JARVIS,,,,,,,,11,4,0,,1,1,1,2:48 AM,MCT DISPATCHED,2:52 AM,9/29/2013,Y,TX2400100,1644,,,27,8,4,4,1,64,54,1,5,1,21,21,240,254,27.51022708,-99.47296908,,,,,MIER ST,2318,,,,,,,,,,,,,,Y,N,N,5,8,Y,SAT,,,,,,,,,,,,,,,,,,,,,,,,,,,,,,,,,,,,,,,,,,,,,,,,,,,,,,,,0,0,0,1,0,0,0,205,,,
13519744,N,N,N,N,N,N,N,10/7/2013,12:25 PM,13-031517,,240,254,N,Y,,,1,35,,1,4000,,INTERSTATE 35,,N,N,0,N,N,,N,19,,,1,800,,CHICAGO,ST,,,,,,,11,1,2,,1,1,1,12:55 PM,MCT DISPATCH,1:04 PM,10/7/2013,Y,TX2400100,1644,,,71,8,2,4,21,64,9,1,1,1,21,21,240,254,,,IH,35,,,IH0035,,,,,,,,,,,,,,,Y,Y,N,5,8,N,MON,,,,,,,,,,,,,,,,,,,,,,,,,,,,,,,,,,,,,,,,,,,,,,,,,,,,,,,,0,0,0,4,0,0,0,,,,
13519827,N,N,N,N,N,N,N,10/6/2013,12:09 PM,13005512,,126,1691,Y,N,,,15,920,,1,2800,,HULLEN,,N,N,40,N,N,,Y,15,919,,1,,,NOT REPORTED,,,,,,,,11,1,2,,1,1,1,12:09 PM,DISPATCHED-RADIO,12:13 PM,10/6/2013,Y,TX1260000,1544,,37,52,8,2,2,22,64,46,1,4,1,21,21,126,1691,,,,,,,CR0920,,,,,,,,,,CR0919,,,,,N,N,Y,5,0,N,SUN,,,,,,,,,,,,,,,,,,,,,,,,,,,,,,,,,,,,,,,,,,,,,,,,,,,,,,,,0,0,0,1,1,0,0,,,,
13520585,N,N,N,N,N,N,N,9/17/2013,8:34 PM,132601687,,227,22,N,Y,,,19,,,1,7500,,CAMERON,RD,N,N,30,N,N,,N,19,,,,,,CORONADO HILLS,DR,,,,,,,12,4,0,,5,2,20,8:34 PM,DISPATCH,8:41 PM,9/17/2013,Y,TX2270100,74,,121,95,8,7,4,1,31,1,1,5,2,21,21,227,22,30.33043181,-97.68810177,,,,,CAMERON RD,7540,,,,,,,,,,,,,,Y,N,N,2,9,Y,TUE,,,,,,,,,,,,,,,,,,,,,,,,,,,,,,,,,,,,,,,,,,,,,,,,,,,,,,,,0,1,0,3,0,1,0,90,,,
13521457,N,N,N,N,N,N,N,9/19/2013,5:10 PM,2013-07453,,191,65,N,Y,,,19,,,1,300,,24TH,ST,N,N,10,N,N,,N,19,,,,300,,24TH,ST,,,,,,,12,1,98,,1,1,1,5:10 PM,DISPATCHED,5:17 PM,9/19/2013,Y,TX0191300,2402,,,,8,2,4,21,64,54,7,9,5,33,21,191,65,,,,,,,24TH ST,,,,,,,,,,,,,,,N,N,N,5,5,N,THU,,,,,,,,,,,,,,,,,,,,,,,,,,,,,,,,,,,,,,,,,,,,,,,,,,,,,,,,0,0,0,2,0,0,0,,,,
13522287,N,N,N,N,N,N,N,10/2/2013,2:15 PM,13A014542,,170,1735,Y,Y,,,19,,,1,1500,,NORTHPARK,DR,N,N,45,N,N,,N,19,,,,700,,RUSSELL PALMER,RD,,,,,,,2,1,0,,1,2,20,2:23 PM,DISPATCHED,2:49 PM,10/4/2013,Y,TX1700000,1798,,,35,8,2,4,20,64,42,1,5,1,21,21,170,1735,30.06842135,-95.2292936,,,,,NORTHPARK DR,1620,,,,,,,,,,,,,,Y,N,Y,5,0,Y,WED,,,,,,,,,,,,,,,,,,,,,,,,,,,,,,,,,,,,,,,,,,,,,,,,,,,,,,,,0,0,0,2,0,0,0,15,,,
13522670,N,N,N,N,N,N,N,9/4/2013,3:52 PM,TA-13-0293,,15,69,N,Y,,,4,2696,,1,6300,,BLANCO ROAD,,N,N,35,N,N,,N,19,,,1,100,,CAS HILLS DRIVE,,,,,,,,12,1,98,,1,1,5,3:52 PM,OFFICER INITIATED,3:52 PM,9/4/2013,Y,TX0150300,218,30,87,5,8,2,2,22,64,38,1,3,1,21,21,15,69,,,FM,2696,,,FM2696,,,,,,,,,,CAS HILLS DRIVE,,,,,Y,Y,Y,2,3,N,WED,,,,,,,,,,,,,,,,,,,,,,,,,,,,,,,,,,,,,,,,,,,,,,,,,,,,,,,,0,1,0,4,0,1,0,,,,
13522898,N,N,N,N,N,N,N,10/7/2013,3:57 PM,2013-025168,1230100,123,30,N,Y,,,2,69,,2,6100,,EASTEX,,N,N,50,N,N,,N,3,,,1,5600,,BLOCK,,,,,,,,11,1,98,,1,1,20,4:45 PM,DISPATCH,5:01 PM,10/7/2013,Y,TX1230100,104,,,,8,2,4,20,64,42,2,2,1,21,21,123,30,,,US,69,,,US0069,,,,,,,,,,,,,,,Y,Y,N,5,8,N,MON,,,,,,,,,,,,,,,,,,,,,,,,,,,,,,,,,,,,,,,,,,,,,,,,,,,,,,,,0,0,0,4,0,0,0,,,,
13524499,N,N,N,N,N,N,N,9/4/2013,6:31 PM,2013-0002207,,226,378,N,Y,,,19,,,1,1700,,GLENNA,DR,N,N,40,N,N,REGULAR ROAD-WAY,N,19,,,1,3000,,JUNIUS,ST,,,,,REGULAR ROAD-WAY,,11,1,4,,1,1,1,6:31 PM,DISPATCHED,6:33 PM,9/4/2013,Y,TX2260100,2067,,,,8,2,3,22,64,47,1,5,1,32,21,226,378,31.46107501,-100.4874754,,,,,GLENNA ST,1789,,,,,,,,,,,,,,Y,N,N,5,7,Y,WED,,,,,,,,,,,,,,,,,,,,,,,,,,,,,,,,,,,,,,,,,,,,,,,,,,,,,,,,0,0,0,4,0,0,0,208,,,
13524579,N,N,N,N,N,N,N,9/25/2013,11:00 AM,13-34791,,152,270,N,N,,,19,,,1,1800,E,27TH,ST,N,N,30,N,N,,N,19,,,1,2600,,TEAK,AVE,,,,,TEAK AVE,,11,1,0,,1,1,1,12:10 PM,TELEPHONE,12:11 PM,9/25/2013,N,1521600,1705,,,,8,4,2,2,64,54,1,5,1,21,21,152,270,33.56998924,-101.8155772,,,,,E 27TH ST,1895,,,,,,,,,TEAK AVE,,,,,N,N,N,0,8,Y,WED,,,,,,,,,,,,,,,,,,,,,,,,,,,,,,,,,,,,,,,,,,,,,,,,,,,,,,,,0,0,0,0,1,0,0,122,,,
13525256,N,N,N,N,N,N,N,10/7/2013,5:37 PM,2013-00026237,,105,239,N,Y,,,4,1626,,1,4200,S,NOT REPORTED,,N,N,60,N,N,,N,15,171,,1,1100,,KOHLERS XING,,,,,,,,11,1,2,2,1,1,8,5:42 PM,DISPATCHED,5:54 PM,10/7/2013,Y,TX1050700,1604,,,,8,2,2,22,64,47,1,3,1,21,21,105,239,30.02750837,-97.87257257,FM,1626,,11.926,FM1626,4197,1539,3,1.541,534,-0.277,,,,CR0171,,,,,Y,Y,N,5,6,Y,MON,3,0,4,10,28,2,4,200,76,48,4,1,0,2,8,6,2,20,6,1,20,4,16,22401,2014,22401,2.2,3.8,6,,,,,,,,,,,,,,,,,,,,,,,,,,,0,0,0,4,0,0,0,90,,,
13525682,N,N,N,N,N,N,N,9/18/2013,6:07 PM,132611643,,227,22,N,Y,,,11,1,M,1,1600,,NOT REPORTED,EXPY,N,N,65,N,N,N MOPAC EXPY SB,N,19,,,,,,ENFIELD,RD,,,,,,,11,1,98,2,2,1,20,6:07 PM,DISPATCH,6:22 PM,9/18/2013,Y,TX2270100,74,1061,10,14,8,2,4,20,64,42,1,2,1,21,21,227,22,30.28641293,-97.7636025,SL,1,,14.428,SL0001,,3136,1,14.358,438,0.437,,,,,,,,,Y,Y,N,3,9,Y,WED,5,0,6,10,72,2,6,290,104,72,4,0,2,2,12,5,2,20,5,2,60,4,12,118571,2014,118571,1.3,0.3,1.6,,,,,,,,,,,,,,,,,,,,,,,,,,,0,0,3,0,0,3,0,90,,,
13525686,N,Y,N,N,N,N,N,8/10/2013,9:11 PM,132221622,,227,22,N,N,,,2,290,I,1,W,,NOT REPORTED,HWY,N,N,55,N,N,,N,4,1826,A,,,,NOT REPORTED,,,,,,,,11,3,98,,1,1,11,9:11 PM,DISPATCH,9:11 PM,8/10/2013,Y,TX2270100,74,1043,93,112,8,2,4,21,64,9,1,2,1,21,21,227,22,,,,,,,US0290I,,,,,,,,,,,,,,,Y,Y,N,3,9,N,SAT,,,,,,,,,,,,,,,,,,,,,,,,,,,,,,,,,,,,,,,,,,,,,,,,,,,,,,,,0,0,1,1,0,1,0,,,,
13529195,N,N,N,N,N,N,N,9/19/2013,6:49 PM,132621626,,227,22,N,Y,,,19,,,1,2500,N,LAMAR,BLVD,N,N,30,N,N,,N,19,,,,,W,25TH,ST,,,,,,,12,1,0,,4,2,10,6:49 PM,DISPATCH,6:55 PM,9/19/2013,Y,TX2270100,74,1061,10,14,8,7,4,1,30,54,1,2,2,21,21,227,22,30.29117515,-97.75102943,,,,,N LAMAR BLVD,2556,,,,,,,,,,,,,,Y,N,N,3,9,Y,THU,,,,,,,,,,,,,,,,,,,,,,,,,,,,,,,,,,,,,,,,,,,,,,,,,,,,,,,,0,0,1,0,0,1,0,90,,,
13529624,N,Y,N,N,N,N,N,9/17/2013,8:50 AM,13-001633,,14,236,N,N,,,19,,,1,2700,,LOWES,BLVD,N,N,30,N,N,ASPHALT,Y,19,,,1,900,,TRIMMIER,RD,,,,,ASPHALT,,11,1,0,,1,1,20,8:50 AM,DISPATCH,8:53 AM,9/17/2013,Y,TX0140400,1587,,,,8,2,1,21,64,9,1,5,1,21,21,14,236,31.09243462,-97.73319243,,,,,LOWES BLVD,1101,,,,,,,,,TRIMMIER RD,,,,,N,N,N,5,8,Y,TUE,,,,,,,,,,,,,,,,,,,,,,,,,,,,,,,,,,,,,,,,,,,,,,,,,,,,,,,,0,0,0,2,0,0,0,277,,,
13529719,N,N,N,N,N,N,N,9/25/2013,7:35 PM,13-00503,,61,847,N,Y,,,17,,,7,1035,,HICKORY CREEK BOULEVARD,,Y,N,0,N,N,PARKING LOT,N,19,,,1,1000,,BLOCK POINT VISTA,,,,,,CITY STREET,,11,4,0,,1,1,1,7:39 PM,DISPATCH,7:43 PM,9/26/2013,N,TX0612800,1447,,4,198,8,4,4,2,64,3,7,9,5,33,21,61,847,,,,,,,HICKORY CREEK BOULEVARD,,,,,,,,,,,,,,,N,N,Y,5,3,N,WED,,,,,,,,,,,,,,,,,,,,,,,,,,,,,,,,,,,,,,,,,,,,,,,,,,,,,,,,0,0,0,1,0,0,0,,,,
13533463,N,N,N,N,N,N,N,9/23/2013,8:58 PM,2.01E+11,,79,359,N,Y,,,19,,,1,1100,,GOLFVIEW,,N,N,30,N,N,,N,4,762,,1,2200,,THOMPSON,HWY,,,,,,,11,4,2,3,1,1,11,8:58 PM,DISPATCHED,9:00 PM,9/23/2013,Y,TX0790200,2014,,,,8,7,4,1,21,54,1,3,2,21,21,79,1644,29.56189167,-95.75939423,FM,1640,,3.821,FM1640,,1683,1,4.821,658,0.035,,,,,,,,,Y,Y,Y,3,0,Y,MON,2,0,8,0,0,2,4,140,76,60,4,0,0,5,8,5,1,0,0,0,0,4,16,17479,2014,17479,2.8,1.4,4.2,,,,,,,,,,,,,,,,,,,,,,,,,,,0,0,1,1,0,1,0,15,,,
13534609,N,N,N,N,N,N,N,9/20/2013,9:50 PM,132631955,,227,22,N,Y,,,11,1,M,1,10600,,NOT REPORTED,EXPY,N,N,65,N,N,N MOPAC EXPY NB,N,11,360,I,,,,NOT REPORTED,,,,,,N CAPITAL OF TEXAS TO MOPAC NB RAMP,,2,4,0,2,8,2,20,9:50 PM,DISPATCH,9:50 PM,9/20/2013,Y,TX2270100,74,,46,64,8,2,4,21,64,9,1,2,1,21,21,227,22,30.23977346,-97.81726684,SL,1,,19.156,SL0001,,3136,1,19.227,444,-0.697,,,,,,,,,Y,Y,N,5,9,Y,FRI,5,0,6,10,72,2,6,610,104,72,4,0,0,2,12,5,2,20,5,2,60,4,12,66738,2014,66738,1.3,0.3,1.6,,,,,,,,,,,,,,,,,,,,,,,,,,,0,0,0,1,1,0,0,90,,,