Crash_ID,Crash_Fatal_Fl,Cmv_Involv_Fl,Schl_Bus_Fl,Rr_Relat_Fl,Medical_Advisory_Fl,Amend_Supp_Fl,Active_School_Zone_Fl,Crash_Date,Crash_Time,Case_ID,Local_Use,Rpt_CRIS_Cnty_ID,Rpt_City_ID,Rpt_Outside_City_Limit_Fl,Thousand_Damage_Fl,Rpt_Latitude,Rpt_Longitude,Rpt_Rdwy_Sys_ID,Rpt_Hwy_Num,Rpt_Hwy_Sfx,Rpt_Road_Part_ID,Rpt_Block_Num,Rpt_Street_Pfx,Rpt_Street_Name,Rpt_Street_Sfx,Private_Dr_Fl,Toll_Road_Fl,Crash_Speed_Limit,Road_Constr_Zone_Fl,Road_Constr_Zone_Wrkr_Fl,Rpt_Street_Desc,At_Intrsct_Fl,Rpt_Sec_Rdwy_Sys_ID,Rpt_Sec_Hwy_Num,Rpt_Sec_Hwy_Sfx,Rpt_Sec_Road_Part_ID,Rpt_Sec_Block_Num,Rpt_Sec_Street_Pfx,Rpt_Sec_Street_Name,Rpt_Sec_Street_Sfx,Rpt_Ref_Mark_Offset_Amt,Rpt_Ref_Mark_Dist_Uom,Rpt_Ref_Mark_Dir,Rpt_Ref_Mark_Nbr,Rpt_Sec_Street_Desc,Rpt_CrossingNumber,Wthr_Cond_ID,Light_Cond_ID,Entr_Road_ID,Road_Type_ID,Road_Algn_ID,Surf_Cond_ID,Traffic_Cntl_ID,Investigat_Notify_Time,Investigat_Notify_Meth,Investigat_Arrv_Time,Report_Date,Investigat_Comp_Fl,ORI_Number,Investigat_Agency_ID,Investigat_Area_ID,Investigat_District_ID,Investigat_Region_ID,Bridge_Detail_ID,Harm_Evnt_ID,Intrsct_Relat_ID,FHE_Collsn_ID,Obj_Struck_ID,Othr_Factr_ID,Road_Part_Adj_ID,Road_Cls_ID,Road_Relat_ID,Phys_Featr_1_ID,Phys_Featr_2_ID,Cnty_ID,City_ID,Latitude,Longitude,Hwy_Sys,Hwy_Nbr,Hwy_Sfx,Dfo,Street_Name,Street_Nbr,Control,Section,Milepoint,Ref_Mark_Nbr,Ref_Mark_Displ,Hwy_Sys_2,Hwy_Nbr_2,Hwy_Sfx_2,Street_Name_2,Street_Nbr_2,Control_2,Section_2,Milepoint_2,Txdot_Rptable_Fl,Onsys_Fl,Rural_Fl,Crash_Sev_ID,Pop_Group_ID,Located_Fl,Day_of_Week,Hwy_Dsgn_Lane_ID,Hwy_Dsgn_Hrt_ID,Hp_Shldr_Left,Hp_Shldr_Right,Hp_Median_Width,Base_Type_ID,Nbr_Of_Lane,Row_Width_Usual,Roadbed_Width,Surf_Width,Surf_Type_ID,Curb_Type_Left_ID,Curb_Type_Right_ID,Shldr_Type_Left_ID,Shldr_Width_Left,Shldr_Use_Left_ID,Shldr_Type_Right_ID,Shldr_Width_Right,Shldr_Use_Right_ID,Median_Type_ID,Median_Width,Rural_Urban_Type_ID,Func_Sys_ID,Adt_Curnt_Amt,Adt_Curnt_Year,Adt_Adj_Curnt_Amt,Pct_Single_Trk_Adt,Pct_Combo_Trk_Adt,Trk_Aadt_Pct,Curve_Type_ID,Curve_Lngth,Cd_Degr,Delta_Left_Right_ID,Dd_Degr,Feature_Crossed,Structure_Number,I_R_Min_Vert_Clear,Approach_Width,Bridge_Median_ID,Bridge_Loading_Type_ID,Bridge_Loading_In_1000_Lbs,Bridge_Srvc_Type_On_ID,Bridge_Srvc_Type_Under_ID,Culvert_Type_ID,Roadway_Width,Deck_Width,Bridge_Dir_Of_Traffic_ID,Bridge_Rte_Struct_Func_ID,Bridge_IR_Struct_Func_ID,CrossingNumber,RRCo,Poscrossing_ID,WDCode_ID,Standstop,Yield,Incap_Injry_Cnt,Nonincap_Injry_Cnt,Poss_Injry_Cnt,Non_Injry_Cnt,Unkn_Injry_Cnt,Tot_Injry_Cnt,Death_Cnt,MPO_ID,Investigat_Service_ID,Investigat_DA_ID,Investigator_Narrative
13494432,N,N,N,N,N,N,N,10/11/2013,4:31 PM,,,181,49,N,Y,29.98841,-93.87006,3,73,,1,,,NOT REPORTED,,N,N,75,N,N,,N,,,,,,,NOT REPORTED,,7,F,S,776,,,11,1,0,2,2,1,11,4:33 PM,DPS LUFKIN,4:45 PM,10/13/2013,Y,,10000,7,58,1,6,2,4,20,64,54,1,2,1,21,21,123,1688,29.96744842,-93.87345339,SH,73,,35.114,SH0073,,306,3,2.441,776,-7,,,,NOT REPORTED,,,,,Y,Y,Y,5,0,Y,FRI,3,0,4,10,55,2,5,300,90,62,4,0,0,2,11,5,2,17,5,3,44,3,14,25727,2014,25727,5.2,3.8,9.1,,,,,,,,,,,,,,,,,,,,,,,,,,,0,0,0,3,0,0,0,135,,,
13495158,N,N,N,N,N,N,N,10/16/2013,6:55 AM,13-10966,420,61,259,N,Y,,,1,35,E,1,2300,N,NOT REPORTED,,N,N,60,N,N,NORTH I35E SOUTHBOUND,N,19,,,,2400,N,GARDEN RIDGE,BLVD,,,,,,,2,2,0,2,1,2,1,7:01 AM,DISPATCHED,7:14 AM,10/16/2013,Y,TX0610600,1659,,,35,8,2,4,22,64,42,1,1,1,21,21,61,259,33.07869408,-97.02441849,IH,35,E,83.577,IH0035E,,196,2,9.258,455,-0.26,,,,,,,,,Y,Y,N,5,7,Y,WED,5,0,12,10,28,3,6,300,116,72,6,0,0,2,24,5,2,20,5,2,4,4,11,144443,2014,144443,3.2,6.1,9.3,1,521,0,2,18,,,,,,,,,,,,,,,,,,,,,,0,0,0,3,0,0,0,282,,,
13495312,N,N,N,N,N,N,N,10/11/2013,6:37 AM,13026101,Beat 1,57,94,N,Y,,,19,,,1,200,S,ROYAL,LN,N,N,40,N,N,,Y,19,,,1,1100,,NORTHPOINT,DR,,,,,,,11,6,4,,1,1,8,6:39 AM,DISPATCH,6:48 AM,10/15/2013,Y,TX0570700,1110,,189,29,8,2,1,10,64,54,1,5,1,21,21,57,94,32.96774423,-97.0254025,,,,,S ROYAL LN,,,,,,,,,,NORTHPOINT DR,,,,,Y,N,N,3,6,Y,FRI,,,,,,,,,,,,,,,,,,,,,,,,,,,,,,,,,,,,,,,,,,,,,,,,,,,,,,,,0,0,1,1,0,1,0,282,,,
13495379,N,N,N,N,N,N,N,10/15/2013,2:12 PM,13-25124,,212,434,N,N,,,11,323,,1,100,,W SW,,N,N,40,N,N,,N,19,,,,4200,S,BROADWAY,,,,,,,,2,1,0,2,1,2,20,2:12 PM,DISPATCHED,2:18 PM,10/15/2013,Y,TX2120400,2316,,,170,8,2,4,20,64,54,1,2,1,21,21,212,434,32.30297029,-95.30119262,SL,323,,7.905,SL0323,,2075,2,3.506,682,-0.062,,,,,,,,,Y,Y,N,3,8,Y,TUE,3,0,2,0,16,2,6,120,76,72,4,2,2,2,4,5,1,0,0,1,12,3,14,37182,2014,37182,3,17.3,20.3,,,,,,,,,,,,,,,,,,,,,,,,,,,0,0,1,1,0,1,0,213,,,
13495390,N,N,N,N,N,N,N,10/15/2013,2:20 PM,13-25121,,212,434,N,Y,,,3,64,,1,1700,E,FIFTH,ST,N,N,40,N,N,,N,19,,,,1400,S,PALMER,AVE,,,,,,,2,1,2,3,2,2,5,2:20 PM,DISPATCHED,2:21 PM,10/15/2013,Y,TX2120400,2316,,,170,8,2,2,22,64,38,1,2,1,21,21,212,434,32.33238707,-95.28033124,SH,64,,51.934,SH0064,,245,6,21.247,686,0.649,,,,S PALMER AVE,,,,,Y,Y,N,5,8,Y,TUE,2,0,0,0,0,2,4,120,64,48,4,2,2,1,0,0,1,0,0,0,0,3,14,17047,2014,17047,2.9,7.1,10,,,,,,,,,,,,,,,,,,,,,,,,,,,0,0,0,3,0,0,0,213,,,
13495464,N,N,N,N,N,N,N,10/14/2013,2:14 PM,0129074813R,,101,208,N,Y,,,19,,,1,3300,,FOUNTAIN VIEW,DR,N,N,35,N,N,,N,19,,,,,,SCHUMACHER,,,,,,,,12,1,0,,1,1,20,6:00 PM,WALK IN,6:00 PM,10/15/2013,Y,TXHPD0000,2469,18,106,54,8,2,4,20,64,54,1,5,1,21,21,101,208,29.72897039,-95.48426606,,,,,FOUNTAIN VIEW DR,,,,,,,,,,,,,,,Y,N,N,5,9,Y,MON,,,,,,,,,,,,,,,,,,,,,,,,,,,,,,,,,,,,,,,,,,,,,,,,,,,,,,,,0,0,0,1,3,0,0,15,,,
13495648,N,N,N,N,N,N,N,10/14/2013,10:38 PM,2.01E+11,,159,126,N,Y,,,19,,,1,2200,,MISTY WILLOW,DR,N,N,30,N,N,BLACK TOP,N,19,,,,1500,,BIBB,AVE,,,,,BLACK TOP,,11,3,2,,1,1,1,10:38 PM,VIA- DISPATCHED,10:39 PM,10/14/2013,Y,Tx1620100,1227,,,35,8,4,4,1,64,25,1,5,1,21,21,159,126,28.72939172,-100.4827732,,,,,MISTY WILLOW DR,2223,,,,,,,,,,,,,,Y,N,N,5,6,Y,MON,,,,,,,,,,,,,,,,,,,,,,,,,,,,,,,,,,,,,,,,,,,,,,,,,,,,,,,,0,0,0,1,0,0,0,,,,
13495651,N,N,N,N,N,N,N,10/10/2013,11:40 AM,2013-40500,,101,29,N,Y,,,19,,,1,3200,,GARTH,RD,N,N,40,N,N,,Y,19,,,1,700,,SCENIC,,,,,,,,11,1,0,,1,1,20,11:40 AM,DISPATCH,11:50 AM,10/14/2013,Y,TX1010100,100,,,27,8,2,2,21,26,9,1,5,1,21,21,101,29,29.75605479,-94.97723318,,,,,GARTH RD,3198,,,,,,,,,SCENIC DR,,,,,Y,N,N,5,7,Y,THU,,,,,,,,,,,,,,,,,,,,,,,,,,,,,,,,,,,,,,,,,,,,,,,,,,,,,,,,0,0,0,2,0,0,0,15,,,
13495678,N,N,N,N,N,N,N,10/15/2013,5:20 PM,SAPD13227163,2250,15,379,N,Y,,,17,,,7,2700,,MCCULLOUGH,AVE,Y,N,5,N,N,PARKING LOT,N,19,,,,200,E,HUISACHE,ST,,,,,,,11,1,0,,1,1,1,5:24 PM,DISPATCH,5:27 PM,10/15/2013,Y,TXSPD0000,2473,,3,122,8,4,4,4,64,12,7,9,5,33,21,15,379,,,,,,,MCCULLOUGH AVE,,,,,,,,,,,,,,,N,N,N,5,9,N,TUE,,,,,,,,,,,,,,,,,,,,,,,,,,,,,,,,,,,,,,,,,,,,,,,,,,,,,,,,0,0,0,1,0,0,0,,,,
13495954,N,N,N,N,N,N,N,10/16/2013,9:35 AM,SAPD13227625,5110,15,379,N,Y,,,19,,,1,600,S,GENERAL MCMULLIN,,N,N,40,N,N,,Y,19,,,1,4200,,EL PASO,,,,,,,,2,1,0,,1,2,5,9:38 AM,DISPATCH,9:42 AM,10/16/2013,Y,TXSPD0000,2473,,19,148,8,2,1,10,64,3,1,5,1,21,21,15,379,29.42340497,-98.5550423,,,,,S GENERAL MCMULLEN DR,606,,,,,,,,,EL PASO ST,,,,,Y,N,N,3,9,Y,WED,,,,,,,,,,,,,,,,,,,,,,,,,,,,,,,,,,,,,,,,,,,,,,,,,,,,,,,,0,0,1,1,0,1,0,28,,,
13496107,N,N,N,N,N,N,N,10/10/2013,12:46 PM,13-01837,,227,250,N,Y,,,5,620,,1,3300,,RR 620 SOUTH,,N,N,55,N,N,FLAT DRY,N,19,,,1,2900,,FLINT ROCK TRACE,,,,,,FLAT DRY,,11,1,0,3,1,1,5,12:46 PM,OFFICER INITIATED,12:46 PM,10/10/2013,Y,TX2271100,1633,,,25,8,2,4,22,64,42,1,3,1,21,21,227,250,30.33405465,-97.9686706,RM,620,,2.374,RM0620,,683,2,2.388,526,0.245,,,,,,,,,Y,Y,N,5,5,Y,THU,2,0,8,8,0,2,4,140,76,60,4,0,0,2,8,5,2,8,5,0,0,4,14,36875,2014,36875,1.3,1.7,3,,,,,,,,,,,,,,,,,,,,,,,,,,,0,0,0,4,0,0,0,90,,,
13496371,N,N,N,N,N,N,N,10/16/2013,10:59 PM,1300069845,,220,141,N,Y,,,4,157,,1,200,S,INDUSTRIAL,BLVD,N,N,45,N,N,,N,19,,,,1000,,VILLA,DR,,,,,,,11,4,0,,1,1,1,10:59 PM,SELF DISPATCHED,10:59 PM,10/17/2013,Y,TX2200900,1279,,889,24,8,2,3,14,64,14,1,3,1,32,21,220,141,,,FM,157,,,FM0157,,,,,,,,,,,,,,,Y,Y,N,5,7,N,WED,,,,,,,,,,,,,,,,,,,,,,,,,,,,,,,,,,,,,,,,,,,,,,,,,,,,,,,,0,0,0,4,0,0,0,,,,
13496499,N,N,N,N,N,N,N,10/16/2013,9:35 AM,13-7992,,220,214,N,Y,,,19,,,1,100,W,PIPELINE,RD,N,N,35,N,N,,Y,19,,,1,700,,NORWOOD,DR,,,,,,,12,1,4,,1,2,8,9:36 AM,DISPATCHED,9:39 AM,10/16/2013,Y,TX2201600,1503,,,35,8,2,1,10,64,54,1,5,1,21,21,220,214,32.82357426,-97.16772247,,,,,W PIPELINE RD,100,,,,,,,,,NORWOOD DR,,,,,Y,N,N,2,6,Y,WED,,,,,,,,,,,,,,,,,,,,,,,,,,,,,,,,,,,,,,,,,,,,,,,,,,,,,,,,0,1,0,2,0,1,0,282,,,
13496838,N,N,N,N,N,N,N,10/12/2013,5:44 PM,,,170,1735,Y,Y,30.24552,-95.13833,15,,,1,,,COUNTRY COLONY,DR,N,N,30,N,N,,N,15,,,,,,TRAM,RD,,,,,,,2,1,0,,5,2,12,5:46 PM,DISPATCHED,5:53 PM,10/13/2013,Y,,10000,46,52,1,8,2,4,30,64,54,1,4,1,21,21,170,1735,30.2455071,-95.13832751,,,,,COUNTRY COLONY DR,27301,,,,,,,,,,,,,,Y,N,Y,2,0,Y,SAT,,,,,,,,,,,,,,,,,,,,,,,,,,,,,,,,,,,,,,,,,,,,,,,,,,,,,,,,0,4,0,0,0,4,0,15,,,
13496844,N,N,N,N,N,N,N,10/15/2013,2:00 PM,13-102240,,220,156,N,Y,32.75219,-97.27522,1,30,,1,3600,,EAST,FWY,N,N,-1,N,N,PUBLIC ROADWAY,N,19,,,,1200,,OAKLAND,BLVD,,,,,PUBLIC ROADWAY,,2,1,0,2,2,2,20,2:09 PM,DISPATCHED,2:17 PM,10/15/2013,Y,TX2201200,1318,4,9,23,8,7,4,1,23,54,1,1,2,21,21,220,156,32.75170726,-97.27500962,IH,30,,17.728,IH0030,,1068,2,16.861,18,-0.243,,,,,,,,,Y,Y,N,2,9,Y,TUE,5,0,8,10,18,3,6,240,108,72,6,0,0,2,16,5,2,20,5,2,2,4,11,122428,2014,122428,1.6,7.8,9.4,1,531,1,1,0,,,,,,,,,,,,,,,,,,,,,,0,1,0,0,0,1,0,282,,,
13496850,N,N,N,N,N,N,N,10/13/2013,9:15 PM,,,170,1735,Y,Y,30.10233,-95.22975,11,494,,1,,,NOT REPORTED,,N,N,40,N,N,,Y,4,1314,,1,,,NOT REPORTED,,,,,,,,12,3,2,1,1,1,5,9:26 PM,DISPATCHED,9:34 PM,10/13/2013,Y,,10000,46,52,1,8,2,1,34,64,54,1,3,1,21,21,170,1735,30.10232162,-95.22975922,FM,1314,,20.265,FM1314,25199,1986,1,21.265,451,0.04,SL,494,,SL0494,,177,14,32.702,Y,Y,Y,5,0,Y,SUN,2,0,6,6,0,3,2,100,36,24,4,0,0,2,6,5,2,6,5,0,0,4,16,15995,2014,15995,6.8,2.3,9.1,,,,,,,,,,,,,,,,,,,,,,,,,,,0,0,0,3,0,0,0,15,,,
13496989,N,N,N,N,N,N,N,10/13/2013,11:39 AM,131013023,,165,291,N,Y,,,3,349,,1,600,N,BIG SPRING,ST,N,N,40,N,N,,Y,19,,,1,400,W,MICHIGAN,AVE,,,,,,,11,1,4,3,1,1,5,11:40 AM,ON-SIGHT,11:40 AM,10/15/2013,Y,TX1650100,1782,,,629,8,2,1,10,64,54,1,2,1,21,21,165,291,32.00267306,-102.0782089,BS,349,C,6.682,BS0349C,,380,9,6.923,328,0.049,,,,W MICHIGAN AVE,,,,,Y,Y,N,5,8,Y,SUN,2,0,0,0,0,1,4,80,61,49,2,1,1,1,0,0,1,0,0,0,0,3,14,18775,2014,18775,4.1,15.3,19.3,,,,,,,,,,,,,,,,,,,,,,,,,,,0,0,0,7,0,0,0,174,,,
13497007,N,N,N,N,N,N,N,10/17/2013,8:45 AM,0130162413Z,,101,208,N,Y,,,19,,,1,2000,,FRANKLIN,ST,N,N,30,N,N,,Y,19,,,1,200,,CHARTRES,,,,,,,,12,1,4,,1,1,5,8:50 AM,DISPATCHER,8:55 AM,10/17/2013,Y,TXHPD0000,2469,18,113,29,8,2,1,10,64,54,1,5,1,21,21,101,208,29.7578248,-95.35152309,,,,,FRANKLIN ST,1999,,,,,,,,,CHARTRES ST,,,,,Y,N,N,3,9,Y,THU,,,,,,,,,,,,,,,,,,,,,,,,,,,,,,,,,,,,,,,,,,,,,,,,,,,,,,,,0,0,1,1,0,1,0,15,,,
13497022,N,N,N,N,N,N,N,10/17/2013,11:15 AM,13-11016,306,61,259,N,Y,,,9,121,,1,1300,S,NOT REPORTED,,N,N,45,N,N,,N,19,,,,100,,BELLAIRE,BLVD,,,,,,,11,1,0,2,1,1,20,11:17 AM,DISPATCHED,11:19 AM,10/17/2013,Y,TX0610600,1659,,,35,8,2,4,20,64,9,1,2,1,21,21,61,259,33.02743282,-96.99293866,BS,121,H,5.128,BS0121H,,364,3,10.446,274,-0.092,,,,,,,,,Y,Y,N,3,7,Y,THU,3,0,1,1,17,3,6,350,76,72,5,1,2,2,2,5,2,2,5,1,15,4,14,23312,2014,23312,3.9,6.6,10.5,1,206,2,1,22,,,,,,,,,,,,,,,,,,,,,,0,0,1,1,0,1,0,282,,,
13497079,N,N,N,N,N,N,N,10/16/2013,8:50 PM,SAPD1322808,7270,15,379,N,Y,,,19,,,1,7600,,JONES MALTSBERGER,,N,N,35,N,N,,Y,19,,,1,1300,,OBLATE,,,,,,,,12,4,0,,1,2,5,8:53 PM,DISPATCHER,9:05 PM,10/16/2013,Y,TXSPD0000,2473,,61,123,8,2,1,34,64,54,1,5,1,21,21,15,379,29.50423495,-98.48173231,,,,,JONES MALTSBERGER RD,,,,,,,,,,OBLATE DR,,,,,Y,N,N,5,9,Y,WED,,,,,,,,,,,,,,,,,,,,,,,,,,,,,,,,,,,,,,,,,,,,,,,,,,,,,,,,0,0,0,3,0,0,0,28,,,
13497299,N,N,N,N,N,N,N,10/17/2013,9:00 AM,SAPD13228368,6250,15,379,N,Y,,,19,,,1,3100,SE,MILITARY,DR,N,N,45,N,N,DRY / ASPHAULT,N,19,,,,100,,CITY BASE LANDING,,,,,,DRY / ASPHALUTS,,11,1,0,2,1,1,5,9:11 AM,922,9:30 AM,10/17/2013,N,txspd0000,2473,,11,175,8,2,3,20,64,46,1,2,1,32,21,15,379,29.35172628,-98.4357113,SL,13,,13.219,SL0013,3142,521,1,2.789,498,-0.61,,,,,,,,,Y,Y,N,5,9,Y,THU,3,0,0,0,20,2,6,120,70,70,4,0,0,1,0,0,1,0,0,1,20,4,14,23826,2014,23826,2.4,4.7,7,,,,,,,,,,,,,,,,,,,,,,,,,,,0,0,0,3,1,0,0,28,,,
13497820,N,Y,N,N,N,N,N,10/11/2013,12:48 PM,AC13-10-0010,,107,20,N,Y,32.20962,-95.82442,4,2495,,1,1400,,FLAT CREEK,RD,N,N,50,N,N,FLAT CREEK RD,N,19,,,1,400,,ATHENS BRICK,RD,,,,,ATHENS BRICK RD,,11,1,0,3,2,1,20,12:49 PM,RADIO,12:52 PM,10/11/2013,Y,TX1070100,67,,,45,8,2,3,23,64,13,1,3,1,32,21,107,20,32.20957649,-95.82437675,FM,2495,,0.393,FM2495,1465,2426,1,0.411,646,0.32,,,,,,,,,Y,Y,N,5,5,Y,FRI,2,0,2,2,0,3,4,100,44,40,2,0,0,2,2,5,2,2,5,0,0,2,16,5062,2014,5062,10.6,0.8,11.4,1,193,1,2,10,,,,,,,,,,,,,,,,,,,,,,0,0,0,3,0,0,0,,,,
13498843,N,N,N,N,N,N,N,10/13/2013,3:38 AM,13101303,,126,277,N,Y,,,4,157,,1,1500,S,MAIN,ST,N,N,50,N,N,,Y,19,,,1,2000,,LONE STAR,RD,,,,,,,11,4,4,1,1,1,5,3:38 AM,DISPATCHED,3:45 AM,10/13/2013,Y,TX2202000,1726,,,87,8,10,2,3,1,54,1,3,2,21,21,126,277,32.53573227,-97.10629272,FM,157,,25.752,FM0157,,747,5,0.003,290,-0.284,BU,287,P,BU0287P,,172,3,1.37,Y,Y,N,2,7,Y,SUN,2,0,4,4,0,2,2,80,32,20,2,0,0,2,4,5,2,4,5,0,0,4,17,5442,2014,5442,4.1,1.4,5.5,,,,,,,,,,,,,,,,,,,,,,,,,,,0,1,0,1,0,1,0,282,,,
13499246,N,N,N,N,N,N,N,10/16/2013,12:19 PM,132890759,,227,22,N,Y,,,19,,,1,2200,S,LAMAR,BLVD,N,N,35,N,N,,N,19,,,,,,KINNEY,AVE,,,,,,,2,1,0,3,1,2,1,12:31 PM,DISPATCH,12:39 PM,10/16/2013,N,TX2270100,74,1043,93,112,8,2,2,20,64,42,1,2,1,21,21,227,22,30.24824368,-97.77066802,SL,343,,2.242,SL0343,2102,113,9,7.238,566,-0.179,SL,360,,SL0360,,,,,Y,Y,N,5,9,Y,WED,2,0,0,0,0,2,4,80,60,48,4,1,1,1,0,0,1,0,0,0,0,4,14,34215,2014,34215,1.2,0.4,1.6,,,,,,,,,,,,,,,,,,,,,,,,,,,0,0,0,2,0,0,0,90,,,
13499506,N,N,N,N,N,N,N,10/12/2013,9:37 PM,13101744,,31,53,N,Y,,,3,48,,1,6600,,PADRE ISLAND,HWY,N,N,-1,N,N,,N,19,,,,0,,STEVENS,DR,,,,,,,11,4,0,3,1,1,20,9:47 PM,DISPATCHED,9:55 PM,10/12/2013,Y,TX0310100,172,,125,17,8,2,4,20,64,54,1,2,1,21,21,31,53,25.93774019,-97.43761386,SH,48,,5.082,SH0048,6691,220,5,5.106,564,-0.955,,,,,,,,,Y,Y,N,3,8,Y,SAT,2,0,8,8,0,2,4,100,76,60,4,0,0,2,8,5,2,8,5,0,0,4,14,21225,2014,21225,2.5,0.4,2.9,,,,,,,,,,,,,,,,,,,,,,,,,,,0,0,2,0,1,2,0,248,,,
13499623,N,N,N,N,N,N,N,10/17/2013,9:10 PM,13-005187,CH3,57,71,N,Y,,,4,1382,,1,1200,E,BELT LINE,RD,N,N,45,N,N,,N,19,,,,100,N,WATERFORD OAKS,DR,,,,,,,11,4,0,2,1,1,20,9:12 PM,RADIO,9:15 PM,10/17/2013,Y,TX0570500,223,,,35,8,2,3,20,64,46,1,3,1,32,21,57,71,32.58987376,-96.9163331,FM,1382,,13.47,FM1382,,1047,2,13.446,282,-0.478,,,,,,,,,Y,Y,N,2,6,Y,THU,3,0,1,1,40,8,4,120,52,48,5,1,2,2,2,5,2,2,5,1,38,4,14,20293,2014,20293,0.8,0.1,0.9,,,,,,,,,,,,,,,,,,,,,,,,,,,0,2,2,0,0,4,0,282,,,
13499649,N,N,N,N,N,N,N,10/11/2013,4:29 PM,SAPD132240771,2310,15,379,N,Y,,,19,,,1,,,CULEBRA,RD,N,N,-1,N,N,CULEBRA RD,N,19,,,,,,TRINITY,,,,,,TRINITY,,11,1,0,3,3,1,20,4:29 PM,DISPATCH,4:40 PM,10/11/2013,Y,TXSPD0000,2473,,7,147,8,2,3,10,64,14,1,2,1,32,21,15,379,29.4441192,-98.51498139,SS,421,,5.98,SS0421,,291,11,3.127,492,0.044,,,,,,,,,Y,Y,N,5,9,Y,FRI,2,0,10,0,0,2,4,120,65,55,4,1,1,2,10,5,1,0,0,0,0,4,14,29159,2014,29159,2.8,3.9,6.7,,,,,,,,,,,,,,,,,,,,,,,,,,,0,0,0,3,0,0,0,28,,,
13499788,N,N,N,N,N,N,N,10/17/2013,11:20 PM,0130502613V,,101,208,N,Y,,,19,,,1,1600,,WESTHEIMER,RD,N,N,35,N,N,CONCRETE,N,19,,,,3000,,MANDELL,,,,,,,,11,4,0,,1,1,20,11:26 PM,HPD DISPATCH,11:28 PM,10/18/2013,Y,TXHPD0000,2469,18,121,35,8,2,3,14,29,14,1,5,1,32,21,101,208,29.74277481,-95.39923679,,,,,WESTHEIMER RD,1581,,,,,,,,,,,,,,Y,N,N,5,9,Y,THU,,,,,,,,,,,,,,,,,,,,,,,,,,,,,,,,,,,,,,,,,,,,,,,,,,,,,,,,0,0,0,2,0,0,0,15,,,
13499825,N,N,N,N,N,N,N,10/13/2013,2:20 AM,0128406013L,,101,208,N,Y,,,19,,,1,6060,,RICHMOND,AVE,Y,N,-1,N,N,,N,19,,,,3200,,FOUNTAIN VIEW,DR,,,,,,,11,4,0,,1,1,1,2:40 AM,DISPATCH,2:40 AM,10/13/2013,Y,TXHPD0000,2469,18,106,54,8,4,4,1,64,3,7,9,5,33,21,101,208,,,,,,,RICHMOND AVE,,,,,,,,,,,,,,,N,N,N,0,9,N,SUN,,,,,,,,,,,,,,,,,,,,,,,,,,,,,,,,,,,,,,,,,,,,,,,,,,,,,,,,0,0,0,0,1,0,0,,,,
13499878,N,N,N,N,N,N,N,10/17/2013,6:45 AM,0130127813R,FSGI,101,208,N,Y,,,19,,,1,10300,,MAIN,ST,N,N,40,N,N,,N,19,,,,,W,BELLFORT,ST,,,,,,,11,3,0,2,1,1,11,6:58 AM,DISPATCHER,7:07 AM,10/17/2013,Y,TXHPD0000,2469,18,125,40,8,2,4,20,64,54,1,2,1,21,21,101,208,29.67258986,-95.43162205,UA,90,,164.448,UA0090,,27,9,7.582,692,0.595,,,,,,,,,Y,Y,N,5,9,Y,THU,4,0,0,0,6,8,6,538,72,72,5,0,0,1,0,0,1,0,0,2,6,4,12,66240,2014,66240,1.9,0.5,2.3,,,,,,,,,,,,,,,,,,,,,,,,,,,0,0,0,1,1,0,0,15,,,
13499893,N,N,N,N,N,N,N,10/12/2013,7:38 PM,2013-24852,,101,325,N,Y,,,19,,,1,3600,,BAY AREA,,N,N,40,N,N,,N,19,,,,16000,,MIDDLEBROOK,DR,,,,,,,12,3,0,,1,2,11,7:39 PM,DISPATCHED,7:48 PM,10/12/2013,Y,TX1011500,1912,,,697,8,7,4,1,20,54,1,5,2,21,21,101,325,29.59139187,-95.10226747,,,,,BAY AREA BLVD,,,,,,,,,,,,,,,Y,N,N,2,8,Y,SAT,,,,,,,,,,,,,,,,,,,,,,,,,,,,,,,,,,,,,,,,,,,,,,,,,,,,,,,,0,1,0,0,0,1,0,15,,,
13500009,N,N,N,N,N,N,N,10/17/2013,6:15 PM,0130396713C,FSGI,101,208,N,Y,,,1,10,,1,10000,W,KATY,FWY,N,N,60,N,N,,N,19,,,,900,,BUNKER HILL,RD,,,,,,,11,1,0,2,3,1,11,6:29 PM,HPD DISPATCHER,6:36 PM,10/17/2013,Y,TXHPD0000,2469,14,128,21,8,2,4,20,64,54,1,1,1,21,21,101,208,29.78448113,-95.53146256,IH,10,,757.157,IH0010,,271,7,17.209,759,-0.244,,,,,,,,,Y,Y,N,5,9,Y,THU,5,1,0,10,30,9,6,275,96,72,6,0,0,1,10,0,2,10,5,2,20,4,11,277883,2014,277883,2.8,3.6,6.4,,,,,,,,,,,,,,,,,,,,,,,,,,,0,0,0,2,1,0,0,15,,,