Crash_ID,Crash_Fatal_Fl,Cmv_Involv_Fl,Schl_Bus_Fl,Rr_Relat_Fl,Medical_Advisory_Fl,Amend_Supp_Fl,Active_School_Zone_Fl,Crash_Date,Crash_Time,Case_ID,Local_Use,Rpt_CRIS_Cnty_ID,Rpt_City_ID,Rpt_Outside_City_Limit_Fl,Thousand_Damage_Fl,Rpt_Latitude,Rpt_Longitude,Rpt_Rdwy_Sys_ID,Rpt_Hwy_Num,Rpt_Hwy_Sfx,Rpt_Road_Part_ID,Rpt_Block_Num,Rpt_Street_Pfx,Rpt_Street_Name,Rpt_Street_Sfx,Private_Dr_Fl,Toll_Road_Fl,Crash_Speed_Limit,Road_Constr_Zone_Fl,Road_Constr_Zone_Wrkr_Fl,Rpt_Street_Desc,At_Intrsct_Fl,Rpt_Sec_Rdwy_Sys_ID,Rpt_Sec_Hwy_Num,Rpt_Sec_Hwy_Sfx,Rpt_Sec_Road_Part_ID,Rpt_Sec_Block_Num,Rpt_Sec_Street_Pfx,Rpt_Sec_Street_Name,Rpt_Sec_Street_Sfx,Rpt_Ref_Mark_Offset_Amt,Rpt_Ref_Mark_Dist_Uom,Rpt_Ref_Mark_Dir,Rpt_Ref_Mark_Nbr,Rpt_Sec_Street_Desc,Rpt_CrossingNumber,Wthr_Cond_ID,Light_Cond_ID,Entr_Road_ID,Road_Type_ID,Road_Algn_ID,Surf_Cond_ID,Traffic_Cntl_ID,Investigat_Notify_Time,Investigat_Notify_Meth,Investigat_Arrv_Time,Report_Date,Investigat_Comp_Fl,ORI_Number,Investigat_Agency_ID,Investigat_Area_ID,Investigat_District_ID,Investigat_Region_ID,Bridge_Detail_ID,Harm_Evnt_ID,Intrsct_Relat_ID,FHE_Collsn_ID,Obj_Struck_ID,Othr_Factr_ID,Road_Part_Adj_ID,Road_Cls_ID,Road_Relat_ID,Phys_Featr_1_ID,Phys_Featr_2_ID,Cnty_ID,City_ID,Latitude,Longitude,Hwy_Sys,Hwy_Nbr,Hwy_Sfx,Dfo,Street_Name,Street_Nbr,Control,Section,Milepoint,Ref_Mark_Nbr,Ref_Mark_Displ,Hwy_Sys_2,Hwy_Nbr_2,Hwy_Sfx_2,Street_Name_2,Street_Nbr_2,Control_2,Section_2,Milepoint_2,Txdot_Rptable_Fl,Onsys_Fl,Rural_Fl,Crash_Sev_ID,Pop_Group_ID,Located_Fl,Day_of_Week,Hwy_Dsgn_Lane_ID,Hwy_Dsgn_Hrt_ID,Hp_Shldr_Left,Hp_Shldr_Right,Hp_Median_Width,Base_Type_ID,Nbr_Of_Lane,Row_Width_Usual,Roadbed_Width,Surf_Width,Surf_Type_ID,Curb_Type_Left_ID,Curb_Type_Right_ID,Shldr_Type_Left_ID,Shldr_Width_Left,Shldr_Use_Left_ID,Shldr_Type_Right_ID,Shldr_Width_Right,Shldr_Use_Right_ID,Median_Type_ID,Median_Width,Rural_Urban_Type_ID,Func_Sys_ID,Adt_Curnt_Amt,Adt_Curnt_Year,Adt_Adj_Curnt_Amt,Pct_Single_Trk_Adt,Pct_Combo_Trk_Adt,Trk_Aadt_Pct,Curve_Type_ID,Curve_Lngth,Cd_Degr,Delta_Left_Right_ID,Dd_Degr,Feature_Crossed,Structure_Number,I_R_Min_Vert_Clear,Approach_Width,Bridge_Median_ID,Bridge_Loading_Type_ID,Bridge_Loading_In_1000_Lbs,Bridge_Srvc_Type_On_ID,Bridge_Srvc_Type_Under_ID,Culvert_Type_ID,Roadway_Width,Deck_Width,Bridge_Dir_Of_Traffic_ID,Bridge_Rte_Struct_Func_ID,Bridge_IR_Struct_Func_ID,CrossingNumber,RRCo,Poscrossing_ID,WDCode_ID,Standstop,Yield,Incap_Injry_Cnt,Nonincap_Injry_Cnt,Poss_Injry_Cnt,Non_Injry_Cnt,Unkn_Injry_Cnt,Tot_Injry_Cnt,Death_Cnt,MPO_ID,Investigat_Service_ID,Investigat_DA_ID,Investigator_Narrative
13500062,N,N,N,N,N,N,N,10/18/2013,2:55 PM,0130753013D,,101,208,N,Y,,,3,6,,1,3000,N,HWY 6,,N,N,55,N,N,,N,19,,,,16000,,PATTERSON,RD,,,,,,,2,1,0,3,1,2,20,3:01 PM,DISPATCHED,3:23 PM,10/18/2013,Y,TXHPD0000,2469,18,106,44,8,2,4,20,64,54,1,2,1,21,21,101,208,29.81381025,-95.64551404,SH,6,,488.995,SH0006,,1685,5,8.617,672,0.323,,,,,,,,,Y,Y,N,5,9,Y,FRI,2,0,0,0,0,3,6,120,91,86,6,2,2,1,0,0,1,0,0,0,0,4,14,22859,2014,22859,3.9,1.4,5.2,1,113,0,,0,,,,,,,,,,,,,,,,,,,,,,0,0,0,2,0,0,0,15,,,
13500677,N,N,N,N,N,N,N,10/20/2013,2:38 AM,0131486213D,FSGI,101,208,N,Y,,,2,59,,2,2700,S,SOUTHWEST SER S,FWY,N,N,40,N,N,DRY CONCRETE,N,19,,,,5000,,BUFFALO SPEEDWAY,ST,,,,,,,11,4,0,,1,1,20,2:40 AM,DISPATCH,2:40 AM,10/20/2013,Y,TXHPD0000,2469,14,121,35,8,2,4,22,64,42,2,2,1,21,21,101,208,,,US,59,,,US0059,,,,,,,,,,,,,,,Y,Y,N,5,9,N,SUN,,,,,,,,,,,,,,,,,,,,,,,,,,,,,,,,,,,,,,,,,,,,,,,,,,,,,,,,0,0,0,6,1,0,0,,,,
13500716,N,N,N,N,N,N,N,10/19/2013,6:06 PM,SAPD13230378,3250,15,379,N,Y,,,19,,,7,13947,,NACOGDOCHES,RD,Y,N,-1,N,N,,N,19,,,,,,OCONNOR,RD,,,,,,,11,1,0,,2,1,1,6:10 PM,DISPATCH,6:11 PM,10/19/2013,Y,TXSPD0000,2473,,29,131,8,2,4,40,64,12,7,9,5,33,21,15,379,,,,,,,NACOGDOCHES RD,,,,,,,,,,,,,,,N,N,N,3,9,N,SAT,,,,,,,,,,,,,,,,,,,,,,,,,,,,,,,,,,,,,,,,,,,,,,,,,,,,,,,,0,0,1,2,0,1,0,,,,
13501325,N,N,N,N,N,N,N,10/17/2013,8:03 AM,13-20275,,221,2,N,Y,,,19,,,1,2900,,S 27,,N,N,35,N,N,,N,19,,,,2600,,WOODARD,,,,,,,,11,1,0,,1,1,20,8:11 AM,DISPATCH,8:24 AM,10/17/2013,Y,TX2210100,10,,,113,8,2,4,21,64,9,1,5,1,21,21,221,2,32.41737044,-99.75780292,,,,,S 27TH ST,2965,,,,,,,,,,,,,,Y,N,N,5,8,Y,THU,,,,,,,,,,,,,,,,,,,,,,,,,,,,,,,,,,,,,,,,,,,,,,,,,,,,,,,,0,0,0,2,0,0,0,166,,,
13502615,N,N,N,N,N,N,N,10/19/2013,4:10 PM,,,129,1694,Y,Y,32.56417,-96.3938,4,1390,,1,,,NOT REPORTED,,N,N,55,N,N,,N,15,4100,,,,,NOT REPORTED,,,,,,,,11,1,0,1,1,1,11,4:33 PM,DPS COMM,4:58 PM,10/20/2013,Y,,10000,19,107,1,8,10,4,1,1,54,1,3,2,21,21,129,1694,32.56055777,-96.39817405,FM,1390,,3.473,FM1390,6183,197,11,3.946,282,-0.582,,,,,,,,,Y,Y,Y,2,0,Y,SAT,2,0,0,0,0,2,2,90,22,22,4,0,0,1,0,0,1,0,0,0,0,1,8,639,2014,639,8.7,18.3,26.9,,,,,,,,,,,,,,,,,,,,,,,,,,,0,1,0,0,0,1,0,282,,,
13503289,N,N,N,N,N,N,N,10/12/2013,8:50 AM,13-003616,,79,296,N,Y,,,3,6,,7,5900,,SH 6,,Y,N,30,N,N,LEVEL NO OBSTRUCTIONS,N,19,,,,3900,,TOWNSHIP,LN,,,,,,,11,1,98,,1,1,1,8:54 AM,POLICE DISPATCH,8:57 AM,10/12/2013,Y,TX0790100,1792,,240,312,8,2,4,10,64,54,7,9,5,33,21,79,296,,,SH,6,,,SH0006,,,,,,,,,,,,,,,N,Y,N,5,7,N,SAT,,,,,,,,,,,,,,,,,,,,,,,,,,,,,,,,,,,,,,,,,,,,,,,,,,,,,,,,0,0,0,2,0,0,0,,,,
13504004,N,N,N,N,N,N,N,10/11/2013,9:29 AM,1336996,,152,270,N,Y,,,2,62,,1,2700,,IDALOU,RD,N,N,45,N,N,,Y,19,,,1,2700,E,BROADWAY,ST,,,,,,,11,1,4,2,1,1,8,9:31 AM,POLICE RADIO,9:33 AM,10/11/2013,Y,TX1520200,1706,,,,8,2,1,10,64,54,1,2,1,21,21,152,270,33.58507014,-101.8073533,US,62,,235.995,US0062,,130,5,20.915,332,0.16,,,,E BROADWAY,,,,,Y,Y,N,3,8,Y,FRI,3,0,0,10,16,3,4,130,72,52,4,1,0,1,0,0,3,20,5,1,16,4,14,3875,2014,3875,8.2,6.4,14.6,1,285,2,1,30,,,,,,,,,,,,,,,,,,,,,,0,0,1,1,0,1,0,122,,,
13504203,N,N,N,N,N,N,N,10/19/2013,4:19 PM,1300047175,,184,446,N,N,,,19,,,1,100,E,PARK,AVE,N,N,30,N,N,"SMOOTH, DRY ASPHALE",N,4,51,S,,1400,S,MAIN,ST,,,,,"SMOOTH, DRY ASPHALT",,11,1,0,,1,1,1,2:19 PM,DISPATCH,2:21 PM,10/19/2013,Y,TX1840100,2388,,,35,8,5,4,1,64,54,1,5,1,21,21,184,446,32.74238629,-97.79748938,,,,,E PARK AVE,102,,,,,,,,,,,,,,Y,N,N,2,6,Y,SAT,,,,,,,,,,,,,,,,,,,,,,,,,,,,,,,,,,,,,,,,,,,,,,,,,,,,,,,,0,1,0,1,0,1,0,282,,,
13504304,N,N,N,N,N,N,N,10/19/2013,7:10 AM,13-35594,,61,151,N,Y,,,4,3040,,1,500,,FLOWER MOUND,RD,N,N,45,N,N,,Y,19,,,1,1800,,GARDEN RIDGE,BLVD,,,,,,,11,3,4,2,1,1,5,7:10 AM,DISPATCHED,7:14 AM,10/19/2013,Y,TX0611200,1304,967,889,87,8,2,1,10,64,3,1,3,1,21,21,61,151,33.01001995,-97.03687075,FM,3040,,2.08,FM3040,601,3088,1,9.58,572,0.086,,,,S GARDEN RIDGE BLVD,,,,,Y,Y,N,3,7,Y,SAT,3,0,2,2,19,2,6,100,80,72,5,1,2,2,4,5,2,4,5,1,15,4,16,30040,2014,30040,2.8,3.6,6.4,,,,,,,,,,,,,,,,,,,,,,,,,,,0,0,3,2,0,3,0,282,,,
13504708,N,N,N,N,N,N,N,10/16/2013,7:14 AM,2013-14683,258,61,429,N,Y,,,4,3700,,1,3700,,FM423,,N,N,45,N,N,PUBLIC ROADWAY,Y,19,,,1,4700,,MEMORIAL,LN,,,,,PUBLIC ROADWAY,,2,2,4,,1,1,5,7:19 AM,DISPATCHED,7:20 AM,10/16/2013,Y,TX0611500,2269,,,35,8,2,1,34,64,54,1,3,1,21,21,61,429,,,,,,,FM3700,,,,,,,,,,MEMORIAL LN,,,,,Y,Y,N,5,6,N,WED,,,,,,,,,,,,,,,,,,,,,,,,,,,,,,,,,,,,,,,,,,,,,,,,,,,,,,,,0,0,0,4,0,0,0,,,,
13505022,N,N,N,N,N,N,N,10/19/2013,8:28 PM,0131339713U,,101,208,N,Y,,,19,,,1,10800,,FONDREN,RD,N,N,35,N,N,CONCRETE,N,19,,,,,,BANKSIDE,DR,,,,,,,11,4,0,,1,1,1,8:53 PM,DISPATCHED,8:58 PM,10/20/2013,Y,TXHPD0000,2469,6,125,55,8,2,4,21,64,9,1,5,1,21,21,101,208,29.67079927,-95.5086625,,,,,FONDREN RD,,,,,,,,,,,,,,,Y,N,N,5,9,Y,SAT,,,,,,,,,,,,,,,,,,,,,,,,,,,,,,,,,,,,,,,,,,,,,,,,,,,,,,,,0,0,0,3,0,0,0,15,,,
13505099,N,N,N,N,N,N,N,10/21/2013,2:30 AM,SAPD13231341,7110,15,379,N,Y,,,4,1604,,1,10000,,BRAUN,,N,N,60,N,N,,Y,19,,,1,10000,,BRAUN,,,,,,,,11,6,4,2,1,1,1,2:15 AM,DISPATCH,2:25 AM,10/21/2013,Y,TXSPD0000,2473,,61,123,8,7,2,1,36,32,1,2,2,21,21,15,379,29.53614124,-98.68201843,SL,1604,,26.53,SL1604,,2452,1,26.167,514,0.492,,,,BRAUN RD,,,,,Y,Y,N,5,9,Y,MON,3,0,4,0,82,2,4,340,72,48,4,0,0,2,14,5,1,10,0,3,68,4,12,62928,2014,62928,4,10.4,14.5,,,,,,,,,,,,,,,,,,,,,,,,,,,0,0,0,2,0,0,0,28,,,
13506835,N,N,N,N,N,N,N,10/19/2013,11:05 AM,131019-1812,,101,33,N,Y,,,19,,,7,6406,,AVNUE B,ST,N,N,-1,N,N,,N,19,,,,4500,,PALMETTO,ST,,,,,,,11,1,0,,1,1,1,11:08 AM,RADIO DISPATCH,11:20 AM,10/19/2013,Y,TX1010200,109,,,35,8,7,4,4,36,54,7,9,2,11,21,101,33,,,,,,,AVNUE B ST,,,,,,,,,,,,,,,N,N,N,5,5,N,SAT,,,,,,,,,,,,,,,,,,,,,,,,,,,,,,,,,,,,,,,,,,,,,,,,,,,,,,,,0,0,0,1,0,0,0,,,,
13507798,N,N,N,N,N,N,N,10/22/2013,7:50 AM,SAPD13232276,3250,15,379,N,Y,29.52089999,-98.39594,1,410,,1,3200,NE,NOT REPORTED,,N,N,65,N,N,,Y,1,35,,1,,N,NOT REPORTED,,,,,,,,11,1,0,2,4,1,20,8:14 AM,PERSON,8:18 AM,10/22/2013,N,TXSPD0000,2473,,7,147,8,2,4,20,64,42,1,1,1,21,21,15,379,29.52162818,-98.39461238,IH,410,,26.561,IH0410,,521,4,26.938,26,0.881,,,,,,,,,Y,Y,N,5,9,Y,TUE,5,0,10,12,19,9,5,300,96,60,4,0,0,2,16,5,2,20,5,2,3,4,11,122278,2014,122278,2.9,1.9,4.7,1,218,0,,0,,,,,,,,,,,,,,,,,,,,,,0,0,0,2,0,0,0,28,,,
13508065,N,N,N,N,N,N,N,10/22/2013,6:55 AM,,,204,1769,Y,Y,30.81317,-95.25571,17,,,1,,,WATERWOOD,PKWY,Y,N,40,N,N,,N,4,980,,,,,NOT REPORTED,,,,,,,,11,4,0,,4,1,12,7:04 AM,SAN JACINTO SO,7:19 AM,10/22/2013,Y,,10000,12,58,1,8,6,4,1,64,54,7,9,5,1,21,204,1769,,,,,,,WATERWOOD PKWY,,,,,,,,,,,,,,,N,N,Y,5,0,N,TUE,,,,,,,,,,,,,,,,,,,,,,,,,,,,,,,,,,,,,,,,,,,,,,,,,,,,,,,,0,0,0,1,0,0,0,,,,
13508886,N,N,N,N,N,N,N,10/19/2013,11:40 AM,268134A,,57,107,N,Y,,,2,75,,2,5500,N,CENTRAL,EXPY,N,N,40,Y,Y,PUBLIC ROADWAY,N,19,,,,5300,,MOCKINGBIRD,LN,,,,,PUBLIC ROADWAY,,11,1,0,2,2,1,4,1:09 PM,DISPATCHED,1:14 PM,10/19/2013,Y,TX0000006,2471,,,35,8,2,4,22,64,50,2,2,1,20,21,57,107,32.83469837,-96.77985526,US,75,,72.395,US0075,,47,7,11.626,268,-0.103,,,,,,,,,Y,Y,N,5,9,Y,SAT,5,0,10,10,24,3,8,220,136,96,5,0,0,2,20,5,2,20,5,2,4,4,12,229641,2014,229641,2.8,5.4,8.3,,,,,,,,,,,,,,,,,,,,,,,,,,,0,0,0,5,0,0,0,282,,,
13509013,N,N,N,N,N,N,N,10/17/2013,6:14 PM,2013-87032,,108,283,N,Y,,,2,83,,1,1300,E,EXPRESSWAY,AVE,N,N,65,N,N,,N,2,83,,,1400,E,EXPRESSWAY,AVE,,,,,,,11,1,0,,1,1,20,6:18 PM,DISPATCH,6:25 PM,10/18/2013,Y,TX1080800,1753,,,35,8,7,4,1,32,54,1,2,2,21,21,108,283,,,US,83,,,US0083,,,,,,,,,,,,,,,Y,Y,N,3,8,N,THU,,,,,,,,,,,,,,,,,,,,,,,,,,,,,,,,,,,,,,,,,,,,,,,,,,,,,,,,0,0,1,0,0,1,0,,,,
13509075,N,N,N,N,N,N,N,10/19/2013,6:31 PM,2013-25437,,101,325,N,N,,,19,,,1,2700,,THOMAS,AVE,N,N,30,N,N,,N,19,,,,200,,BURKE,RD,,,,,,,11,1,98,,1,1,17,6:40 PM,DISPATCHED,6:45 PM,10/19/2013,Y,TX1011500,1912,,,697,8,4,3,4,64,14,1,5,1,32,21,101,325,29.70868031,-95.17622195,,,,,THOMAS AVE,2736,,,,,,,,,,,,,,N,N,N,5,8,Y,SAT,,,,,,,,,,,,,,,,,,,,,,,,,,,,,,,,,,,,,,,,,,,,,,,,,,,,,,,,0,0,0,1,0,0,0,15,,,
13509365,N,N,N,N,N,N,N,10/18/2013,11:30 PM,0130952613X,FSGI,101,208,N,Y,,,19,,,1,8400,,VETERANS MEMORIAL,DR,N,N,40,N,N,,N,19,,,,700,,DE WALT,ST,,,,,,,2,4,0,,1,2,5,11:34 PM,DISPATCH,11:38 PM,10/19/2013,Y,TXHPD0000,2469,6,152,59,8,7,4,1,32,54,1,5,2,21,21,101,208,29.88296478,-95.41749307,,,,,VETERANS MEMORIAL DR,8400,,,,,,,,,,,,,,Y,N,N,0,9,Y,FRI,,,,,,,,,,,,,,,,,,,,,,,,,,,,,,,,,,,,,,,,,,,,,,,,,,,,,,,,0,0,0,0,1,0,0,15,,,
13509417,N,N,N,N,N,N,N,10/18/2013,12:20 AM,0130522813P,,101,208,N,Y,,,19,,,1,10700,,HARWIN,DR,N,N,35,N,N,,Y,12,,,1,3700,W,WEST SAM HOUSTON S,PKWY,,,,,,,11,4,0,,1,1,5,12:28 AM,DISPATCHER,12:32 AM,10/18/2013,Y,TXHPD0000,2469,16,128,21,8,2,1,10,64,54,1,5,1,21,21,101,208,,,,,,,HARWIN DR,,,,,,,,,,W WEST SAM HOUSTON S PKWY,,,,,Y,N,N,5,9,N,FRI,,,,,,,,,,,,,,,,,,,,,,,,,,,,,,,,,,,,,,,,,,,,,,,,,,,,,,,,0,0,0,2,0,0,0,,,,
13509456,N,N,N,N,N,N,N,10/22/2013,5:18 PM,270875A,,57,107,N,Y,,,1,45,,1,10400,,JULIUS SCHEPPS,FWY,N,N,60,N,N,,N,1,20,,,32300,,LYNDON B JOHNSON,FWY,,,,,,,11,1,0,2,1,1,20,5:23 PM,DISPATCHED,5:38 PM,10/22/2013,N,TX0000006,2471,,,71,8,2,4,22,64,42,1,1,1,21,21,57,107,32.66523491,-96.72964313,IH,45,,276.401,IH0045,,92,14,9.27,276,0.414,,,,,,,,,Y,Y,N,3,9,Y,TUE,5,0,10,10,50,3,6,530,112,72,5,0,0,2,20,5,2,20,5,3,30,4,11,61095,2014,61095,4.4,23.9,28.3,,,,,,,,,,,,,,,,,,,,,,,,,,,0,0,3,1,1,3,0,282,,,
13509547,N,N,N,N,N,Y,N,10/22/2013,5:12 PM,13011308,,61,114,N,Y,,,11,288,,1,2300,S,LOOP 288,,N,N,35,N,N,,Y,1,35,E,2,2400,S,I35E,,,,,,,,11,1,0,2,1,1,5,5:19 PM,DISPATCH,5:25 PM,10/27/2013,Y,TX0610200,1196,,,411,8,2,1,10,64,54,2,1,1,21,21,61,114,33.18649673,-97.10799408,IH,35,E,92.902,IH0035E,,196,1,17.528,464,-0.235,SL,288,,SL0288,,2250,1,3.697,Y,Y,N,5,8,Y,TUE,5,0,4,10,48,3,4,400,76,48,6,0,0,2,8,5,2,20,5,2,40,4,11,80623,2014,80623,3.2,6.1,9.3,,,,,,,,,,,,,,,,,,,,,,,,,,,0,0,0,3,0,0,0,282,,,
13509551,N,N,N,N,N,N,N,10/20/2013,1:30 AM,0131458413L,,101,208,N,Y,,,2,59,,1,10734,N,EASTEX,FWY,N,N,50,N,N,,N,19,,,,4200,,SAUNDERS,ST,,,,,,,11,4,0,,1,1,1,1:30 AM,ON VIEW,1:30 AM,10/20/2013,Y,TXHPD0000,2469,6,124,113,8,7,2,1,23,30,1,2,2,21,21,101,208,,,US,59,,,US0059,,,,,,,,,,SAUNDERS ST,,,,,Y,Y,N,3,9,N,SUN,,,,,,,,,,,,,,,,,,,,,,,,,,,,,,,,,,,,,,,,,,,,,,,,,,,,,,,,0,0,1,3,0,1,0,,,,
13509623,N,N,N,N,N,N,N,10/22/2013,6:13 PM,130028161,,57,177,N,Y,,,19,,,1,2100,SW,3RD,ST,N,N,35,N,N,,Y,19,,,1,300,,SPARKS,DR,,,,,,,11,1,98,,1,1,8,6:16 PM,DISPATCH,6:21 PM,10/22/2013,Y,TX0571200,1372,,,87,8,2,1,38,64,14,1,5,1,32,21,57,177,32.71415428,-97.00733252,,,,,SW 3RD ST,2101,,,,,,,,,SPARKS DR,,,,,Y,N,N,5,8,Y,TUE,,,,,,,,,,,,,,,,,,,,,,,,,,,,,,,,,,,,,,,,,,,,,,,,,,,,,,,,0,0,0,6,0,0,0,282,,,
13509812,N,N,N,N,N,N,N,10/15/2013,7:09 PM,130056837,,220,19,N,N,,,19,,,1,1500,,CARTER,DR,N,N,35,N,N,,N,19,,,,2400,E,PARK ROW,DR,,,,,,,2,4,4,,1,2,20,7:11 PM,DISPATCHED,7:13 PM,10/15/2013,Y,TX2200100,59,,8,142,8,1,2,3,64,1,1,5,1,21,21,220,19,32.72078687,-97.06683274,,,,,CARTER DR,1503,,,,,,,,,E PARK ROW DR,,,,,Y,N,N,3,9,Y,TUE,,,,,,,,,,,,,,,,,,,,,,,,,,,,,,,,,,,,,,,,,,,,,,,,,,,,,,,,0,0,1,1,0,1,0,282,,,
13509814,N,N,N,N,N,N,N,10/11/2013,8:00 PM,130056103,,220,19,N,N,,,1,20,,1,7300,W,NOT REPORTED,HWY,N,N,60,N,N,,N,19,,,,5000,,BOWNAN SPRINGS,RD,,,,,,,11,4,0,2,1,1,20,8:02 PM,DISPATCH,8:03 PM,10/11/2013,N,TX2200100,59,,8,85,8,2,4,21,64,54,1,1,1,21,21,220,19,32.66815046,-97.22187889,IH,20,,442.987,IH0020,,2374,5,2.06,444,-0.101,,,,,,,,,N,Y,N,5,9,Y,FRI,5,0,10,17,56,3,10,400,169,122,6,0,0,2,20,5,2,27,5,2,36,4,11,198204,2014,198204,2.3,6.3,8.5,1,1024,0,1,27,,,,,,,,,,,,,,,,,,,,,,0,0,0,1,1,0,0,282,,,
13510338,N,N,N,N,N,N,N,10/11/2013,10:10 AM,2013-025908,,213,794,N,Y,,,19,,,7,409,,GLENWOOD,ST,N,N,30,N,N,,N,19,,,1,,,BLUEBONNET,ST,,,,,,,11,1,0,,2,1,1,10:14 AM,DISPATCHED,10:19 AM,10/17/2013,Y,TX2130400,1357,,,,8,7,4,1,34,54,7,9,5,33,21,213,794,,,,,,,GLENWOOD ST,,,,,,,,,,,,,,,N,N,Y,5,3,N,FRI,,,,,,,,,,,,,,,,,,,,,,,,,,,,,,,,,,,,,,,,,,,,,,,,,,,,,,,,0,0,0,1,0,0,0,,,,
13510381,N,N,N,N,N,N,N,10/14/2013,4:25 PM,,13-156513,57,107,N,Y,32.71,-96.82,1,35,,1,2800,S,RL THORNTON,FWY,N,N,60,N,N,,N,19,,,,,,SANER,AVE,,,,,,,12,1,0,,4,2,20,4:30 PM,RADIO DISPATCHED,4:42 PM,10/14/2013,Y,TX0570000,1169,,48,22,8,7,4,1,23,1,1,1,2,21,21,57,107,,,IH,35,,,IH0035,,,,,,,,,,,,,,,Y,Y,N,5,9,N,MON,,,,,,,,,,,,,,,,,,,,,,,,,,,,,,,,,,,,,,,,,,,,,,,,,,,,,,,,0,0,0,3,0,0,0,,,,
13510401,N,N,N,N,N,N,N,10/14/2013,8:00 AM,,13-156268,57,416,N,Y,,,3,352,,1,200,,SH 352,HWY,N,N,45,N,N,S. COLLINS RD.,N,19,,,1,400,,CLAY,RD,,,,,,,2,1,0,3,1,2,5,8:05 AM,RADIO DISPATCH,8:11 AM,10/14/2013,Y,TX0570000,1169,,,,8,2,2,22,64,42,1,2,1,21,21,57,416,32.77949843,-96.56624909,SH,352,,13.153,SH0352,,430,1,11.569,600,1.414,,,,CLAY RD E,,,,,Y,Y,N,5,4,Y,MON,2,0,2,2,0,2,4,100,48,44,4,0,0,2,2,5,2,2,5,0,0,4,14,22031,2014,22031,2.7,3.4,6.2,,,,,,,,,,,,,,,,,,,,,,,,,,,0,0,0,2,0,0,0,282,,,
13510532,N,N,N,N,N,N,N,10/12/2013,6:12 AM,130056194,HIT & RUN,220,19,N,Y,,,3,360,,2,200,S,WATSON,RD,N,N,45,N,N,N/B TO S/B U-TURN FRONTAGE RD,N,19,,,,2600,E,ABRAM,ST,,,,,,,11,3,0,2,4,1,1,6:18 AM,DISPATCH,6:25 AM,10/12/2013,N,TX2200100,59,,8,86,8,7,2,1,26,54,2,2,4,21,21,220,19,32.73534148,-97.06246343,SH,360,,13.071,SH0360,,2266,2,13.175,270,-0.945,,,,E ABRAM ST,,,,,Y,Y,N,0,9,Y,SAT,5,0,4,10,59,3,6,338,108,72,5,0,0,2,8,5,2,22,5,3,51,4,12,176957,2014,176957,3.4,2.4,5.9,1,61,0,1,1,,,,,,,,,,,,,,,,,,,,,,0,0,0,0,1,0,0,282,,,
13510539,N,N,N,N,N,N,N,10/14/2013,5:19 PM,130056647,,220,19,N,N,,,19,,,1,800,W,ARKANSAS,LN,N,N,35,N,N,,Y,19,,,1,2300,,MATLOCK,RD,,,,,,,12,1,4,,1,1,5,5:19 PM,ON VIEW,5:19 PM,10/14/2013,Y,TX2200100,59,,8,279,8,2,2,22,64,38,1,5,1,21,21,220,19,32.7064511,-97.11601612,,,,,W ARKANSAS LN,800,,,,,,,,,UNKNOWN,,,,,Y,N,N,2,9,Y,MON,,,,,,,,,,,,,,,,,,,,,,,,,,,,,,,,,,,,,,,,,,,,,,,,,,,,,,,,0,1,1,1,0,2,0,282,,,
13510589,N,N,N,N,N,N,N,10/15/2013,5:15 PM,2013-04288,,43,7,N,Y,33.09125,-96.66845,19,,,1,700,S,GREENVILLE,AVE,N,N,40,N,N,,Y,19,,,1,500,,PRESTIGE,CIR,,,,,,,2,4,6,,1,2,8,5:14 PM,DISPATCHED,5:17 PM,10/16/2013,Y,TX0430100,22,29,2,102,8,2,1,14,64,54,1,5,1,21,21,43,7,33.09125419,-96.66853259,,,,,S GREENVILLE AVE,,,,,,,,,,PRESTIGE CIR,,,,,Y,N,N,3,7,Y,TUE,,,,,,,,,,,,,,,,,,,,,,,,,,,,,,,,,,,,,,,,,,,,,,,,,,,,,,,,0,0,1,2,0,1,0,282,,,
13510838,N,N,Y,N,N,N,N,10/10/2013,3:04 PM,2013A002548,29B,57,166,N,Y,32.88395,-96.61512,19,,,1,1000,E,CENTERVILLE,RD,N,N,40,N,N,,N,19,,,1,2000,,MERRIMAC,TRL,,,,,,,11,1,0,,2,1,20,3:04 PM,OFCR DROVE UPON,3:04 PM,10/10/2013,Y,TX0571100,1344,,,77,8,2,4,22,64,48,1,5,1,21,21,57,166,32.88150423,-96.61811261,,,,,E CENTERVILLE RD,1000,,,,,,,,,,,,,,Y,N,N,2,8,Y,THU,,,,,,,,,,,,,,,,,,,,,,,,,,,,,,,,,,,,,,,,,,,,,,,,,,,,,,,,0,1,0,2,0,1,0,282,,,
13511011,N,N,N,N,N,N,N,10/21/2013,3:15 PM,0132448113C,FSGI,101,208,N,Y,,,19,,,7,2639,,REVERE,,Y,N,20,N,N,FSGI - OFFICE REPORT - DID NOT MAKE SCEN,N,19,,,,2300,W,WESTHIEMER,,,,,,,,0,0,98,,8,0,17,11:13 AM,WALK-IN REPORT,11:13 AM,10/22/2013,Y,TXHPD0000,2469,18,121,35,8,4,4,5,64,3,7,9,5,33,21,101,208,,,,,,,REVERE,,,,,,,,,,,,,,,N,N,N,0,9,N,MON,,,,,,,,,,,,,,,,,,,,,,,,,,,,,,,,,,,,,,,,,,,,,,,,,,,,,,,,0,0,0,0,1,0,0,,,,