Crash_ID,Crash_Fatal_Fl,Cmv_Involv_Fl,Schl_Bus_Fl,Rr_Relat_Fl,Medical_Advisory_Fl,Amend_Supp_Fl,Active_School_Zone_Fl,Crash_Date,Crash_Time,Case_ID,Local_Use,Rpt_CRIS_Cnty_ID,Rpt_City_ID,Rpt_Outside_City_Limit_Fl,Thousand_Damage_Fl,Rpt_Latitude,Rpt_Longitude,Rpt_Rdwy_Sys_ID,Rpt_Hwy_Num,Rpt_Hwy_Sfx,Rpt_Road_Part_ID,Rpt_Block_Num,Rpt_Street_Pfx,Rpt_Street_Name,Rpt_Street_Sfx,Private_Dr_Fl,Toll_Road_Fl,Crash_Speed_Limit,Road_Constr_Zone_Fl,Road_Constr_Zone_Wrkr_Fl,Rpt_Street_Desc,At_Intrsct_Fl,Rpt_Sec_Rdwy_Sys_ID,Rpt_Sec_Hwy_Num,Rpt_Sec_Hwy_Sfx,Rpt_Sec_Road_Part_ID,Rpt_Sec_Block_Num,Rpt_Sec_Street_Pfx,Rpt_Sec_Street_Name,Rpt_Sec_Street_Sfx,Rpt_Ref_Mark_Offset_Amt,Rpt_Ref_Mark_Dist_Uom,Rpt_Ref_Mark_Dir,Rpt_Ref_Mark_Nbr,Rpt_Sec_Street_Desc,Rpt_CrossingNumber,Wthr_Cond_ID,Light_Cond_ID,Entr_Road_ID,Road_Type_ID,Road_Algn_ID,Surf_Cond_ID,Traffic_Cntl_ID,Investigat_Notify_Time,Investigat_Notify_Meth,Investigat_Arrv_Time,Report_Date,Investigat_Comp_Fl,ORI_Number,Investigat_Agency_ID,Investigat_Area_ID,Investigat_District_ID,Investigat_Region_ID,Bridge_Detail_ID,Harm_Evnt_ID,Intrsct_Relat_ID,FHE_Collsn_ID,Obj_Struck_ID,Othr_Factr_ID,Road_Part_Adj_ID,Road_Cls_ID,Road_Relat_ID,Phys_Featr_1_ID,Phys_Featr_2_ID,Cnty_ID,City_ID,Latitude,Longitude,Hwy_Sys,Hwy_Nbr,Hwy_Sfx,Dfo,Street_Name,Street_Nbr,Control,Section,Milepoint,Ref_Mark_Nbr,Ref_Mark_Displ,Hwy_Sys_2,Hwy_Nbr_2,Hwy_Sfx_2,Street_Name_2,Street_Nbr_2,Control_2,Section_2,Milepoint_2,Txdot_Rptable_Fl,Onsys_Fl,Rural_Fl,Crash_Sev_ID,Pop_Group_ID,Located_Fl,Day_of_Week,Hwy_Dsgn_Lane_ID,Hwy_Dsgn_Hrt_ID,Hp_Shldr_Left,Hp_Shldr_Right,Hp_Median_Width,Base_Type_ID,Nbr_Of_Lane,Row_Width_Usual,Roadbed_Width,Surf_Width,Surf_Type_ID,Curb_Type_Left_ID,Curb_Type_Right_ID,Shldr_Type_Left_ID,Shldr_Width_Left,Shldr_Use_Left_ID,Shldr_Type_Right_ID,Shldr_Width_Right,Shldr_Use_Right_ID,Median_Type_ID,Median_Width,Rural_Urban_Type_ID,Func_Sys_ID,Adt_Curnt_Amt,Adt_Curnt_Year,Adt_Adj_Curnt_Amt,Pct_Single_Trk_Adt,Pct_Combo_Trk_Adt,Trk_Aadt_Pct,Curve_Type_ID,Curve_Lngth,Cd_Degr,Delta_Left_Right_ID,Dd_Degr,Feature_Crossed,Structure_Number,I_R_Min_Vert_Clear,Approach_Width,Bridge_Median_ID,Bridge_Loading_Type_ID,Bridge_Loading_In_1000_Lbs,Bridge_Srvc_Type_On_ID,Bridge_Srvc_Type_Under_ID,Culvert_Type_ID,Roadway_Width,Deck_Width,Bridge_Dir_Of_Traffic_ID,Bridge_Rte_Struct_Func_ID,Bridge_IR_Struct_Func_ID,CrossingNumber,RRCo,Poscrossing_ID,WDCode_ID,Standstop,Yield,Incap_Injry_Cnt,Nonincap_Injry_Cnt,Poss_Injry_Cnt,Non_Injry_Cnt,Unkn_Injry_Cnt,Tot_Injry_Cnt,Death_Cnt,MPO_ID,Investigat_Service_ID,Investigat_DA_ID,Investigator_Narrative
13515648,N,N,N,N,N,N,N,10/17/2013,4:00 AM,0130104613T,FSGI,101,208,N,Y,,,19,,,1,6500,,NORDLING,RD,N,N,30,N,N,,N,19,,,,600,,BRENDA,ST,,,,,,,12,4,0,,1,2,20,4:06 AM,DISPATCH,4:14 AM,10/17/2013,Y,TXHPD0000,2469,16,152,59,8,7,4,1,33,54,1,5,2,21,21,101,208,29.85824773,-95.3910712,,,,,NORDLING RD,6580,,,,,,,,,,,,,,Y,N,N,0,9,Y,THU,,,,,,,,,,,,,,,,,,,,,,,,,,,,,,,,,,,,,,,,,,,,,,,,,,,,,,,,0,0,0,0,1,0,0,15,,,
13515701,N,N,N,N,N,N,N,10/26/2013,6:48 AM,SAPD13235658,7120,15,379,N,Y,,,4,1604,,1,10003,,N LOOP 1604 WEST,,N,N,45,N,N,,Y,19,,,1,9900,,BRAUN,RD,,,,,,,12,4,2,2,1,1,5,6:50 AM,DISPATCHED,6:55 AM,10/26/2013,Y,TXSPD0000,2473,,61,123,8,2,1,34,64,54,1,2,1,21,21,15,379,29.53614124,-98.68201843,SL,1604,,26.53,SL1604,,2452,1,26.167,514,0.492,,,,BRAUN RD,,,,,Y,Y,N,5,9,Y,SAT,3,0,4,0,82,2,4,340,72,48,4,0,0,2,14,5,1,10,0,3,68,4,12,62928,2014,62928,4,10.4,14.5,,,,,,,,,,,,,,,,,,,,,,,,,,,0,0,0,3,0,0,0,28,,,
13515754,N,N,N,N,N,N,N,10/23/2013,8:30 AM,267033A,,57,107,N,Y,,,19,,,1,2300,,PLEASANT,DR,N,N,35,N,N,PUBLIC STREET,N,19,,,,8300,,BRUTON,RD,,,,,PUBLIC STREET,,11,1,0,,1,1,20,8:40 AM,DISPATCHED,8:50 AM,10/23/2013,Y,TX0000006,2471,,,27,8,2,3,11,64,14,1,5,1,32,21,57,107,32.74791188,-96.67858919,,,,,PLEASANT DR,2065,,,,,,,,,,,,,,Y,N,N,3,9,Y,WED,,,,,,,,,,,,,,,,,,,,,,,,,,,,,,,,,,,,,,,,,,,,,,,,,,,,,,,,0,0,1,3,0,1,0,282,,,
13515797,N,N,N,N,N,N,N,10/26/2013,1:19 PM,274339A,,57,107,N,Y,,,19,,,1,5800,,ROYAL,LN,N,N,40,N,N,,Y,19,,,1,10800,,JAMESTOWN,RD,,,,,,,11,1,0,,1,1,1,1:19 PM,DISPATCHED,1:30 PM,10/26/2013,Y,TX0000006,2471,,,59,8,2,1,34,64,54,1,5,1,21,21,57,107,32.89489423,-96.80714256,,,,,ROYAL LN,5901,,,,,,,,,JAMESTOWN RD,,,,,Y,N,N,3,9,Y,SAT,,,,,,,,,,,,,,,,,,,,,,,,,,,,,,,,,,,,,,,,,,,,,,,,,,,,,,,,0,0,1,1,0,1,0,282,,,
13516188,N,N,N,N,N,N,N,10/26/2013,3:43 AM,131026012,,165,291,N,Y,,,11,250,,1,2800,W,LOOP 250 NORTH,,N,N,60,N,N,,N,19,,,,4400,,TODD,RD,,,,,,,11,3,98,2,1,1,20,3:43 AM,DISPATCHED,3:52 AM,10/26/2013,Y,TX1650100,1782,,,629,8,7,4,1,30,54,1,2,2,21,21,165,291,32.05339161,-102.0466246,SL,250,,8.557,SL0250,,1188,2,23.188,282,0.432,,,,,,,,,Y,Y,N,5,8,Y,SAT,3,0,2,5,254,1,4,350,61,48,4,0,1,2,4,5,2,9,5,3,250,3,14,17100,2014,17100,0.8,0.1,1,,,,,,,,,,,,,,,,,,,,,,,,,,,0,0,0,1,0,0,0,174,,,
13516521,N,N,N,N,N,N,N,10/22/2013,6:55 AM,13-0099,,61,1195,N,Y,33.1046,-97.1715,4,156,,1,100,N,NOT REPORTED,,N,N,45,N,N,URBAN FARM TO MARKET ROAD,Y,4,2449,,1,100,W,NOT REPORTED,,,,,,URBAN FARM TO MARKET ROAD,,11,4,4,1,1,1,6,7:00 AM,DCSO COMMUNICATIONS,7:15 AM,10/22/2013,Y,TX0613200,1946,,,,8,2,1,10,64,3,1,3,1,21,21,61,1195,33.17962659,-97.28772857,FM,156,,11.557,FM0156,101,718,1,12.523,240,1.908,FM,2449,,FM2449,,,,,Y,Y,Y,3,1,Y,TUE,2,0,10,10,0,2,2,140,44,24,4,0,0,2,10,5,2,10,5,0,0,1,6,4467,2014,4467,1.6,4.2,5.9,,,,,,,,,,,,,,,,,,,,,,,,,,,0,0,1,1,0,1,0,282,,,
13516884,N,N,N,N,N,N,N,10/26/2013,11:44 AM,13105087,,170,92,N,Y,,,19,,,1,2201,,MONTGOMERY PARK BLVD,,N,N,20,N,N,,N,11,336,,,1500,N,NOT REPORTED,LOOP,,,,,,,11,1,0,,1,1,11,11:46 AM,DISPATCHED,11:51 AM,10/26/2013,Y,TX1700100,325,,,122,8,2,3,34,64,13,1,5,1,32,21,170,92,30.33211047,-95.48715857,,,,,MONTGOMERY PARK BLVD,,,,,,,,,,,,,,,Y,N,N,2,7,Y,SAT,,,,,,,,,,,,,,,,,,,,,,,,,,,,,,,,,,,,,,,,,,,,,,,,,,,,,,,,0,1,0,1,0,1,0,15,,,
13517082,N,N,N,N,N,N,N,10/25/2013,4:00 PM,,,123,1688,Y,Y,29.84182,-94.35067,19,,,1,,,BRUSH ISLAND,RD,N,N,45,N,N,,N,1,10,,,,,NOT REPORTED,,,,,,,,11,1,0,,1,1,1,4:40 PM,DPS LUFKIN,5:21 PM,10/25/2013,Y,,10000,17,58,1,8,7,4,1,23,54,1,4,2,21,21,123,1688,29.84181994,-94.35069424,,,,,BRUSH ISLAND RD,17195,,,,,,,,,,,,,,Y,N,Y,5,0,Y,FRI,,,,,,,,,,,,,,,,,,,,,,,,,,,,,,,,,,,,,,,,,,,,,,,,,,,,,,,,0,0,0,1,0,0,0,135,,,
13517128,N,N,N,N,N,N,N,10/26/2013,4:30 AM,,,152,1717,Y,Y,33.67173,-101.83585,1,27,,1,,,NOT REPORTED,,N,N,75,N,N,,N,,,,,,,NOT REPORTED,,0.3,M,N,10,,,11,4,0,2,1,1,11,4:37 AM,DPS COMMUNICATIONS,4:52 AM,10/27/2013,Y,,10000,17,17,1,8,7,4,1,29,54,1,1,4,21,21,152,1717,33.67090154,-101.8359904,IH,27,,10.384,IH0027,,67,7,14.178,10,0.3,,,,NOT REPORTED,,,,,Y,Y,Y,5,0,Y,SAT,5,0,4,10,48,8,4,300,76,48,5,0,0,2,8,5,2,20,5,3,40,4,11,16888,2014,16888,7.4,15.8,23.2,,,,,,,,,,,,,,,,,,,,,,,,,,,0,0,0,3,0,0,0,122,,,
13517318,N,N,N,N,N,N,N,10/23/2013,3:58 PM,2013-25762,,101,325,N,N,29.64437999,-95.18867,19,,,1,1300,,SUDBURY,DR,N,N,30,N,N,,Y,19,,,1,4300,,WHITE RIVER,DR,,,,,,,11,1,2,,1,1,8,3:59 PM,DISPATCHED,4:01 PM,10/23/2013,Y,TX1011500,1912,,,697,8,5,1,1,64,54,1,5,1,21,21,101,325,29.64438482,-95.18862314,,,,,SUDBURY DR,1398,,,,,,,,,WHITE RIVER DR,,,,,Y,N,N,3,8,Y,WED,,,,,,,,,,,,,,,,,,,,,,,,,,,,,,,,,,,,,,,,,,,,,,,,,,,,,,,,0,0,1,2,0,1,0,15,,,
13517366,Y,N,N,N,N,Y,N,10/11/2013,3:22 PM,130056052,210,220,19,N,Y,,,4,157,,1,2500,N,COLLINS,ST,N,N,45,N,N,,N,19,,,,,,GREEN OAKS,BLVD,,,,,`,,11,1,0,3,2,1,20,3:50 PM,DISPATCH,4:00 PM,11/6/2013,Y,TX2200100,59,,,272,8,2,3,14,1,14,1,3,1,32,21,220,19,32.78148068,-97.09607132,FM,157,,6.033,FM0157,2725,747,3,10.715,268,-0.077,,,,,,,,,Y,Y,N,4,9,Y,FRI,2,0,0,0,0,2,4,100,62,62,4,0,0,1,0,0,1,0,0,0,0,4,14,34982,2014,34982,2.3,0.6,2.9,,,,,,,,,,,,,,,,,,,,,,,,,,,0,0,0,1,0,0,1,282,,,
13517418,N,N,N,N,N,N,N,10/25/2013,3:50 PM,13-105765,,220,156,N,Y,32.90354,-97.30621,19,,,1,3600,,SHIVER,RD,N,N,30,N,N,,Y,19,,,1,9000,,OLD DENTON,RD,,,,,,,11,1,0,,1,1,8,3:54 PM,DISPATCH,4:26 PM,10/25/2013,N,TX2201200,1318,4,29,23,8,2,2,23,64,54,1,5,1,21,21,220,156,32.90350425,-97.30695243,,,,,SHIVER RD,3601,,,,,,,,,OLD DENTON RD,,,,,Y,N,N,5,9,Y,FRI,,,,,,,,,,,,,,,,,,,,,,,,,,,,,,,,,,,,,,,,,,,,,,,,,,,,,,,,0,0,0,7,0,0,0,282,,,
13517528,N,N,N,N,N,N,N,10/28/2013,7:35 AM,2013-BCSO-045056,B40,15,1580,Y,Y,29.30041,-98.42557,19,,,1,11920,,SOUTHTON,RD,N,N,45,N,N,,N,19,,,,,,CENTER,RD,,,,,,,11,5,0,,4,1,1,7:35 AM,DISPATCHED,7:38 AM,10/28/2013,Y,TX0150000,120,,,162,8,7,4,1,33,54,1,5,2,21,21,15,1580,29.30692213,-98.43164172,,,,,SOUTHTON RD,11161,,,,,,,,,,,,,,Y,N,Y,2,0,Y,MON,,,,,,,,,,,,,,,,,,,,,,,,,,,,,,,,,,,,,,,,,,,,,,,,,,,,,,,,0,1,0,1,0,1,0,28,,,
13517953,N,N,N,N,N,N,N,10/22/2013,4:11 PM,2.01E+11,,233,112,N,N,,,19,,,1,800,S,MAIN,ST,N,N,25,N,N,"TWO WAY, UNDIVIDED",N,19,,,,100,E,CANAL,ST,,,,,"TWO WAY, UNDIVIDED",,11,1,0,,1,1,1,4:11 PM,RADIO,4:16 PM,10/22/2013,Y,TX2330100,1191,,,23,8,4,4,2,64,54,1,5,2,21,21,233,112,29.35686806,-100.8986593,,,,,S MAIN ST,846,,,,,,,,,,,,,,N,N,N,5,6,Y,TUE,,,,,,,,,,,,,,,,,,,,,,,,,,,,,,,,,,,,,,,,,,,,,,,,,,,,,,,,0,0,0,1,0,0,0,,,,
13518045,N,N,N,N,N,N,N,10/28/2013,4:13 PM,276126A,,57,107,N,Y,,,19,,,1,3700,,MAPLE,AVE,N,N,35,N,N,,Y,19,,,1,2400,,MELBORN,ST,,,,,,,11,1,2,,1,1,20,4:30 PM,DISPATCHED,4:33 PM,10/28/2013,N,TX0000006,2471,,,87,8,2,1,34,30,54,1,5,1,21,21,57,107,32.80351425,-96.81359257,,,,,MAPLE AVE,3700,,,,,,,,,UNKNOWN,,,,,Y,N,N,5,9,Y,MON,,,,,,,,,,,,,,,,,,,,,,,,,,,,,,,,,,,,,,,,,,,,,,,,,,,,,,,,0,0,0,3,0,0,0,282,,,
13518171,N,N,N,N,N,N,N,10/28/2013,5:20 PM,0135393213V,,101,208,N,Y,,,19,,,1,8800,,EDGAR,ST,N,N,35,N,N,,Y,19,,,1,4400,,ALVIN,ST,,,,,,,11,1,0,,1,1,8,5:24 PM,HPD DISPATCHER,5:37 PM,10/28/2013,Y,TXHPD0000,2469,24,104,49,8,2,4,21,62,54,1,5,1,21,21,101,208,29.66427482,-95.36193309,,,,,EDGAR ST,8799,,,,,,,,,,,,,,Y,N,N,3,9,Y,MON,,,,,,,,,,,,,,,,,,,,,,,,,,,,,,,,,,,,,,,,,,,,,,,,,,,,,,,,0,0,1,4,0,1,0,15,,,
13518543,N,N,N,N,N,N,N,10/21/2013,5:05 PM,C1307576,,178,97,N,Y,,,19,,,1,6400,,WEBER,RD,N,N,35,N,N,,N,19,,,1,3900,,WEBER,RD,,,,,,,2,1,98,3,1,2,20,5:08 PM,DISPATCHED,5:09 PM,10/21/2013,N,TX1780200,1115,,,19,8,2,3,14,64,14,1,3,1,32,21,178,97,27.70113908,-97.4114328,FM,43,,9.174,FM0043,6435,1557,1,9.279,562,-0.739,,,,,,,,,Y,Y,N,5,9,Y,MON,2,0,0,0,0,2,4,100,66,62,4,2,2,1,0,0,1,0,0,0,0,4,14,19455,2014,19455,4.9,3.9,8.8,,,,,,,,,,,,,,,,,,,,,,,,,,,0,0,0,2,0,0,0,96,,,
13518544,N,N,N,N,N,N,N,10/21/2013,4:39 PM,C1307575,,178,97,N,Y,,,19,,,1,500,,TEXAN,TRL,N,N,35,N,N,TWO WAY,N,19,,,1,3300,S,ALAMEDA,ST,,,,,TWO WAY,,2,1,0,,1,2,5,4:46 PM,POLICE DISPATCH,4:53 PM,10/21/2013,Y,TX1780200,1115,,,25,8,2,2,31,64,54,1,5,1,21,21,178,97,27.75450922,-97.38842598,,,,,TEXAN TRL,498,,,,,,,,,S ALAMEDA ST,,,,,Y,N,N,5,9,Y,MON,,,,,,,,,,,,,,,,,,,,,,,,,,,,,,,,,,,,,,,,,,,,,,,,,,,,,,,,0,0,0,3,0,0,0,96,,,
13518626,N,N,N,N,N,N,N,10/19/2013,3:28 PM,13-21481,,161,442,N,N,,,19,,,1,1000,S,17TH,,N,N,30,N,N,,Y,19,,,1,1700,,DUTTON,AVE,,,,,,,11,1,4,3,1,1,5,3:36 PM,REPORTED BY WITNESS,3:36 PM,10/19/2013,N,TX1551200,2372,,,100,8,7,2,1,21,35,1,2,2,21,21,161,442,31.53882798,-97.13390865,SL,2,,1.071,SL0002,1748,209,1,1.07,568,0.991,,,,DUTTON AVE,,,,,Y,Y,N,3,8,Y,SAT,0,0,0,0,0,9,8,120,87,87,4,2,2,1,0,0,1,0,0,4,0,3,16,15042,2014,15042,3,17.3,20.3,,,,,,,,,,,,,,,,,,,,,,,,,,,0,0,1,0,3,1,0,140,,,
13518780,N,N,N,N,N,N,N,10/14/2013,5:28 PM,13-032361,,240,254,N,Y,,,19,,,1,600,E,CORPUS CHRISTI,ST,N,N,30,N,N,,N,19,,,1,1400,,CEDAR,,,,,,,,11,1,4,,1,1,5,5:30 PM,RADIO DISPATCHED,5:33 PM,10/14/2013,Y,TX2400100,1644,,,33,8,2,2,22,64,38,1,5,1,21,21,240,254,27.50839539,-99.48974087,,,,,CORPUS CHRISTI ST,694,,,,,,,,,CEDAR AVE,,,,,Y,N,N,5,8,Y,MON,,,,,,,,,,,,,,,,,,,,,,,,,,,,,,,,,,,,,,,,,,,,,,,,,,,,,,,,0,0,0,2,0,0,0,205,,,
13518786,N,N,N,N,N,N,N,10/14/2013,11:19 PM,13-032387,,240,254,N,Y,,,1,35,,1,5500,,INTERSTATE 35,,N,N,65,N,N,,N,19,,,1,900,W,CALTON,,,,,,,,11,4,0,2,1,1,20,11:19 PM,RADIO DISPATCH,11:20 PM,10/14/2013,Y,TX2400100,1644,,,54,8,7,4,1,39,54,1,1,4,21,21,240,254,27.54224327,-99.50287954,IH,35,,2.574,IH0035,,18,6,3.432,3,-0.134,,,,,,,,,Y,Y,N,5,8,Y,MON,5,0,9,10,20,2,6,300,112,72,4,0,0,2,18,5,2,20,5,2,2,4,11,60040,2014,60040,3.4,2.4,5.9,1,111,1,1,5,,,,,,,,,,,,,,,,,,,,,,0,0,0,1,0,0,0,205,,,
13518787,N,N,N,N,N,N,N,10/15/2013,7:40 AM,13-032396,,240,254,N,Y,,,19,,,1,2700,,PALO BLANCO,,N,N,30,N,N,,Y,19,,,1,2800,S,ARKANSAS,,,,,,,,11,1,4,,1,1,8,7:51 AM,MCT,7:53 AM,10/15/2013,Y,TX2400100,1644,,,,8,2,1,10,64,54,1,5,1,21,21,240,254,27.47221539,-99.46738215,,,,,PALO BLANCO ST,2801,,,,,,,,,S ARKANSAS AVE,,,,,Y,N,N,3,8,Y,TUE,,,,,,,,,,,,,,,,,,,,,,,,,,,,,,,,,,,,,,,,,,,,,,,,,,,,,,,,0,0,1,5,0,1,0,205,,,
13519022,N,N,N,N,N,N,N,10/14/2013,5:55 PM,13-10141755,,31,380,N,N,,,19,,,1,,,SAM HOUSTON,,N,N,30,N,N,,Y,19,,,,,,EAST STENGER,,,,,,,,11,1,98,3,1,1,5,5:55 PM,DISPATCH,6:00 PM,10/14/2013,Y,TX0310900,2075,,,33,8,2,2,22,64,38,1,2,1,21,21,31,380,26.13258366,-97.63112906,SH,345,,8.214,SH0345,198,630,1,8.241,730,0.081,,,,W STENGER ST,,,,,N,Y,N,5,5,Y,MON,2,0,10,10,0,2,4,90,68,48,4,2,2,2,10,5,2,10,5,0,0,3,14,6625,2014,6625,13.5,21.3,34.8,,,,,,,,,,,,,,,,,,,,,,,,,,,0,0,0,3,0,0,0,201,,,
13519092,N,Y,N,N,N,N,N,10/17/2013,10:54 AM,13-032650,,240,254,N,Y,,,4,1472,,1,11200,,FM 1472,RD,N,N,45,N,N,,N,11,20,,1,8000,W,BOB BULLOCK,LOOP,,,,,,,11,1,0,2,1,1,5,10:56 AM,MCT DISPATCHED,10:57 AM,10/17/2013,Y,TX2400100,1644,,,49,8,2,4,21,64,9,1,3,1,21,21,240,254,27.60166085,-99.51673714,FM,1472,,31.22,FM1472,,2150,4,15.46,440,-0.622,,,,,,,,,Y,Y,N,5,8,Y,THU,3,0,0,0,10,2,6,200,96,72,5,2,2,1,0,0,1,0,0,1,10,4,14,22034,2014,22034,4.3,3.9,8.2,,,,,,,,,,,,,,,,,,,,,,,,,,,0,0,0,2,0,0,0,205,,,
13519418,N,N,N,N,N,N,N,10/14/2013,4:00 PM,13-287203,,71,136,N,Y,31.79237,-106.26761,19,,,1,3400,,JOE BATTLE,DR,N,N,45,N,N,,Y,19,,,1,12200,,EDGEMERE,,,,,,,,11,1,0,2,1,1,5,4:00 PM,COMMUNICATIONS/DISPT,4:16 PM,10/14/2013,Y,TX0710200,1259,,,185,8,2,2,22,64,46,1,2,1,21,21,71,136,31.79222012,-106.2681071,SL,375,,26.317,SL0375,,2552,3,5.926,38,-0.02,,,,EDGEMERE BLVD,,,,,Y,Y,N,3,9,Y,MON,5,0,22,10,34,8,4,400,112,48,5,1,1,2,32,5,2,32,5,2,2,4,12,28715,2014,28715,3.8,2.1,5.9,,,,,,,,,,,,,,,,,,,,,,,,,,,0,0,1,2,0,1,0,66,,,
13519556,N,N,N,N,N,N,N,10/22/2013,1:36 PM,13-003418,13-0587,126,59,N,N,,,3,174,,1,,NE,WILSHIRE,BLVD,N,N,40,Y,N,,Y,19,,,1,,NW,HILLERY,ST,,,,,,,11,1,4,2,2,1,5,1:38 PM,RADIO DISPATCH,1:40 PM,10/22/2013,Y,TX1260200,185,,,,8,2,2,22,64,49,1,2,1,21,21,126,59,32.54770717,-97.32463685,SH,174,,0.719,SH0174,,19,1,10.56,284,0.511,,,,NW HILLERY ST,,,,,N,Y,N,5,6,Y,TUE,4,0,0,6,7,3,6,270,84,72,6,0,0,1,6,0,2,6,5,3,1,4,14,28824,2014,28824,1.5,9.3,10.8,,,,,,,,,,,,,,,,,,,,,,,,,,,0,0,0,3,0,0,0,282,,,
13519644,N,N,N,N,N,N,N,10/28/2013,1:59 PM,2013-42108,,220,31,N,Y,,,19,,,1,2300,,CENTRAL,DR,N,N,40,N,N,,N,19,,,,2000,,BEDFORD,RD,,,,,,,11,1,4,,1,1,5,1:59 PM,DISPATCHED,2:03 PM,10/28/2013,Y,TX2200300,105,,,35,8,7,2,3,39,54,1,5,4,21,21,220,31,32.84476522,-97.13361267,,,,,CENTRAL DR,,,,,,,,,,BEDFORD RD,,,,,Y,N,N,5,6,Y,MON,,,,,,,,,,,,,,,,,,,,,,,,,,,,,,,,,,,,,,,,,,,,,,,,,,,,,,,,0,0,0,1,0,0,0,282,,,
13520075,N,N,N,N,N,N,N,10/19/2013,10:16 PM,C13-1854,,14,236,N,Y,,,3,195,,1,6300,S,FT HOOD,ST,N,N,60,Y,N,,N,19,,,,,,OMAR,DR,,,,,,,11,3,0,2,1,1,11,10:31 PM,TELEPHONE,11:06 PM,10/22/2013,Y,TX0140400,1587,,,,8,7,4,1,22,49,1,2,2,21,21,14,236,31.06477059,-97.76399488,SH,195,,4.71,SH0195,6152,836,2,4.683,388,-0.849,,,,,,,,,Y,Y,N,1,8,Y,SAT,3,0,6,10,62,2,4,200,82,50,4,0,0,2,12,5,2,20,5,3,50,4,14,11586,2014,11586,1.5,9.3,10.8,,,,,,,,,,,,,,,,,,,,,,,,,,,1,2,0,0,0,3,0,277,,,
13520231,N,N,N,N,N,N,N,10/26/2013,6:36 AM,253852,253852,125,1690,Y,Y,27.71902,-97.94289,4,665,,1,,,NOT REPORTED,,N,N,75,N,N,,N,,,,,,,NOT REPORTED,,0.3,M,W,530,,,11,3,0,1,1,1,11,6:38 AM,DPS CORPUS CHRISTI,7:04 AM,10/27/2013,Y,,10000,8,112,1,8,2,4,30,64,29,1,3,1,21,21,125,1690,27.7189598,-97.94195335,FM,665,,9.362,FM0665,,86,19,9.356,530,-0.3,,,,NOT REPORTED,,,,,Y,Y,Y,5,0,Y,SAT,2,0,4,4,0,2,2,100,32,24,4,0,0,2,4,5,2,4,5,0,0,1,6,4847,2014,4847,4.9,3.9,8.8,,,,,,,,,,,,,,,,,,,,,,,,,,,0,0,0,3,0,0,0,,,,
13520274,N,N,N,N,N,N,N,10/11/2013,4:53 PM,13-5156,,84,255,N,Y,,,4,518,,1,1600,W,MAIN,ST,N,N,40,N,N,,N,1,45,,2,100,S,IH 45,,,,,,,,12,1,0,3,1,1,5,4:54 PM,DISPATCH,4:58 PM,10/11/2013,Y,TX0840800,1648,,,,8,2,2,22,64,38,2,3,1,21,21,84,255,29.50317014,-95.11381021,FM,518,,19.081,FM0518,,976,3,8.295,700,0.41,IH,45,,IH0045,,,,,Y,Y,N,5,7,Y,FRI,2,0,0,10,0,9,4,100,65,51,5,0,1,1,0,0,2,10,2,0,0,4,14,26342,2014,26342,3.9,1.4,5.2,,,,,,,,,,,,,,,,,,,,,,,,,,,0,0,0,3,0,0,0,15,,,
13520359,N,N,N,N,N,N,N,10/27/2013,1:20 AM,13-106321,,220,156,N,Y,32.75925,-97.36863,19,,,1,3500,,WHITE SETTLEMENT,RD,N,N,35,N,N,,Y,19,,,1,100,,BAILEY,AVE,,,,,,,2,3,0,,1,2,5,1:53 AM,DISPATCHED,2:01 AM,10/27/2013,Y,TX2201200,1318,4,19,23,8,2,2,22,64,38,1,5,1,21,21,220,156,32.75921428,-97.36802243,,,,,WHITE SETTLEMENT RD,3498,,,,,,,,,BAILEY AVE,,,,,Y,N,N,5,9,Y,SUN,,,,,,,,,,,,,,,,,,,,,,,,,,,,,,,,,,,,,,,,,,,,,,,,,,,,,,,,0,0,0,2,0,0,0,282,,,
13520558,N,Y,N,N,N,N,N,10/14/2013,7:21 AM,,,189,1754,Y,Y,30.28868,-103.93015,2,67,,1,,,NOT REPORTED,,N,N,75,N,N,,N,,,,,,,NOT REPORTED,,0.3,M,W,928,,,12,1,0,1,1,2,11,7:21 AM,DPS DISPATCH-PECOS,7:42 AM,10/15/2013,Y,,10000,7,163,1,8,7,4,1,23,3,1,2,2,21,21,189,1754,30.2888553,-103.9304648,US,67,,688.033,US0067,,20,8,48.335,928,0.3,,,,NOT REPORTED,,,,,Y,Y,Y,3,0,Y,MON,2,0,9,9,0,2,2,120,42,24,4,0,0,2,9,5,2,9,5,0,0,1,2,2005,2014,2005,2.4,15.4,17.7,,,,,,,,,,,,,,,,,,,,,,,,,,,0,0,1,0,0,1,0,,,,