Crash_ID,Crash_Fatal_Fl,Cmv_Involv_Fl,Schl_Bus_Fl,Rr_Relat_Fl,Medical_Advisory_Fl,Amend_Supp_Fl,Active_School_Zone_Fl,Crash_Date,Crash_Time,Case_ID,Local_Use,Rpt_CRIS_Cnty_ID,Rpt_City_ID,Rpt_Outside_City_Limit_Fl,Thousand_Damage_Fl,Rpt_Latitude,Rpt_Longitude,Rpt_Rdwy_Sys_ID,Rpt_Hwy_Num,Rpt_Hwy_Sfx,Rpt_Road_Part_ID,Rpt_Block_Num,Rpt_Street_Pfx,Rpt_Street_Name,Rpt_Street_Sfx,Private_Dr_Fl,Toll_Road_Fl,Crash_Speed_Limit,Road_Constr_Zone_Fl,Road_Constr_Zone_Wrkr_Fl,Rpt_Street_Desc,At_Intrsct_Fl,Rpt_Sec_Rdwy_Sys_ID,Rpt_Sec_Hwy_Num,Rpt_Sec_Hwy_Sfx,Rpt_Sec_Road_Part_ID,Rpt_Sec_Block_Num,Rpt_Sec_Street_Pfx,Rpt_Sec_Street_Name,Rpt_Sec_Street_Sfx,Rpt_Ref_Mark_Offset_Amt,Rpt_Ref_Mark_Dist_Uom,Rpt_Ref_Mark_Dir,Rpt_Ref_Mark_Nbr,Rpt_Sec_Street_Desc,Rpt_CrossingNumber,Wthr_Cond_ID,Light_Cond_ID,Entr_Road_ID,Road_Type_ID,Road_Algn_ID,Surf_Cond_ID,Traffic_Cntl_ID,Investigat_Notify_Time,Investigat_Notify_Meth,Investigat_Arrv_Time,Report_Date,Investigat_Comp_Fl,ORI_Number,Investigat_Agency_ID,Investigat_Area_ID,Investigat_District_ID,Investigat_Region_ID,Bridge_Detail_ID,Harm_Evnt_ID,Intrsct_Relat_ID,FHE_Collsn_ID,Obj_Struck_ID,Othr_Factr_ID,Road_Part_Adj_ID,Road_Cls_ID,Road_Relat_ID,Phys_Featr_1_ID,Phys_Featr_2_ID,Cnty_ID,City_ID,Latitude,Longitude,Hwy_Sys,Hwy_Nbr,Hwy_Sfx,Dfo,Street_Name,Street_Nbr,Control,Section,Milepoint,Ref_Mark_Nbr,Ref_Mark_Displ,Hwy_Sys_2,Hwy_Nbr_2,Hwy_Sfx_2,Street_Name_2,Street_Nbr_2,Control_2,Section_2,Milepoint_2,Txdot_Rptable_Fl,Onsys_Fl,Rural_Fl,Crash_Sev_ID,Pop_Group_ID,Located_Fl,Day_of_Week,Hwy_Dsgn_Lane_ID,Hwy_Dsgn_Hrt_ID,Hp_Shldr_Left,Hp_Shldr_Right,Hp_Median_Width,Base_Type_ID,Nbr_Of_Lane,Row_Width_Usual,Roadbed_Width,Surf_Width,Surf_Type_ID,Curb_Type_Left_ID,Curb_Type_Right_ID,Shldr_Type_Left_ID,Shldr_Width_Left,Shldr_Use_Left_ID,Shldr_Type_Right_ID,Shldr_Width_Right,Shldr_Use_Right_ID,Median_Type_ID,Median_Width,Rural_Urban_Type_ID,Func_Sys_ID,Adt_Curnt_Amt,Adt_Curnt_Year,Adt_Adj_Curnt_Amt,Pct_Single_Trk_Adt,Pct_Combo_Trk_Adt,Trk_Aadt_Pct,Curve_Type_ID,Curve_Lngth,Cd_Degr,Delta_Left_Right_ID,Dd_Degr,Feature_Crossed,Structure_Number,I_R_Min_Vert_Clear,Approach_Width,Bridge_Median_ID,Bridge_Loading_Type_ID,Bridge_Loading_In_1000_Lbs,Bridge_Srvc_Type_On_ID,Bridge_Srvc_Type_Under_ID,Culvert_Type_ID,Roadway_Width,Deck_Width,Bridge_Dir_Of_Traffic_ID,Bridge_Rte_Struct_Func_ID,Bridge_IR_Struct_Func_ID,CrossingNumber,RRCo,Poscrossing_ID,WDCode_ID,Standstop,Yield,Incap_Injry_Cnt,Nonincap_Injry_Cnt,Poss_Injry_Cnt,Non_Injry_Cnt,Unkn_Injry_Cnt,Tot_Injry_Cnt,Death_Cnt,MPO_ID,Investigat_Service_ID,Investigat_DA_ID,Investigator_Narrative
13524942,N,N,N,N,N,N,N,10/26/2013,9:20 AM,3308059,,130,1695,Y,Y,,,4,474,,1,200,,NOT REPORTED,,N,N,60,N,N,TWO LANE COUNTY ROAD,N,19,,,,,,DOVE CREST,,,,,,,,12,1,0,1,4,1,1,9:24 AM,BOERNE DISPATCH,9:30 AM,10/26/2013,Y,TX1300000,1572,,,,8,10,4,1,1,54,1,3,1,21,21,130,1695,29.83965169,-98.70098547,RM,474,,11.469,RM0474,,1042,1,11.425,474,-0.605,,,,,,,,,Y,Y,Y,1,0,Y,SAT,2,0,1,1,0,2,2,70,26,24,4,0,0,2,1,5,2,1,5,0,0,1,7,853,2014,853,8.2,1,9.2,,,,,,,,,,,,,,,,,,,,,,,,,,,1,0,0,0,0,1,0,,,,
13524955,N,N,N,N,N,N,N,10/27/2013,11:23 PM,13-39221,,152,270,N,Y,,,19,,,1,6600,,INDIANA,AVE,N,N,40,N,N,,N,19,,,1,6600,,INDIANA,AVE,,,,,,,11,4,0,,1,1,5,11:23 PM,POLICE DISPATCH,11:34 PM,10/27/2013,Y,TX1520200,1706,,,,8,2,2,22,64,38,1,5,1,21,21,152,270,33.53427434,-101.8877313,,,,,INDIANA AVE,6600,,,,,,,,,UNKNOWN,,,,,Y,N,N,3,8,Y,SUN,,,,,,,,,,,,,,,,,,,,,,,,,,,,,,,,,,,,,,,,,,,,,,,,,,,,,,,,0,0,1,1,0,1,0,122,,,
13524957,N,N,N,N,N,N,N,10/27/2013,9:21 PM,13-39211,,152,270,N,Y,,,19,,,1,600,N,ELKHART,AVE,N,N,30,N,N,,N,19,,,,5700,,ERSKINE,ST,,,,,,,11,3,0,,1,1,1,9:32 PM,POLICE RADIO,9:38 PM,10/27/2013,Y,TX1520200,1706,,,,8,4,4,1,64,54,1,5,1,21,21,152,270,33.60692286,-101.9363713,,,,,N ELKHART AVE,603,,,,,,,,,,,,,,Y,N,N,5,8,Y,SUN,,,,,,,,,,,,,,,,,,,,,,,,,,,,,,,,,,,,,,,,,,,,,,,,,,,,,,,,0,0,0,1,0,0,0,122,,,
13524970,N,N,N,N,N,N,N,10/24/2013,11:08 AM,13-38747,,152,270,N,Y,,,19,,,1,4400,,4TH,ST,N,N,50,N,N,,N,19,,,1,400,,QUAKER,AVE,,,,,,,11,1,0,3,1,1,20,11:23 AM,POLICE RADIO,11:23 AM,10/24/2013,Y,TX1520200,1706,,155,101,8,2,4,20,64,54,1,3,1,21,21,152,270,33.5923204,-101.9052129,FM,2255,,7.013,FM2255,4404,2256,1,7.012,292,0.062,,,,,,,,,Y,Y,N,3,8,Y,THU,2,0,2,2,0,2,4,120,56,52,2,0,0,3,2,5,3,2,5,0,0,4,14,19036,2014,19036,2.2,3.4,5.7,,,,,,,,,,,,,,,,,,,,,,,,,,,0,0,1,1,0,1,0,122,,,
13525051,N,N,N,N,N,N,N,10/22/2013,10:51 AM,13-192179,,43,336,N,Y,,,19,,,1,200,,OHIO,DR,N,N,35,N,N,CONCRETE,N,19,,,,,W,PARK,BLVD,,,,,,,11,1,0,,1,1,5,10:52 AM,DISPATCH,10:59 AM,10/22/2013,Y,TX0430600,1938,,,90,8,2,2,22,64,38,1,5,1,21,21,43,336,33.02687244,-96.78644298,,,,,OHIO DR,1996,,,,,,,,,UNKNOWN,,,,,Y,N,N,3,9,Y,TUE,,,,,,,,,,,,,,,,,,,,,,,,,,,,,,,,,,,,,,,,,,,,,,,,,,,,,,,,0,0,1,1,0,1,0,282,,,
13525052,N,N,N,N,N,N,N,10/22/2013,10:52 AM,13-192178,,43,336,N,Y,,,19,,,1,6000,W,CHAPEL HILL,BLVD,N,N,40,N,N,,Y,19,,,1,2500,N,COMMUNICATIONS,PKWY,,,,,,,11,1,4,,1,1,5,10:52 AM,DISPATCHED,10:54 AM,10/22/2013,Y,TX0430600,1938,,100,178,8,2,1,10,64,3,1,5,1,21,21,43,336,33.03438421,-96.83201255,,,,,CHAPEL HILL BLVD,,,,,,,,,,COMMUNICATIONS PKWY,,,,,Y,N,N,3,9,Y,TUE,,,,,,,,,,,,,,,,,,,,,,,,,,,,,,,,,,,,,,,,,,,,,,,,,,,,,,,,0,0,1,1,0,1,0,282,,,
13525124,N,N,N,N,N,N,N,10/23/2013,2:31 PM,13NP072466,,220,312,N,Y,,,19,,,1,6300,,RUFE SNOW,DR,N,N,40,N,N,,N,19,,,1,6600,,WATAUGA,RD,,,,,,,11,1,0,,1,1,5,2:34 PM,DISPATCHED,2:39 PM,10/23/2013,Y,TX2202100,1860,,,,8,2,4,34,64,54,1,5,1,21,21,220,312,32.86041426,-97.23802245,,,,,RUFE SNOW DR,6300,,,,,,,,,,,,,,Y,N,N,5,7,Y,WED,,,,,,,,,,,,,,,,,,,,,,,,,,,,,,,,,,,,,,,,,,,,,,,,,,,,,,,,0,0,0,2,0,0,0,282,,,
13525159,N,N,N,N,N,N,N,10/25/2013,10:00 PM,,13-163064,57,107,N,Y,,,1,35,,1,6200,,STEMMONS,FWY,N,N,60,N,N,,N,19,,,1,,,EMPIRE CENTRAL,DR,,,,,,,11,4,0,,3,1,20,10:08 PM,RADIO DISPATCHED,10:15 PM,10/26/2013,Y,TX0570000,1169,,151,22,8,2,4,20,64,45,1,1,1,21,21,57,107,,,IH,35,,,IH0035,,,,,,,,,,,,,,,Y,Y,N,5,9,N,FRI,,,,,,,,,,,,,,,,,,,,,,,,,,,,,,,,,,,,,,,,,,,,,,,,,,,,,,,,0,0,0,4,0,0,0,,,,
13525176,N,N,N,N,N,N,N,10/23/2013,4:58 PM,13-156790,,188,12,N,Y,,,19,,,1,400,E,AMARILLO,BLVD,N,N,35,N,N,,Y,19,,,1,800,N,BUCHANAN,ST,,,,,,,11,1,4,3,1,1,5,4:34 PM,DISPATCH,4:40 PM,10/23/2013,Y,TX1880100,33,,,139,8,2,1,10,64,54,1,2,1,21,21,188,12,35.2220293,-101.8290178,US,60,,96.116,US0060,,169,1,0.109,324,0.741,US,87,,US0087,,,,,Y,Y,N,5,8,Y,WED,2,0,4,4,0,2,4,90,82,66,2,2,2,2,4,5,2,4,5,0,0,3,14,17220,2014,17220,3.1,4.1,7.2,,,,,,,,,,,,,,,,,,,,,,,,,,,0,0,0,2,0,0,0,120,,,
13525526,N,N,N,N,N,N,N,10/31/2013,12:44 PM,131031-2832,,101,33,N,Y,,,19,,,1,4700,,BELLAIRE,BLVD,N,N,35,N,N,EASTBOUND,N,1,610,,,6800,,WEST LOOP SOUTH,,,,,,,,2,1,0,,1,2,5,12:44 PM,DROVE UPON,12:44 PM,10/31/2013,Y,TX1010200,109,,,35,8,2,2,22,64,38,1,1,1,21,21,101,33,29.70587482,-95.4597931,,,,,BELLAIRE BLVD,4700,,,,,,,,,UNKNOWN,,,,,Y,N,N,5,5,Y,THU,,,,,,,,,,,,,,,,,,,,,,,,,,,,,,,,,,,,,,,,,,,,,,,,,,,,,,,,0,0,0,3,0,0,0,15,,,
13525657,N,N,N,N,N,N,N,10/31/2013,4:16 PM,sapd13240156,5280,15,379,N,Y,,,19,,,1,2800,,BENRUS,,N,N,40,N,N,,Y,19,,,1,2200,,BANDERA,RD,,,,,,,11,1,2,,1,1,5,4:50 PM,DISPATCH,4:58 PM,10/31/2013,Y,TXSPD0000,2473,,19,148,8,2,2,22,64,39,1,2,1,21,21,15,379,29.47529496,-98.58224229,,,,,BENRUS BLVD,2898,,,,,,,,,BANDERA RD,,,,,Y,N,N,5,9,Y,THU,,,,,,,,,,,,,,,,,,,,,,,,,,,,,,,,,,,,,,,,,,,,,,,,,,,,,,,,0,0,0,2,1,0,0,28,,,
13525710,N,N,N,N,N,N,N,10/29/2013,6:15 PM,13-107285,,220,156,N,Y,32.59721,-97.31951,1,35W,,1,10800,,SOUTH,FWY,N,N,60,N,N,,N,19,,,,100,,GARDEN ACRES,DR,,,,,,,12,1,0,2,1,1,20,6:20 PM,DISPATCH,6:35 PM,10/29/2013,Y,TX2201200,1318,4,11,23,6,2,4,22,64,42,1,1,1,21,21,220,156,32.5972092,-97.31945218,IH,35,W,40.454,IH0035W,,14,2,3.939,40,0.439,,,,,,,,,Y,Y,N,1,9,Y,TUE,5,0,6,10,32,3,6,355,104,72,5,0,0,2,12,5,2,20,5,2,20,4,11,115225,2014,115225,4.9,6.2,11.2,,,,,,,,,,,,,,,,,,,,,,,,,,,1,0,0,3,0,1,0,282,,,
13525731,N,N,N,N,N,N,N,10/31/2013,3:15 PM,13-107997,,220,156,N,N,32.74605,-97.21561,19,,,1,6650,,MEADOWBROOK,DR,N,N,30,N,N,1 LANE TURNS INTO 2,N,19,,,,2200,,HANDLEY,DR,,,,,,,11,1,0,,1,1,20,3:20 PM,DISPATCHED,3:30 PM,10/31/2013,Y,TX2201200,1318,4,9,23,8,2,4,21,64,9,1,5,1,21,21,220,156,32.74604025,-97.21532572,,,,,MEADOWBROOK DR,6632,,,,,,,,,,,,,,N,N,N,5,9,Y,THU,,,,,,,,,,,,,,,,,,,,,,,,,,,,,,,,,,,,,,,,,,,,,,,,,,,,,,,,0,0,0,4,0,0,0,282,,,
13525739,N,N,N,N,N,N,N,10/31/2013,7:15 PM,13-26642,,212,434,N,Y,,,19,,,1,200,W,M L KING,BLVD,N,N,40,N,N,,Y,19,,,1,2000,N,BROADWAY,,,,,,,,11,4,4,,1,1,5,7:19 PM,DISPATCH,7:22 PM,10/31/2013,Y,TX2120400,2316,,,170,8,2,1,10,64,54,1,5,1,21,21,212,434,,,,,,,W M L KING BLVD,,,,,,,,,,N BROADWAY,,,,,Y,N,N,5,8,N,THU,,,,,,,,,,,,,,,,,,,,,,,,,,,,,,,,,,,,,,,,,,,,,,,,,,,,,,,,0,0,0,2,0,0,0,,,,
13525832,N,N,N,N,N,Y,N,10/30/2013,8:00 PM,0136374913K,,101,208,N,Y,,,19,,,1,6800,S,DAIRY ASHFORD,,N,N,35,N,N,,Y,19,,,1,12600,,BELLAIRE,BLVD,,,,,,,12,4,4,,1,1,5,8:03 PM,DISPATCH,8:23 PM,11/13/2013,Y,TXHPD0000,2469,18,128,39,8,2,1,10,64,54,1,5,1,21,21,101,208,29.70339482,-95.60451302,,,,,S DAIRY ASHFORD RD,,,,,,,,,,BELLAIRE BLVD,,,,,Y,N,N,5,9,Y,WED,,,,,,,,,,,,,,,,,,,,,,,,,,,,,,,,,,,,,,,,,,,,,,,,,,,,,,,,0,0,0,2,0,0,0,15,,,
13525962,N,N,N,N,N,N,N,11/1/2013,7:23 PM,279984A,,57,107,N,Y,,,2,75,,1,800,N,CENTRAL,EXPY,N,N,60,N,N,,N,19,,,,2400,,LIVEOAK,ST,,,,,,,11,4,0,2,1,1,1,7:23 PM,DISPATCHED,7:29 PM,11/1/2013,Y,tx0000006,2471,,,71,8,2,4,20,64,54,1,1,1,21,21,57,107,32.79023423,-96.79229191,IH,345,,1.053,IH0345,,92,14,21.079,1,0.01,,,,,,,,,Y,Y,N,5,9,Y,FRI,5,0,10,10,24,9,8,300,136,96,5,0,0,2,20,5,2,20,5,2,4,4,11,158422,2014,158422,4.4,23.9,28.3,,,,,,,,,,,,,,,,,,,,,,,,,,,0,0,0,3,0,0,0,282,,,
13526029,N,N,N,N,N,N,N,10/30/2013,3:52 PM,P133030407,,79,1644,Y,Y,,,19,,,1,14800,,BISSONNET,ST,N,N,35,N,N,4 LANE DIVIDED ROADWAY,N,19,,,,,,ROCKY VALLEY,DR,,,,,2 LANE UNDIVIDED ROADWAY,,2,1,0,,1,2,20,3:52 PM,OBSERVED,3:52 PM,11/1/2013,Y,TX0790000,1312,,,35,8,2,4,22,64,42,1,5,1,21,21,79,1644,29.67613483,-95.64890751,,,,,BISSONNET ST,14847,,,,,,,,,,,,,,Y,N,Y,5,0,Y,WED,,,,,,,,,,,,,,,,,,,,,,,,,,,,,,,,,,,,,,,,,,,,,,,,,,,,,,,,0,0,0,4,0,0,0,15,,,
13526050,N,N,N,N,N,N,N,10/31/2013,2:15 PM,0136668713K,,101,208,N,Y,,,19,,,1,8600,,RADIO,RD,N,N,30,N,N,,N,19,,,,8900,,SCRANTON,,,,,,,,12,1,0,,1,2,1,3:03 PM,DISPATCHED,3:11 PM,11/1/2013,Y,TXHPD0000,2469,16,104,17,8,2,3,14,64,14,1,5,1,32,21,101,208,29.64279664,-95.25658312,,,,,RADIO RD,,,,,,,,,,,,,,,Y,N,N,3,9,Y,THU,,,,,,,,,,,,,,,,,,,,,,,,,,,,,,,,,,,,,,,,,,,,,,,,,,,,,,,,0,0,1,1,0,1,0,15,,,
13526116,N,N,N,N,N,N,N,10/26/2013,5:00 PM,253505,,57,107,N,Y,,,3,635,,1,8200,,LYNDON B JOHNSON,FWY,N,N,60,N,N,,N,19,,,,13000,,COIT,RD,,,,,,,12,1,0,2,5,1,20,5:04 PM,DISPATCHED,5:23 PM,10/26/2013,Y,TX0000006,2471,,,59,8,2,4,20,64,54,1,1,1,21,21,57,107,32.92413594,-96.76066143,IH,635,,19.594,IH0635,,2374,1,6.043,19,-0.053,,,,,,,,,Y,Y,N,5,9,Y,SAT,5,1,2,10,12,2,8,320,140,88,5,0,0,2,4,5,2,20,5,2,8,4,11,212061,2014,212061,5.2,8.7,14,1,633,1,1,33,,,,,,,,,,,,,,,,,,,,,,0,0,0,5,0,0,0,282,,,
13526148,N,N,N,N,N,N,N,11/1/2013,9:25 AM,SAPD13240693,4250,15,379,N,Y,,,19,,,1,2000,S,OLIVE,ST,N,N,30,N,N,,N,19,,,,600,E,HIGHLAND,BLVD,,,,,,,11,1,0,,1,1,1,9:25 AM,DISP,9:36 AM,11/1/2013,Y,TXSPD0000,2473,,9,162,8,2,4,31,64,54,1,5,1,21,21,15,379,29.39655909,-98.47152477,,,,,S OLIVE ST,2074,,,,,,,,,,,,,,Y,N,N,5,9,Y,FRI,,,,,,,,,,,,,,,,,,,,,,,,,,,,,,,,,,,,,,,,,,,,,,,,,,,,,,,,0,0,0,2,0,0,0,28,,,
13526263,N,N,N,N,N,N,N,11/1/2013,2:23 PM,2013-43582,,101,29,N,Y,,,19,,,1,3800,,GARTH,RD,N,N,40,N,N,,N,19,,,,1100,,BIRDSONG,ST,,,,,,,11,1,0,,1,1,5,2:23 PM,DISPATCHED,2:26 PM,11/1/2013,Y,TX1010100,100,,,27,8,2,3,14,64,14,1,5,1,32,21,101,29,29.76661889,-94.97750662,,,,,GARTH RD,,,,,,,,,,,,,,,Y,N,N,5,7,Y,FRI,,,,,,,,,,,,,,,,,,,,,,,,,,,,,,,,,,,,,,,,,,,,,,,,,,,,,,,,0,0,0,3,0,0,0,15,,,
13526429,N,N,N,N,N,N,N,10/29/2013,8:43 PM,SAPD13238577,5230,15,379,N,Y,,,19,,,1,5600,,BANDERA,RD,N,N,45,N,N,,N,19,,,,4700,,TIMCO,,,,,,,,11,4,98,3,1,1,1,8:44 PM,DISPATCHED,8:49 PM,10/29/2013,Y,TXSPD0000,2473,,19,148,8,2,3,14,64,14,1,2,1,32,21,15,257,29.48126959,-98.5965322,SS,421,,0.208,SS0421,5661,291,10,10.241,486,0.09,,,,,,,,,Y,Y,N,3,5,Y,TUE,2,0,0,0,0,2,6,120,81,72,4,1,1,1,0,0,1,0,0,0,0,4,14,25950,2014,25950,2.8,3.9,6.7,,,,,,,,,,,,,,,,,,,,,,,,,,,0,0,1,1,0,1,0,28,,,
13526482,N,N,N,N,N,N,N,11/1/2013,6:00 PM,SAPD13241076,3340,15,379,N,Y,,,19,,,1,4300,,EISENHAUER,RD,N,N,35,N,N,,Y,19,,,1,,,MOLOKAI,,,,,,,,11,1,2,,1,1,5,6:06 PM,DISPATCH,6:10 PM,11/1/2013,Y,TXSPD0000,2473,,29,131,8,2,1,34,64,3,1,5,1,21,21,15,379,29.49654495,-98.40732233,,,,,EISENHAUER RD,4337,,,,,,,,,MOLOKAI DR,,,,,Y,N,N,2,9,Y,FRI,,,,,,,,,,,,,,,,,,,,,,,,,,,,,,,,,,,,,,,,,,,,,,,,,,,,,,,,0,1,0,2,0,1,0,28,,,
13526493,N,N,N,N,N,N,N,11/2/2013,2:59 PM,0137623313O,,101,208,N,N,,,1,45,,1,18400,S,GULF,FWY,N,N,65,N,N,CONCRETE,N,19,,,,,,EL DORADO,BLVD,,,,,,,11,1,0,,2,1,20,3:01 PM,DISPATCHED,3:20 PM,11/2/2013,Y,TXHPD0000,2469,9,104,17,8,2,4,20,64,54,1,1,1,21,21,101,208,,,IH,45,,,IH0045,,,,,,,,,,,,,,,Y,Y,N,3,9,N,SAT,,,,,,,,,,,,,,,,,,,,,,,,,,,,,,,,,,,,,,,,,,,,,,,,,,,,,,,,0,0,6,0,1,6,0,,,,
13526690,N,N,N,N,N,N,N,11/2/2013,8:50 AM,SAPD13241530,3210,15,379,N,Y,,,11,410,,3,800,NE,410,LOOP,N,N,45,N,N,,N,19,,,,8600,,BROADWAY,,,,,,,,11,1,0,2,2,1,1,8:59 AM,DISPATCHED,9:09 AM,11/2/2013,Y,TXSPD0000,2473,,29,131,8,7,4,1,22,9,3,1,2,21,21,15,379,29.51752995,-98.46652703,IH,410,,22.095,IH0410,,521,4,22.307,22,0.2,,,,,,,,,Y,Y,N,0,9,Y,SAT,5,0,6,6,19,2,8,300,128,96,4,0,0,2,16,5,2,16,5,2,3,4,11,138695,2014,138695,2.9,1.9,4.7,1,101,1,2,5,,,,,,,,,,,,,,,,,,,,,,0,0,0,0,1,0,0,28,,,
13526813,N,N,N,N,N,N,N,10/20/2013,5:26 PM,0133026313M,FSGI,101,208,N,Y,,,1,10,,1,6300,W,KATY,FWY,N,N,55,N,N,CONCRETE,N,19,,,,7000,,WASHINGTON,AVE,,,,,,,11,1,0,,1,1,1,4:16 PM,WALKIN,4:16 PM,10/23/2013,Y,TXHPD0000,2469,52,121,33,8,2,4,21,64,9,1,1,1,21,21,101,208,,,IH,10,,,IH0010,,,,,,,,,,,,,,,Y,Y,N,5,9,N,SUN,,,,,,,,,,,,,,,,,,,,,,,,,,,,,,,,,,,,,,,,,,,,,,,,,,,,,,,,0,0,0,4,1,0,0,,,,
13526827,N,N,N,N,N,N,N,10/29/2013,4:45 PM,0135832013P,,101,208,N,Y,,,19,,,1,1600,,OLD SPANISH,TRL,N,N,35,N,N,CONCRETE,N,19,,,,8000,,GREENBRIAR,,,,,,,,11,1,0,2,1,1,5,4:45 PM,DISPATCHED,4:45 PM,10/29/2013,Y,TXHPD0000,2469,6,125,40,8,2,4,20,64,54,1,2,1,21,21,101,208,29.69472953,-95.40492543,UA,90,,166.771,UA0090,1612,27,9,9.836,694,0.878,,,,,,,,,Y,Y,N,2,9,Y,TUE,3,0,0,0,10,2,6,100,66,66,4,1,1,1,0,0,1,0,0,1,10,4,14,54949,2014,54949,3.9,1.4,5.2,,,,,,,,,,,,,,,,,,,,,,,,,,,0,1,0,4,0,1,0,15,,,
13526864,N,N,N,N,N,N,N,10/29/2013,8:53 PM,SAPD13238567,,15,379,N,Y,,,19,,,1,13100,,HUEBNER,RD,N,N,45,N,N,LOCAL,Y,19,,,1,3700,,LOCKHILL SELMA,,,,,,LOCAL ROAD,,11,4,98,,3,1,5,8:53 PM,SIGHT,8:53 PM,10/29/2013,Y,TXSPD0000,2473,,61,123,8,2,1,34,64,3,1,5,1,21,21,15,379,29.56436494,-98.55812229,,,,,HUEBNER RD,13110,,,,,,,,,LOCKHILL SELMA RD,,,,,Y,N,N,5,9,Y,TUE,,,,,,,,,,,,,,,,,,,,,,,,,,,,,,,,,,,,,,,,,,,,,,,,,,,,,,,,0,0,0,2,0,0,0,28,,,
13526888,N,N,N,N,N,N,N,11/2/2013,5:00 PM,0137675913U,FSGI,101,208,N,Y,,,17,,,7,3506,N,MAIN,,Y,N,10,N,N,ASPHALT,N,19,,,,350,,NOBEL,,,,,,,,11,1,0,,1,1,1,5:26 PM,DISPATCHED,5:31 PM,11/2/2013,Y,TXHPD0000,2469,16,121,33,8,2,4,21,64,7,7,9,5,1,21,101,208,,,,,,,N MAIN,,,,,,,,,,,,,,,N,N,N,5,9,N,SAT,,,,,,,,,,,,,,,,,,,,,,,,,,,,,,,,,,,,,,,,,,,,,,,,,,,,,,,,0,0,0,6,1,0,0,,,,
13526962,N,N,N,N,N,N,N,10/31/2013,5:55 AM,278465A,,57,107,N,Y,,,19,,,1,2100,,SINGLETON,BLVD,N,N,35,N,N,,Y,19,,,1,2900,N,HAMPTON,RD,,,,,,,11,4,4,,1,1,5,5:59 AM,DISPATCHED,6:05 AM,11/3/2013,Y,TX0000006,2471,,,44,8,2,1,34,64,54,1,5,1,21,21,57,107,32.77861426,-96.85660256,,,,,SINGLETON BLVD,,,,,,,,,,N HAMPTON RD,,,,,Y,N,N,3,9,Y,THU,,,,,,,,,,,,,,,,,,,,,,,,,,,,,,,,,,,,,,,,,,,,,,,,,,,,,,,,0,0,1,1,0,1,0,282,,,
13527048,N,N,N,N,N,N,N,11/3/2013,2:21 AM,SAPD13242217,2250,15,379,N,Y,,,19,,,1,2420,,MCCULLOUGH,AVE,N,N,30,N,N,,Y,19,,,1,100,E,WOODLAWN,,,,,,,,11,4,2,,1,1,5,2:22 AM,DISPATCHED,2:24 AM,11/3/2013,N,TXSPD0000,2473,,3,122,8,7,2,1,58,54,1,5,2,21,21,15,379,29.45251497,-98.49182231,,,,,MCCULLOUGH AVE,2416,,,,,,,,,E WOODLAWN AVE,,,,,Y,N,N,5,9,Y,SUN,,,,,,,,,,,,,,,,,,,,,,,,,,,,,,,,,,,,,,,,,,,,,,,,,,,,,,,,0,0,0,5,1,0,0,28,,,
13527072,N,N,N,N,N,N,N,11/2/2013,12:25 PM,SAPD13241751,6110,15,379,N,Y,,,19,,,1,2100,,NOGALITOS,ST,N,N,35,N,N,,Y,19,,,1,100,,WALTON,AVE,,,,,,,11,1,0,3,1,1,1,12:30 PM,DISPATCHED,12:31 PM,11/2/2013,Y,TXSPD0000,2473,,11,175,8,2,1,21,64,3,1,2,1,21,21,15,379,29.39254105,-98.5186178,SL,353,,0.713,SL0353,2120,17,1,19.576,502,0.712,,,,WALTON AVE,,,,,Y,Y,N,3,9,Y,SAT,2,0,0,0,0,2,4,80,62,62,2,1,1,1,0,0,1,0,0,0,0,4,14,13783,2014,13783,9,22.8,31.8,,,,,,,,,,,,,,,,,,,,,,,,,,,0,0,2,2,0,2,0,28,,,
13527142,N,N,N,N,N,N,N,10/31/2013,9:55 AM,13-21224,,221,2,N,Y,,,19,,,1,4100,,RIDGEMONT,DR,N,N,35,N,N,,N,19,,,,3900,,TURNER,DR,,,,,,,11,1,0,,1,1,20,9:56 AM,DISPATCH,10:02 AM,10/31/2013,Y,TX2210100,10,,,113,8,2,3,21,64,9,1,5,1,32,21,221,2,32.40531131,-99.76591649,,,,,RIDGEMONT DR,3802,,,,,,,,,,,,,,Y,N,N,3,8,Y,THU,,,,,,,,,,,,,,,,,,,,,,,,,,,,,,,,,,,,,,,,,,,,,,,,,,,,,,,,0,0,1,1,0,1,0,166,,,
13527287,N,Y,N,N,N,N,N,10/25/2013,11:30 AM,13-00983,,126,10,N,Y,,,2,67,,1,,,US HWY 67,,N,N,45,N,N,BLACKTOP,N,1,,,,,,INTERSTATE 35W,,,,,,BLACKTOP,,11,1,0,2,2,1,20,11:35 AM,DISPATCHED,11:40 AM,10/25/2013,Y,TX1260100,26,,,,8,2,4,22,64,42,1,2,1,21,21,126,10,32.41593619,-97.23208853,US,67,,218.035,US0067,,260,1,9.841,442,0.8,,,,,,,,,Y,Y,Y,5,3,Y,FRI,3,0,4,10,63,2,4,220,97,60,4,0,0,2,19,5,2,18,5,3,44,1,2,19657,2014,19657,2.6,16,18.6,1,308,1,1,16,,,,,,,,,,,,,,,,,,,,,,0,0,0,2,0,0,0,282,,,