Crash_ID,Crash_Fatal_Fl,Cmv_Involv_Fl,Schl_Bus_Fl,Rr_Relat_Fl,Medical_Advisory_Fl,Amend_Supp_Fl,Active_School_Zone_Fl,Crash_Date,Crash_Time,Case_ID,Local_Use,Rpt_CRIS_Cnty_ID,Rpt_City_ID,Rpt_Outside_City_Limit_Fl,Thousand_Damage_Fl,Rpt_Latitude,Rpt_Longitude,Rpt_Rdwy_Sys_ID,Rpt_Hwy_Num,Rpt_Hwy_Sfx,Rpt_Road_Part_ID,Rpt_Block_Num,Rpt_Street_Pfx,Rpt_Street_Name,Rpt_Street_Sfx,Private_Dr_Fl,Toll_Road_Fl,Crash_Speed_Limit,Road_Constr_Zone_Fl,Road_Constr_Zone_Wrkr_Fl,Rpt_Street_Desc,At_Intrsct_Fl,Rpt_Sec_Rdwy_Sys_ID,Rpt_Sec_Hwy_Num,Rpt_Sec_Hwy_Sfx,Rpt_Sec_Road_Part_ID,Rpt_Sec_Block_Num,Rpt_Sec_Street_Pfx,Rpt_Sec_Street_Name,Rpt_Sec_Street_Sfx,Rpt_Ref_Mark_Offset_Amt,Rpt_Ref_Mark_Dist_Uom,Rpt_Ref_Mark_Dir,Rpt_Ref_Mark_Nbr,Rpt_Sec_Street_Desc,Rpt_CrossingNumber,Wthr_Cond_ID,Light_Cond_ID,Entr_Road_ID,Road_Type_ID,Road_Algn_ID,Surf_Cond_ID,Traffic_Cntl_ID,Investigat_Notify_Time,Investigat_Notify_Meth,Investigat_Arrv_Time,Report_Date,Investigat_Comp_Fl,ORI_Number,Investigat_Agency_ID,Investigat_Area_ID,Investigat_District_ID,Investigat_Region_ID,Bridge_Detail_ID,Harm_Evnt_ID,Intrsct_Relat_ID,FHE_Collsn_ID,Obj_Struck_ID,Othr_Factr_ID,Road_Part_Adj_ID,Road_Cls_ID,Road_Relat_ID,Phys_Featr_1_ID,Phys_Featr_2_ID,Cnty_ID,City_ID,Latitude,Longitude,Hwy_Sys,Hwy_Nbr,Hwy_Sfx,Dfo,Street_Name,Street_Nbr,Control,Section,Milepoint,Ref_Mark_Nbr,Ref_Mark_Displ,Hwy_Sys_2,Hwy_Nbr_2,Hwy_Sfx_2,Street_Name_2,Street_Nbr_2,Control_2,Section_2,Milepoint_2,Txdot_Rptable_Fl,Onsys_Fl,Rural_Fl,Crash_Sev_ID,Pop_Group_ID,Located_Fl,Day_of_Week,Hwy_Dsgn_Lane_ID,Hwy_Dsgn_Hrt_ID,Hp_Shldr_Left,Hp_Shldr_Right,Hp_Median_Width,Base_Type_ID,Nbr_Of_Lane,Row_Width_Usual,Roadbed_Width,Surf_Width,Surf_Type_ID,Curb_Type_Left_ID,Curb_Type_Right_ID,Shldr_Type_Left_ID,Shldr_Width_Left,Shldr_Use_Left_ID,Shldr_Type_Right_ID,Shldr_Width_Right,Shldr_Use_Right_ID,Median_Type_ID,Median_Width,Rural_Urban_Type_ID,Func_Sys_ID,Adt_Curnt_Amt,Adt_Curnt_Year,Adt_Adj_Curnt_Amt,Pct_Single_Trk_Adt,Pct_Combo_Trk_Adt,Trk_Aadt_Pct,Curve_Type_ID,Curve_Lngth,Cd_Degr,Delta_Left_Right_ID,Dd_Degr,Feature_Crossed,Structure_Number,I_R_Min_Vert_Clear,Approach_Width,Bridge_Median_ID,Bridge_Loading_Type_ID,Bridge_Loading_In_1000_Lbs,Bridge_Srvc_Type_On_ID,Bridge_Srvc_Type_Under_ID,Culvert_Type_ID,Roadway_Width,Deck_Width,Bridge_Dir_Of_Traffic_ID,Bridge_Rte_Struct_Func_ID,Bridge_IR_Struct_Func_ID,CrossingNumber,RRCo,Poscrossing_ID,WDCode_ID,Standstop,Yield,Incap_Injry_Cnt,Nonincap_Injry_Cnt,Poss_Injry_Cnt,Non_Injry_Cnt,Unkn_Injry_Cnt,Tot_Injry_Cnt,Death_Cnt,MPO_ID,Investigat_Service_ID,Investigat_DA_ID,Investigator_Narrative
13546029,N,N,N,N,N,N,N,11/1/2013,11:56 PM,130060027,420,220,19,N,Y,,,3,360,,1,200,S,ANGUS G WYNN,FWY,N,N,60,N,N,,N,19,,,,2500,E,MITCHELL,ST,,,,,,,11,4,0,2,1,1,20,11:56 PM,DISPATCHED,12:09 AM,11/2/2013,Y,TX2200100,59,,,439,8,7,4,1,29,54,1,2,2,21,21,220,19,32.72615027,-97.06241938,SH,360,,13.704,SH0360,,2266,2,13.798,270,-0.312,,,,,,,,,Y,Y,N,5,9,Y,FRI,5,0,4,10,59,3,6,338,108,72,5,0,0,2,8,5,2,22,5,3,51,4,12,176957,2014,176957,3.4,2.4,5.9,,,,,,,,,,,,,,,,,,,,,,,,,,,0,0,0,1,0,0,0,282,,,
13546104,N,N,N,N,N,N,N,11/12/2013,4:14 PM,131112-0941,,101,33,N,Y,,,1,610,,1,5300,,WEST LOOP SOUTH,,N,N,60,N,N,NORTHBOUND,N,19,,,,4600,,WESTPARK,DR,,,,,,,12,1,0,2,1,1,20,4:17 PM,DISPATCHED,4:20 PM,11/12/2013,Y,TX1010200,109,,,35,8,2,4,20,64,54,1,1,1,21,21,101,33,29.7256798,-95.46034818,IH,610,,7.791,IH0610,,271,17,33.842,8,-0.221,,,,,,,,,Y,Y,N,3,5,Y,TUE,5,0,0,10,20,3,8,350,140,96,5,0,0,1,0,0,2,20,5,2,20,4,11,179716,2014,179716,4.2,2.3,6.5,,,,,,,,,,,,,,,,,,,,,,,,,,,0,0,1,3,0,1,0,15,,,
13546207,N,N,N,N,N,N,N,11/12/2013,9:35 PM,0142158113S,,101,208,N,Y,,,19,,,1,8500,,EASTHAVEN,BLVD,N,N,40,N,N,CONCRETE,N,19,,,,9400,,REDFORD,,,,,,,,12,6,0,,1,1,1,9:46 PM,DISPATCH,10:04 PM,11/13/2013,Y,TXHPD0000,2469,16,104,17,8,2,4,30,64,25,1,5,1,21,21,101,208,29.64563892,-95.24903731,,,,,EASTHAVEN BLVD,8496,,,,,,,,,,,,,,Y,N,N,5,9,Y,TUE,,,,,,,,,,,,,,,,,,,,,,,,,,,,,,,,,,,,,,,,,,,,,,,,,,,,,,,,0,0,0,3,0,0,0,15,,,
13546210,N,N,N,N,N,N,N,11/12/2013,2:30 PM,0141985113E,,101,208,N,Y,,,19,,,1,8200,,WESTPARK,DR,N,N,40,N,N,FLAT CONCRETE,N,19,,,,3900,,BRAXTON,DR,,,,,,,12,1,0,,1,1,20,2:36 PM,DISPATCHED,2:54 PM,11/12/2013,Y,TXHPD0000,2469,14,106,54,8,2,4,21,64,9,1,5,1,21,21,101,208,29.72234256,-95.50941025,,,,,WESTPARK DR,8211,,,,,,,,,,,,,,Y,N,N,5,9,Y,TUE,,,,,,,,,,,,,,,,,,,,,,,,,,,,,,,,,,,,,,,,,,,,,,,,,,,,,,,,0,0,0,3,0,0,0,15,,,
13546340,N,N,N,N,N,N,N,11/13/2013,11:14 AM,2013-22393,,129,425,N,Y,,,1,20,,1,MM 502,,NOT REPORTED,,N,N,65,N,N,,N,3,34,,,,,NOT REPORTED,,,,,,,,11,1,0,2,1,1,11,11:33 AM,DISPATCHED- RADIO,11:38 AM,11/13/2013,Y,TX1290500,2226,,,35,8,6,4,1,64,54,1,1,1,21,21,129,425,32.69683695,-96.25893378,IH,20,,501.298,IH0020,,495,1,7.21,502,0.384,,,,,,,,,Y,Y,N,5,5,Y,WED,5,0,4,10,98,3,4,400,76,48,6,0,0,2,8,5,2,20,5,2,90,1,1,43307,2014,43307,6,11.8,17.8,,,,,,,,,,,,,,,,,,,,,,,,,,,0,0,0,2,0,0,0,282,,,
13546383,N,N,N,N,N,Y,N,11/13/2013,7:10 AM,0142246213P,FSGI,101,208,N,Y,,,2,59,,2,9500,S,SOUTHWEST SER S,FWY,N,N,45,N,N,,N,19,,,,,,BISSONNET,,,,,,,,12,1,0,,1,1,20,7:14 AM,DISPATCH,7:23 AM,11/18/2013,Y,TXHPD0000,2469,18,125,55,8,7,4,1,21,54,2,2,2,21,21,101,208,,,US,59,,,US0059,,,,,,,,,,,,,,,Y,Y,N,0,9,N,WED,,,,,,,,,,,,,,,,,,,,,,,,,,,,,,,,,,,,,,,,,,,,,,,,,,,,,,,,0,0,0,0,1,0,0,,,,
13546524,N,N,N,N,N,N,N,11/2/2013,12:35 PM,13110061,,15,264,N,Y,,,1,35,,1,13100,,NOT REPORTED,,N,N,65,Y,N,,N,19,,,5,100,,SHIN OAK,DR,,,,,,,11,1,0,2,2,1,20,12:35 PM,DISPATCHED,12:40 PM,11/5/2013,Y,,1678,,,,8,2,4,20,64,49,1,1,1,21,21,15,264,29.56068114,-98.34158865,IH,35,,170.664,IH0035,13406,16,7,37.679,171,0.186,,,,,,,,,Y,Y,N,5,5,Y,SAT,5,0,8,8,18,9,8,300,150,96,4,0,0,2,26,5,2,28,5,,2,4,11,179088,2014,179088,3.4,11.2,14.6,,,,,,,,,,,,,,,,,,,,,,,,,,,0,0,0,2,1,0,0,28,,,
13546768,N,N,N,N,N,N,N,11/11/2013,6:30 PM,,,74,1639,Y,Y,33.56875,-95.98017,3,56,,1,,,NOT REPORTED,,N,N,65,N,N,,N,,,,,,,NOT REPORTED,,100,F,W,634,,,11,3,0,1,1,1,11,6:33 PM,FCSO,6:49 PM,11/13/2013,Y,,10000,8,103,1,8,6,4,1,64,54,1,2,1,21,21,74,1639,33.56824407,-95.98338452,SH,56,,57.284,SH0056,,45,6,11.484,634,-100,,,,NOT REPORTED,,,,,Y,Y,Y,5,0,Y,MON,2,0,6,6,0,9,2,100,36,24,6,0,0,2,6,5,2,6,5,0,0,1,6,1023,2014,1023,5.8,14.2,20.1,,,,,,,,,,,,,,,,,,,,,,,,,,,0,0,0,1,0,0,0,,,,
13547089,N,N,N,N,N,N,N,10/24/2013,1:19 PM,130147342,1029260,101,1666,Y,Y,,,19,,,1,,,CICADA,LN,N,N,30,N,N,,Y,19,,,1,,,MEADOW LEAF,LN,,,,,,,11,1,0,,1,1,1,1:17 PM,ON SIGHT,1:17 PM,10/24/2013,Y,TX1010000,1419,117,4,5,8,7,2,3,21,54,1,4,2,21,21,101,1666,29.90712477,-95.33487309,,,,,CICADA LN,4100,,,,,,,,,MEADOW LEAF LN,,,,,Y,N,Y,5,0,Y,THU,,,,,,,,,,,,,,,,,,,,,,,,,,,,,,,,,,,,,,,,,,,,,,,,,,,,,,,,0,0,0,1,0,0,0,15,,,
13547402,N,Y,N,N,N,N,N,10/14/2013,8:00 AM,130142089,4002267,101,208,N,Y,,,12,,,1,5400,W,SAM HOUSTON,PKWY,N,Y,65,N,N,"NORTH, SOUTHBOUND",N,19,,,,,,CLAY,RD,,,,,,,11,1,0,1,1,1,20,8:12 AM,DISPATCHED,8:20 AM,10/14/2013,Y,TX1015000,2745,61,88,53,8,2,4,21,64,9,1,2,1,21,21,101,208,29.83922632,-95.56382471,SL,8,,24.193,SL0008,,3256,1,14.908,704,0.215,,,,,,,,,Y,Y,N,5,9,Y,MON,1,0,0,0,0,9,3,300,36,36,5,1,1,1,0,0,1,0,0,0,0,4,14,22023,2014,22023,1.8,1.4,3.2,,,,,,,,,,,,,,,,,,,,,,,,,,,0,0,0,2,0,0,0,15,,,
13547566,N,N,N,N,N,N,N,10/13/2013,2:41 PM,130141791,1019678,101,1666,Y,N,,,4,529,,1,15900,,NOT REPORTED,,N,N,45,N,N,,N,15,,,,,,LAKEVIEW HAVEN,DR,,,,,,,11,1,0,2,1,1,20,2:40 PM,DISPATCHED,3:19 PM,10/13/2013,Y,TX1010000,1419,100,4,5,8,2,4,22,64,42,1,3,1,21,21,101,1666,29.87911723,-95.64935284,FM,529,,40.25,FM0529,15890,1006,1,12.573,668,0.597,,,,,,,,,N,Y,Y,5,0,Y,SUN,3,0,0,0,20,2,4,120,48,46,4,0,0,1,0,0,1,0,0,1,20,4,14,37395,2014,37395,2.8,8,10.7,1,48,0,1,1,,,,,,,,,,,,,,,,,,,,,,0,0,0,3,2,0,0,15,,,
13547841,N,N,N,N,N,N,N,10/20/2013,8:24 PM,130145466,1010705,101,430,N,Y,,,4,2920,,1,16000,,NOT REPORTED,,N,N,45,N,N,,Y,19,,,1,,,TRECHIEL,RD,,,,,,,11,4,2,1,1,1,20,8:23 PM,DISPATCHED,8:42 PM,10/20/2013,Y,TX1010000,1419,110,4,5,8,2,2,20,64,46,1,3,1,21,21,101,430,30.08785376,-95.65190905,FM,2920,,16.85,FM2920,15199,2941,1,16.84,662,0.825,,,,TRIECHEL RD,,,,,Y,Y,N,1,5,Y,SUN,2,0,8,8,0,2,2,120,40,24,4,0,0,5,8,5,5,8,5,0,0,4,14,26090,2014,26090,6.8,2.3,9.1,,,,,,,,,,,,,,,,,,,,,,,,,,,3,1,0,1,0,4,0,15,,,
13547899,N,N,N,N,N,N,N,10/15/2013,12:00 PM,130142714,2000902,101,208,N,Y,,,19,,,1,2900,,DREXEL,DR,N,N,30,N,N,PUBLIC ROADWAY,Y,19,,,1,3900,W,ALABAMA,ST,,,,,PUBLIC ROADWAY,,11,1,98,,1,1,8,11:59 AM,BY CITIZEN,11:59 AM,10/15/2013,Y,TX1013100,2741,159,316,119,8,2,1,10,64,3,1,5,1,21,21,101,208,29.73814481,-95.44533307,,,,,DREXEL DR,3001,,,,,,,,,W ALABAMA ST,,,,,Y,N,N,5,9,Y,TUE,,,,,,,,,,,,,,,,,,,,,,,,,,,,,,,,,,,,,,,,,,,,,,,,,,,,,,,,0,0,0,3,0,0,0,15,,,
13548024,N,Y,N,N,N,N,N,10/31/2013,6:15 AM,262326,,56,1621,Y,Y,36.22325,-102.77018,4,1879,,1,,,NOT REPORTED,,N,N,70,N,N,,N,,,,,,,NOT REPORTED,,0.1,M,S,30,,,11,3,0,1,4,9,11,6:16 AM,DALLAM COUNTY DEPUTY,6:44 AM,10/31/2013,Y,,10000,12,130,1,8,9,4,1,3,3,1,3,2,21,21,56,1621,36.22577571,-102.7697259,FM,1879,,12.432,FM1879,,1811,1,17.425,30,0.1,,,,NOT REPORTED,,,,,Y,Y,Y,5,0,Y,THU,2,0,4,4,0,2,2,100,26,18,2,0,0,5,4,5,5,4,5,0,0,1,8,72,2014,72,2.8,13.7,16.5,,,,,,,,,,,,,,,,,,,,,,,,,,,0,0,0,1,0,0,0,,,,
13548147,N,N,N,N,N,N,N,11/14/2013,7:43 AM,SAPD13250932,5140,15,379,N,N,,,2,90,,2,3300,,90 W,HWY,N,N,65,N,N,,N,19,,,,,,GEN MC MULLEN,,,,,,,,11,1,0,,4,1,9,7:44 AM,DISPATCH,8:00 AM,11/14/2013,Y,TXSPD0000,2473,,7,147,8,2,2,22,64,38,2,2,1,21,21,15,379,,,US,90,,,US0090,,,,,,,,,,GEN MC MULLEN,,,,,N,Y,N,5,9,N,THU,,,,,,,,,,,,,,,,,,,,,,,,,,,,,,,,,,,,,,,,,,,,,,,,,,,,,,,,0,0,0,2,0,0,0,,,,
13548191,N,N,N,N,N,N,N,11/13/2013,8:45 AM,SAPD13250207,3130,15,379,N,Y,,,2,281,,1,19200,,NOT REPORTED,,N,N,60,N,N,,N,19,,,,2100,E,EVANS,RD,,,,,,,11,1,0,2,1,1,11,9:14 AM,DISPATCH,9:40 AM,11/13/2013,Y,TXSPD0000,2473,,29,131,8,2,4,21,64,9,1,2,1,21,21,15,379,29.6238769,-98.46355047,US,281,,318.226,US0281,19506,253,4,7.887,522,0.766,,,,,,,,,Y,Y,N,3,9,Y,WED,3,0,6,4,51,2,6,200,88,69,4,0,0,2,11,5,2,8,5,3,40,4,12,87314,2014,87314,2.5,1.5,4,,,,,,,,,,,,,,,,,,,,,,,,,,,0,0,1,2,0,1,0,28,,,
13548200,N,N,N,N,N,N,N,11/14/2013,10:45 AM,0142737713Q,,101,208,N,Y,,,11,8,,2,400,W,WEST SAM HOUSTON N,PKWY,N,N,40,N,N,,N,19,,,,12800,,BOHEME,DR,,,,,,,11,1,0,3,1,1,20,10:57 AM,DISPATCEHD,10:59 AM,11/14/2013,Y,TXHPD0000,2469,14,128,21,8,2,4,20,64,54,2,2,1,21,21,101,208,29.76726259,-95.56175439,SL,8,,19.235,SL0008,,3256,1,10.096,700,-0.686,,,,,,,,,Y,Y,N,3,9,Y,THU,2,0,0,0,0,9,4,400,48,48,5,2,2,1,0,0,1,0,0,0,0,4,14,23130,2014,23130,1.8,1.4,3.2,1,369,2,2,39,,,,,,,,,,,,,,,,,,,,,,0,0,1,1,0,1,0,15,,,
13548229,N,N,N,N,N,N,N,11/13/2013,2:00 PM,SAPD13250585,6160,15,379,N,N,,,19,,,1,1900,SW,MILITARY,DR,N,N,45,N,N,,Y,1,35,,2,7000,,NOT REPORTED,,,,,,,,11,1,0,2,1,1,5,6:09 PM,DISPATCH,6:28 PM,11/13/2013,N,TXSPD0000,2473,,19,148,8,2,2,24,64,3,2,1,1,21,21,15,379,29.3566494,-98.52584076,IH,35,,150.327,IH0035,,17,9,17.51,151,0.003,SL,13,,SL0013,,521,2,2.063,N,Y,N,5,9,Y,WED,5,0,6,10,30,9,6,260,100,72,6,0,0,2,8,5,2,20,5,2,22,4,11,61473,2014,61473,3.4,25.4,28.8,,,,,,,,,,,,,,,,,,,,,,,,,,,0,0,0,2,1,0,0,28,,,
13548465,N,N,N,N,N,N,N,11/12/2013,4:31 PM,13-46819,,108,331,N,Y,,,1,69,C,1,3100,N,INTERSTATE 69,EXPY,N,N,65,N,N,,N,,,,,,,NOT REPORTED,,75,F,N,782,,,11,1,0,,1,1,20,4:34 PM,RADIO DISPATCH,4:34 PM,11/12/2013,Y,1081100,1926,,,35,8,2,4,20,64,42,1,1,1,21,21,108,331,,,IH,69,C,,IH0069C,,,,,,,,,,NOT REPORTED,,,,,Y,Y,N,3,7,N,TUE,,,,,,,,,,,,,,,,,,,,,,,,,,,,,,,,,,,,,,,,,,,,,,,,,,,,,,,,0,0,5,1,0,5,0,,,,
13548534,N,N,N,N,N,N,N,11/11/2013,4:56 PM,133151096,,246,22,N,Y,,,17,,,7,,,PRIVATE,,Y,N,-1,N,N,,Y,17,,,7,,,WILLIAM CANNON,DR,,,,,,,11,1,0,,1,1,8,4:16 PM,DISPATCH,4:47 PM,11/11/2013,Y,TX2270100,74,1043,93,112,8,2,4,10,64,3,7,9,5,33,21,246,22,,,,,,,PRIVATE,,,,,,,,,,,,,,,N,N,N,1,9,N,MON,,,,,,,,,,,,,,,,,,,,,,,,,,,,,,,,,,,,,,,,,,,,,,,,,,,,,,,,1,0,0,2,0,1,0,,,,
13548552,N,Y,N,N,N,N,N,11/11/2013,3:42 PM,,,166,1731,Y,Y,30.691,-97.09997,4,908,,1,,,NOT REPORTED,,N,N,70,N,N,,N,15,429,,,,,NOT REPORTED,,,,,,,,11,1,0,1,4,1,12,3:42 PM,DISPATCHED,4:05 PM,11/13/2013,Y,,10000,19,119,1,8,10,4,1,33,3,1,3,2,21,21,166,1731,30.6906373,-97.10367714,FM,908,,5.338,FM0908,,2087,1,5.396,574,-0.613,,,,,,,,,Y,Y,Y,5,0,Y,MON,2,0,2,2,0,2,2,100,28,24,2,0,0,2,2,5,2,2,5,0,0,1,7,381,2014,381,8.7,5,13.7,,,,,,,,,,,,,,,,,,,,,,,,,,,0,0,0,1,0,0,0,,,,
13548605,N,N,N,N,N,N,N,11/8/2013,8:54 PM,133121720,,227,22,N,N,,,19,,,1,500,E,OLTORF,ST,N,N,35,N,N,,N,19,,,,2300,,REBEL RD,,,,,,,,12,4,0,,5,1,11,8:33 PM,DISPATCH,8:35 PM,11/8/2013,N,TX2270100,74,1043,93,112,8,2,4,30,64,3,1,5,1,21,21,227,22,30.23713997,-97.75070547,,,,,OLTORF ST E,485,,,,,,,,,,,,,,N,N,N,5,9,Y,FRI,,,,,,,,,,,,,,,,,,,,,,,,,,,,,,,,,,,,,,,,,,,,,,,,,,,,,,,,0,0,0,3,0,0,0,90,,,
13548735,N,N,N,N,N,N,N,11/12/2013,3:30 AM,,,143,1708,Y,Y,29.51502,-96.95795,15,242,,1,,,NOT REPORTED,,N,N,60,N,N,,N,15,199,,,,,NOT REPORTED,,,,,,,,11,3,0,,4,1,1,6:00 AM,SAN ANTONIO COMM,7:43 AM,11/14/2013,Y,,10000,46,92,1,8,7,4,1,33,3,1,4,2,21,21,143,1708,29.51496611,-96.95795399,,,,,COUNTY ROAD 242,1893,,,,,,,,,,,,,,Y,N,Y,5,0,Y,TUE,,,,,,,,,,,,,,,,,,,,,,,,,,,,,,,,,,,,,,,,,,,,,,,,,,,,,,,,0,0,0,1,0,0,0,,,,
13548762,N,N,N,N,N,N,N,11/11/2013,1:04 AM,13-8629,,220,214,N,Y,,,3,121,,1,800,,AIRPORT,FWY,N,N,50,Y,N,STATE HIGHWAY,N,19,,,,1400,,PRECINCT LINE,RD,,,,,,,11,3,4,2,1,1,20,1:06 AM,RADIO DISPATCH,1:11 AM,11/11/2013,Y,TX2201600,1503,,,35,8,7,4,1,28,50,1,2,2,21,21,220,214,32.83928283,-97.18691463,SH,121,,87.919,SH0121,,364,1,19.078,296,-0.101,,,,,,,,,Y,Y,N,5,6,Y,MON,5,0,0,10,20,9,6,350,92,72,6,1,0,1,0,0,2,20,5,2,20,4,12,178299,2014,178299,3,3.2,6.2,,,,,,,,,,,,,,,,,,,,,,,,,,,0,0,0,1,0,0,0,282,,,
13548802,N,N,N,N,N,N,N,11/13/2013,7:24 PM,290323A,,57,107,N,Y,,,19,,,1,7200,,SKILLMAN,ST,N,N,40,N,N,,Y,19,,,1,9100,,WALNUT HILL,LN,,,,,,,11,4,4,,1,1,5,7:24 PM,ON VIEW,7:24 PM,11/13/2013,Y,TX0000006,2471,,,33,8,2,1,34,64,54,1,5,1,21,21,57,107,32.87856423,-96.73504258,,,,,SKILLMAN ST,,,,,,,,,,WALNUT HILL LN,,,,,Y,N,N,5,9,Y,WED,,,,,,,,,,,,,,,,,,,,,,,,,,,,,,,,,,,,,,,,,,,,,,,,,,,,,,,,0,0,0,5,0,0,0,282,,,
13549076,N,N,N,N,N,N,N,11/4/2013,5:39 PM,130153026,3503234,101,1666,Y,Y,,,19,,,1,20900,,IMPERIAL VALLEY,DR,N,N,0,N,N,,N,19,,,,6000,E,RICHEY,RD,,,,,,,12,3,0,,1,1,1,5:39 PM,DISPATCHED,5:45 PM,11/4/2013,Y,TX1014900,2744,89,5,6,8,2,2,20,64,54,1,4,1,21,21,101,1666,29.99686179,-95.40771617,,,,,IMPERIAL VALLEY DR,21108,,,,,,,,,E RICHEY RD,,,,,Y,N,Y,5,0,Y,MON,,,,,,,,,,,,,,,,,,,,,,,,,,,,,,,,,,,,,,,,,,,,,,,,,,,,,,,,0,0,0,3,0,0,0,15,,,
13549094,N,N,N,N,N,N,N,11/3/2013,12:00 PM,130152784,1031250,101,1666,Y,Y,,,15,,,7,2013,N,FRY,RD,Y,N,40,N,N,,N,15,,,,,,YOUNGLAKE,,,,,,,,0,0,0,,1,0,1,9:36 AM,DISPATCHED,9:44 AM,11/4/2013,N,TX1010000,1419,122,4,5,8,4,4,5,64,54,7,9,5,33,21,101,1666,,,,,,,N FRY RD,,,,,,,,,,,,,,,N,N,Y,0,0,N,SUN,,,,,,,,,,,,,,,,,,,,,,,,,,,,,,,,,,,,,,,,,,,,,,,,,,,,,,,,0,0,0,0,1,0,0,,,,
13549176,N,N,N,N,N,N,N,10/31/2013,9:24 AM,130150853,1027672,101,1666,Y,Y,,,4,2920,,1,23000,,NOT REPORTED,,N,N,55,N,N,,N,15,,,,,,BAUER,RD,,,,,,,2,1,0,1,8,2,20,9:28 AM,DISPATCHED,9:45 AM,10/31/2013,Y,TX1010000,1419,2,4,5,8,7,4,1,62,1,1,3,2,21,21,101,1666,30.06762033,-95.78228082,FM,2920,,8.576,FM2920,22750,2941,1,8.566,654,0.764,,,,,,,,,Y,Y,Y,2,0,Y,THU,2,0,3,3,0,2,2,100,30,24,4,0,0,2,3,5,2,3,5,0,0,4,14,9744,2014,9744,6.8,2.3,9.1,1,204,2,1,27,,,,,,,,,,,,,,,,,,,,,,0,1,0,0,0,1,0,15,,,
13549205,N,N,N,N,N,N,N,10/31/2013,4:40 PM,130151052,1030590,101,208,N,N,,,15,,,1,100,,WEST RD,,N,N,40,N,N,U-TURN,N,1,45,,,,N,NORTH,FWY,,,,,,,12,1,0,,1,1,1,4:41 PM,ON SIGHT,4:41 PM,10/31/2013,Y,TX1010000,1419,122,4,5,8,2,4,20,64,54,1,4,1,21,21,101,208,29.91519057,-95.41220614,,,,,WEST RD,,,,,,,,,,,,,,,N,N,N,5,9,Y,THU,,,,,,,,,,,,,,,,,,,,,,,,,,,,,,,,,,,,,,,,,,,,,,,,,,,,,,,,0,0,0,2,0,0,0,15,,,
13549273,N,N,N,N,N,N,N,11/1/2013,2:27 AM,130151266,1022683,101,1666,Y,Y,,,1,45,,2,20700,,NOT REPORTED,,N,N,50,N,N,,N,19,,,,,,LOUETTA,RD,,,,,,,11,4,0,2,1,1,20,2:29 AM,DISPATCHED,2:42 AM,11/1/2013,Y,TX1010000,1419,220,4,5,8,7,2,1,21,54,2,1,4,21,21,101,1666,30.06387282,-95.43395957,IH,45,,69.544,IH0045,,110,5,45.571,70,-0.417,,,,LOUETTA XING,,,,,Y,Y,Y,0,0,Y,FRI,5,0,10,10,45,9,8,390,180,120,5,0,0,2,20,5,2,20,5,2,25,4,11,187346,2014,187346,5.5,4.6,10.1,,,,,,,,,,,,,,,,,,,,,,,,,,,0,0,0,0,1,0,0,15,,,
13549279,N,N,N,N,N,N,N,11/15/2013,12:05 AM,130062389,560/ ACCHIT,220,19,N,Y,,,3,360,,3,3800,S,ANGUS G WYNN,HWY,N,N,60,N,N,,N,19,,,,2500,E,ARBROOK,BLVD,,,,,OVERPASS,,11,4,0,2,1,1,11,12:08 AM,DISPATCHED,12:31 AM,11/15/2013,N,TX2200100,59,,,296,8,9,2,2,4,35,1,2,1,21,21,220,19,32.68483469,-97.06254966,SH,360,,16.551,SH0360,,2266,2,16.601,272,0.498,,,,E ARBROOK BLVD,,,,,Y,Y,N,2,9,Y,FRI,5,0,6,10,52,3,4,440,80,48,5,0,0,2,12,5,2,20,5,3,40,4,12,161628,2014,161628,3.4,2.4,5.9,,,,,,,,,,,,,,,,,,,,,,,,,,,0,1,0,0,1,1,0,282,,,
13549365,N,N,N,N,N,N,N,10/30/2013,6:51 PM,13-034187,,240,254,N,Y,,,19,,,1,7200,,MCPHERSON,RD,N,N,40,N,N,PAVED ROADWAY,N,19,,,1,,,MANOR,RD,,,,,,,11,4,98,,1,1,1,6:52 PM,DISPATCH,7:13 PM,10/30/2013,Y,TX2400100,1644,,,29,8,2,2,20,64,54,1,5,1,21,21,240,254,27.56617795,-99.47311027,,,,,MCPHERSON RD,6991,,,,,,,,,MANOR RD,,,,,Y,N,N,5,8,Y,WED,,,,,,,,,,,,,,,,,,,,,,,,,,,,,,,,,,,,,,,,,,,,,,,,,,,,,,,,0,0,0,3,0,0,0,205,,,