Crash_ID,Crash_Fatal_Fl,Cmv_Involv_Fl,Schl_Bus_Fl,Rr_Relat_Fl,Medical_Advisory_Fl,Amend_Supp_Fl,Active_School_Zone_Fl,Crash_Date,Crash_Time,Case_ID,Local_Use,Rpt_CRIS_Cnty_ID,Rpt_City_ID,Rpt_Outside_City_Limit_Fl,Thousand_Damage_Fl,Rpt_Latitude,Rpt_Longitude,Rpt_Rdwy_Sys_ID,Rpt_Hwy_Num,Rpt_Hwy_Sfx,Rpt_Road_Part_ID,Rpt_Block_Num,Rpt_Street_Pfx,Rpt_Street_Name,Rpt_Street_Sfx,Private_Dr_Fl,Toll_Road_Fl,Crash_Speed_Limit,Road_Constr_Zone_Fl,Road_Constr_Zone_Wrkr_Fl,Rpt_Street_Desc,At_Intrsct_Fl,Rpt_Sec_Rdwy_Sys_ID,Rpt_Sec_Hwy_Num,Rpt_Sec_Hwy_Sfx,Rpt_Sec_Road_Part_ID,Rpt_Sec_Block_Num,Rpt_Sec_Street_Pfx,Rpt_Sec_Street_Name,Rpt_Sec_Street_Sfx,Rpt_Ref_Mark_Offset_Amt,Rpt_Ref_Mark_Dist_Uom,Rpt_Ref_Mark_Dir,Rpt_Ref_Mark_Nbr,Rpt_Sec_Street_Desc,Rpt_CrossingNumber,Wthr_Cond_ID,Light_Cond_ID,Entr_Road_ID,Road_Type_ID,Road_Algn_ID,Surf_Cond_ID,Traffic_Cntl_ID,Investigat_Notify_Time,Investigat_Notify_Meth,Investigat_Arrv_Time,Report_Date,Investigat_Comp_Fl,ORI_Number,Investigat_Agency_ID,Investigat_Area_ID,Investigat_District_ID,Investigat_Region_ID,Bridge_Detail_ID,Harm_Evnt_ID,Intrsct_Relat_ID,FHE_Collsn_ID,Obj_Struck_ID,Othr_Factr_ID,Road_Part_Adj_ID,Road_Cls_ID,Road_Relat_ID,Phys_Featr_1_ID,Phys_Featr_2_ID,Cnty_ID,City_ID,Latitude,Longitude,Hwy_Sys,Hwy_Nbr,Hwy_Sfx,Dfo,Street_Name,Street_Nbr,Control,Section,Milepoint,Ref_Mark_Nbr,Ref_Mark_Displ,Hwy_Sys_2,Hwy_Nbr_2,Hwy_Sfx_2,Street_Name_2,Street_Nbr_2,Control_2,Section_2,Milepoint_2,Txdot_Rptable_Fl,Onsys_Fl,Rural_Fl,Crash_Sev_ID,Pop_Group_ID,Located_Fl,Day_of_Week,Hwy_Dsgn_Lane_ID,Hwy_Dsgn_Hrt_ID,Hp_Shldr_Left,Hp_Shldr_Right,Hp_Median_Width,Base_Type_ID,Nbr_Of_Lane,Row_Width_Usual,Roadbed_Width,Surf_Width,Surf_Type_ID,Curb_Type_Left_ID,Curb_Type_Right_ID,Shldr_Type_Left_ID,Shldr_Width_Left,Shldr_Use_Left_ID,Shldr_Type_Right_ID,Shldr_Width_Right,Shldr_Use_Right_ID,Median_Type_ID,Median_Width,Rural_Urban_Type_ID,Func_Sys_ID,Adt_Curnt_Amt,Adt_Curnt_Year,Adt_Adj_Curnt_Amt,Pct_Single_Trk_Adt,Pct_Combo_Trk_Adt,Trk_Aadt_Pct,Curve_Type_ID,Curve_Lngth,Cd_Degr,Delta_Left_Right_ID,Dd_Degr,Feature_Crossed,Structure_Number,I_R_Min_Vert_Clear,Approach_Width,Bridge_Median_ID,Bridge_Loading_Type_ID,Bridge_Loading_In_1000_Lbs,Bridge_Srvc_Type_On_ID,Bridge_Srvc_Type_Under_ID,Culvert_Type_ID,Roadway_Width,Deck_Width,Bridge_Dir_Of_Traffic_ID,Bridge_Rte_Struct_Func_ID,Bridge_IR_Struct_Func_ID,CrossingNumber,RRCo,Poscrossing_ID,WDCode_ID,Standstop,Yield,Incap_Injry_Cnt,Nonincap_Injry_Cnt,Poss_Injry_Cnt,Non_Injry_Cnt,Unkn_Injry_Cnt,Tot_Injry_Cnt,Death_Cnt,MPO_ID,Investigat_Service_ID,Investigat_DA_ID,Investigator_Narrative
13576779,N,N,N,N,N,N,N,11/26/2013,4:17 PM,301514A,,57,107,N,Y,,,19,,,1,12400,,ABRAMS,RD,N,N,40,N,N,,N,1,635,,,8000,,L YNDON B JOHNSON,FWY,,,,,,,11,1,0,,1,1,20,4:27 PM,DROVE UP ON,4:27 PM,12/2/2013,Y,TX0000006,2471,,,33,8,2,3,14,64,14,1,5,1,32,21,57,107,32.90826988,-96.73554654,,,,,ABRAMS RD,,,,,,,,,,,,,,,Y,N,N,5,9,Y,TUE,,,,,,,,,,,,,,,,,,,,,,,,,,,,,,,,,,,,,,,,,,,,,,,,,,,,,,,,0,0,0,2,0,0,0,282,,,
13577127,N,N,N,N,N,N,N,11/30/2013,3:40 PM,0149475813F,,101,208,N,N,,,17,,,7,4925,,WESTHEIMER,RD,N,N,15,N,N,PRIVATE PARKING LOT,N,19,,,,2600,,POST OAK,BLVD,,,,,,,11,1,0,,1,1,1,3:51 PM,DISPATCH,4:02 PM,11/30/2013,Y,TXHPD0000,2469,24,106,54,8,1,4,1,64,3,7,9,5,33,21,101,208,,,,,,,WESTHEIMER RD,,,,,,,,,,,,,,,N,N,N,2,9,N,SAT,,,,,,,,,,,,,,,,,,,,,,,,,,,,,,,,,,,,,,,,,,,,,,,,,,,,,,,,0,1,0,2,0,1,0,,,,
13577137,N,Y,N,N,N,N,N,12/2/2013,8:40 PM,SAPD13265022,2370,15,379,N,N,,,1,35,,4,1400,S,35,HWY,N,N,65,N,N,,N,19,,,,1600,S,LAREDO,,,,,,,,11,4,0,2,2,1,1,8:46 PM,DISPATCHED,8:49 PM,12/2/2013,N,TXSPD0000,2473,,3,122,8,8,2,1,98,54,4,1,1,21,21,15,379,29.41079361,-98.50814366,IH,35,,154.288,IH0035,,17,10,21.265,155,-0.23,,,,S LAREDO ST,,,,,N,Y,N,5,9,Y,MON,5,0,2,10,6,9,8,260,157,96,5,0,0,2,23,5,2,38,5,2,3,4,11,149360,2014,149360,3.4,11.2,14.6,1,125,1,2,13,,,,,,,,,,,,,,,,,,,,,,0,0,0,2,0,0,0,28,,,
13577304,N,N,N,N,N,N,N,12/2/2013,3:35 PM,306413A,,57,107,N,Y,,,19,,,1,11100,,LOCHWOOD,BLVD,N,N,30,N,N,,N,3,78,,,1100,,GARLAND,RD,,,,,,,11,1,0,,1,1,1,4:54 PM,DISPATCHED,5:13 PM,12/2/2013,N,TX0000006,2471,,,71,8,2,3,14,64,14,1,5,1,32,21,57,107,32.84749446,-96.68637096,,,,,LOCHWOOD BLVD,11135,,,,,,,,,,,,,,Y,N,N,5,9,Y,MON,,,,,,,,,,,,,,,,,,,,,,,,,,,,,,,,,,,,,,,,,,,,,,,,,,,,,,,,0,0,0,3,1,0,0,282,,,
13577414,N,N,N,N,N,N,N,11/26/2013,8:00 AM,,,212,1777,Y,Y,32.36599,-95.24975,15,384,,1,,,NOT REPORTED,,N,N,55,N,N,,Y,15,336,,1,,,NOT REPORTED,,,,,,,,2,2,2,,1,2,8,8:31 AM,DPS COMMUNICATIONS,8:57 AM,11/26/2013,Y,TXDPS5500,10000,3,28,1,8,7,2,1,32,54,1,4,2,21,21,212,1777,32.36599733,-95.24975711,,,,,OLD LONGVIEW RD,8141,,,,,,,,,UNKNOWN,,,,,Y,N,Y,0,0,Y,TUE,,,,,,,,,,,,,,,,,,,,,,,,,,,,,,,,,,,,,,,,,,,,,,,,,,,,,,,,0,0,0,0,1,0,0,213,,,
13577524,N,N,N,N,N,N,N,12/1/2013,12:10 AM,0149667313W,,101,208,N,Y,,,1,45,,2,11400,N,NORTH SER E,FWY,N,N,45,N,N,CONCRETE,Y,19,,,1,100,,ALDINE BENDER,RD,,,,,,,11,4,0,2,1,1,5,12:15 AM,DISPATCH,12:16 AM,12/1/2013,Y,TXHPD0000,2469,14,152,59,8,2,1,10,64,54,2,1,1,21,21,101,208,29.93177032,-95.41186523,IH,45,,60.322,IH0045,,110,6,36.339,60,0.272,FM,525,,FM0525,,1005,1,0.032,Y,Y,N,5,9,Y,SUN,5,1,0,10,28,8,8,300,192,120,5,0,0,1,0,0,2,20,5,2,28,4,11,215390,2014,215390,5.5,4.6,10.1,,,,,,,,,,,,,,,,,,,,,,,,,,,0,0,0,6,0,0,0,15,,,
13578040,N,N,N,N,N,N,N,12/3/2013,8:16 PM,0150872713M,FSGI,101,208,N,Y,,,19,,,1,10750,,WESTBRAE,PKWY,Y,N,15,N,N,PARKING LOT CONCRETE,N,19,,,,10700,,WESTBRAE,PKWY,,,,,,,11,4,0,,1,1,1,8:16 PM,DISPATCHED,8:17 PM,12/3/2013,Y,TXHPD0000,2469,18,125,55,8,4,4,4,64,12,7,9,5,33,21,101,208,,,,,,,WESTBRAE PKWY,,,,,,,,,,,,,,,N,N,N,0,9,N,TUE,,,,,,,,,,,,,,,,,,,,,,,,,,,,,,,,,,,,,,,,,,,,,,,,,,,,,,,,0,0,0,0,1,0,0,,,,
13578134,N,Y,N,N,N,N,N,11/25/2013,7:55 AM,,,181,317,N,Y,30.11608,-93.8234,1,10,,1,,,NOT REPORTED,,N,N,75,N,N,,N,,,,,,,NOT REPORTED,,0.1,M,E,873,,,2,1,0,2,3,2,20,8:00 AM,LUFKIN DISPATCH,8:24 AM,12/3/2013,Y,,10000,7,58,1,8,2,4,21,56,54,1,1,1,21,21,181,317,30.11538096,-93.82047031,IH,10,,872.021,IH0010,,28,11,18.006,873,0.1,,,,NOT REPORTED,,,,,Y,Y,N,5,5,Y,MON,5,0,10,22,48,9,4,290,112,48,5,0,0,2,20,5,2,44,5,3,28,3,11,38387,2014,38387,2.3,30.1,32.4,,,,,,,,,,,,,,,,,,,,,,,,,,,0,0,0,3,0,0,0,135,,,
13578286,N,N,N,N,N,N,N,12/3/2013,6:26 PM,13-119489,,220,156,N,Y,32.68526,-97.40185,3,183,,1,5300,,SOUTHWEST,BLVD,N,N,-1,Y,N,,N,19,,,,4500,S,HULEN,ST,,,,,,,11,3,2,2,1,1,1,6:45 PM,DISPATCHED,6:53 PM,12/3/2013,N,TX2201200,1318,4,19,23,8,2,4,20,64,49,1,2,1,21,21,220,156,32.68492827,-97.40199692,SH,183,,0.501,SH0183,,8,12,0.723,552,0.126,,,,,,,,,Y,Y,N,5,9,Y,TUE,5,0,0,0,2,9,4,171,52,52,6,2,2,1,0,0,1,0,0,2,2,4,12,36977,2014,36977,3,3.2,6.2,,,,,,,,,,,,,,,,,,,,,,,,,,,0,0,0,3,1,0,0,282,,,
13578577,N,N,N,N,N,N,N,12/3/2013,6:45 PM,0150852813V,,101,208,N,Y,,,2,59,,1,6000,S,SOUTHWEST,FWY,N,N,60,N,N,,N,19,,,,,,WESTPARK,,,,,,,,11,4,0,,2,1,20,6:48 PM,HPD DISPATCH,7:01 PM,12/3/2013,Y,TXHPD0000,2469,18,106,54,8,2,4,20,64,42,1,2,1,21,21,101,208,,,US,59,,,US0059,,,,,,,,,,,,,,,Y,Y,N,5,9,N,TUE,,,,,,,,,,,,,,,,,,,,,,,,,,,,,,,,,,,,,,,,,,,,,,,,,,,,,,,,0,0,0,2,0,0,0,,,,
13579019,N,N,N,N,N,N,N,11/17/2013,11:15 PM,130159486,1028502,101,1666,Y,Y,29.95452,-95.57691,15,,,7,12530,,MILLSCOTT,,N,N,30,N,N,,N,15,,,,,,MILLRIDGE N,,,,,,,,12,4,0,,1,1,10,11:18 PM,DISPATCHED,12:18 AM,11/18/2013,Y,TX1010000,1419,107,4,5,8,7,4,1,32,3,1,4,2,21,21,101,1666,29.95451882,-95.57694359,,,,,MILLSCOTT DR,12526,,,,,,,,,,,,,,Y,N,Y,5,0,Y,SUN,,,,,,,,,,,,,,,,,,,,,,,,,,,,,,,,,,,,,,,,,,,,,,,,,,,,,,,,0,0,0,1,0,0,0,15,,,
13579034,N,N,N,N,N,N,N,12/3/2013,12:49 PM,13-7478,,79,413,N,Y,,,3,6,,1,3400,,NOT REPORTED,,N,N,-1,N,N,,N,19,,,,2400,,SETLLERS WAY,BLVD,,,,,,,11,1,0,2,1,1,1,12:49 PM,POLICE DISPATCH,1:00 PM,12/3/2013,Y,TX0790500,2189,,,35,8,2,3,10,64,13,1,2,2,32,21,79,413,29.58620123,-95.59102258,SH,6,,506.99,SH0006,3899,192,1,4.095,690,-0.666,,,,,,,,,Y,Y,N,5,7,Y,TUE,3,0,0,0,1,9,6,100,80,80,5,0,0,1,0,0,1,0,0,3,1,4,14,37697,2014,37697,3.9,1.4,5.2,,,,,,,,,,,,,,,,,,,,,,,,,,,0,0,0,3,0,0,0,15,,,
13579682,N,N,N,N,N,N,N,11/27/2013,12:29 AM,,,120,133,N,Y,,,19,,,1,900,,GILBERT,ST,N,N,30,N,N,,N,19,,,,,,TAYLOR,RD,,,,,TAYLOR ROAD,,11,3,0,,1,1,1,12:29 AM,DISPATCH RADIO,12:31 AM,11/27/2013,Y,TX1200100,1249,,,253,8,7,4,1,32,54,1,5,1,21,21,120,133,28.96570453,-96.6420182,,,,,GILBERT ST,1069,,,,,,,,,,,,,,Y,N,N,5,4,Y,WED,,,,,,,,,,,,,,,,,,,,,,,,,,,,,,,,,,,,,,,,,,,,,,,,,,,,,,,,0,0,0,2,0,0,0,,,,
13579776,N,N,N,N,N,N,N,11/22/2013,1:35 PM,130161910,1032437,101,1666,Y,N,30.01833,-95.44459,15,,,1,17080,,RED OAK,DR,N,N,25,N,N,"TWO WAY, DIVIDED, UNPROTECTED MEDIAN",N,4,1960,,,800,W,FM 1960,,,,,,"TWO WAY, DIVIDED, PROTECTED MEDIAN",,2,1,0,,1,2,20,1:38 PM,DISPATCHED,2:01 PM,11/22/2013,Y,TX1010000,1419,74,4,5,8,2,4,21,64,9,1,4,1,21,21,101,1666,30.01707872,-95.44377958,,,,,RED OAK DR,17005,,,,,,,,,,,,,,N,N,Y,5,0,Y,FRI,,,,,,,,,,,,,,,,,,,,,,,,,,,,,,,,,,,,,,,,,,,,,,,,,,,,,,,,0,0,0,2,0,0,0,15,,,
13579978,N,N,N,N,N,N,N,12/4/2013,2:56 AM,1300089261,,220,179,N,Y,,,3,360,,1,4000,,NOT REPORTED,,N,N,60,N,N,,N,19,,,,3000,,EULESS GRAPEVINE,RD,,,,,,,11,3,0,2,4,1,1,3:00 AM,DISPATCHED,3:03 AM,12/4/2013,Y,TX2201300,1379,,,35,8,7,4,1,39,3,1,2,4,21,21,220,179,32.89098693,-97.08152666,SH,360,,1.909,SH0360,,2266,2,2.028,258,0.013,,,,,,,,,Y,Y,N,5,6,Y,WED,5,0,10,10,83,3,4,450,88,48,5,0,0,2,20,5,2,20,5,2,63,4,12,51416,2014,51416,3.4,2.4,5.9,,,,,,,,,,,,,,,,,,,,,,,,,,,0,0,0,1,0,0,0,282,,,
13579995,N,N,N,N,N,N,N,11/20/2013,3:54 PM,130160907,1034160,101,1666,Y,Y,29.96691,-95.56390999,15,,,1,9800,,GRANT,RD,N,N,40,N,N,,N,15,,,,,,PERRY,RD,,,,,,,12,1,0,,1,1,20,4:01 PM,DISPATCHED,4:18 PM,11/20/2013,Y,TX1010000,1419,110,4,5,8,2,3,14,64,14,1,4,1,32,21,101,1666,29.96726817,-95.56726766,,,,,GRANT RD,9942,,,,,,,,,,,,,,Y,N,Y,5,0,Y,WED,,,,,,,,,,,,,,,,,,,,,,,,,,,,,,,,,,,,,,,,,,,,,,,,,,,,,,,,0,0,0,2,0,0,0,15,,,
13579996,N,N,N,N,N,N,N,11/26/2013,7:13 PM,2013-0505B,,15,379,N,Y,29.57756,-98.62002,14,53,,1,,,UTSA,BLVD,N,N,45,N,N,,N,19,,,,,,XIMENES,AVE,,,,,,,11,4,2,,2,1,12,7:14 PM,UTSA COMMUNICATIONS,7:18 PM,11/26/2013,Y,TX0151900,2326,,,,8,2,3,22,64,47,1,2,1,32,21,15,379,,,SS,53,,,SS0053,,,,,,,,,,,,,,,Y,Y,N,5,9,N,TUE,,,,,,,,,,,,,,,,,,,,,,,,,,,,,,,,,,,,,,,,,,,,,,,,,,,,,,,,0,0,0,4,0,0,0,,,,
13580361,N,N,N,N,N,N,N,11/12/2013,8:50 AM,130156654,3505671,101,1666,Y,Y,30.02027,-95.38009,19,,,1,21100,,ALDINE WESTFIELD,,N,N,40,N,N,,N,4,1960,,,3100,,NOT REPORTED,RD,,,,,,,11,1,4,,1,1,11,8:57 AM,DISPATCHED,8:59 AM,11/12/2013,Y,TX1014900,2744,89,5,6,8,2,2,20,64,3,1,4,1,21,21,101,1666,30.02025475,-95.38007307,,,,,ALDINE WESTFIELD RD,,,,,,,,,,UNKNOWN,,,,,Y,N,Y,3,0,Y,TUE,,,,,,,,,,,,,,,,,,,,,,,,,,,,,,,,,,,,,,,,,,,,,,,,,,,,,,,,0,0,4,2,0,4,0,15,,,
13580390,N,N,N,N,N,N,N,10/31/2013,5:30 AM,130150744,1025662,101,1666,Y,Y,,,3,249,,1,19600,,SH 249,,N,N,60,N,N,,N,15,,,,,,CYPRESSWOOD,DR,,,,,,,2,4,0,2,1,2,20,5:14 AM,DISPATCHED,5:19 AM,10/31/2013,Y,TX1010000,1419,237,4,5,8,2,4,21,39,54,1,2,1,21,21,101,1666,29.98170189,-95.56795937,SH,249,,15.048,SH0249,,720,3,11.386,0460A,0.213,,,,,,,,,Y,Y,Y,5,0,Y,THU,5,0,20,10,42,3,6,400,132,72,5,0,0,2,40,5,2,20,5,2,2,4,12,52892,2014,52892,5.1,7.4,12.4,1,127,0,2,2,,,,,,,,,,,,,,,,,,,,,,0,0,0,1,1,0,0,15,,,
13580507,N,N,N,N,N,N,N,11/13/2013,7:30 AM,13104423,,43,148,N,Y,,,3,78,,1,,,SH 78 AND GADDY STREET,,N,N,35,N,N,,N,19,,,1,,,SH 78 AND GADDY STREET,,,,,,,,11,1,3,,1,1,8,7:30 AM,RADIO,7:40 AM,11/13/2013,Y,TX0430300,1291,,8,43,8,2,1,10,64,3,1,2,1,21,21,43,148,,,SH,78,,,SH0078,,,,,,,,,,SH 78 AND GADDY STREET,,,,,Y,Y,Y,5,3,N,WED,,,,,,,,,,,,,,,,,,,,,,,,,,,,,,,,,,,,,,,,,,,,,,,,,,,,,,,,0,0,0,3,0,0,0,,,,
13580582,N,N,N,N,N,N,N,11/18/2013,4:00 PM,13-323087,,71,136,N,Y,,,19,,,1,8801,,GATEWAY WEST,BLVD,N,N,45,N,N,ONE WY RDWY,N,19,,,1,1100,,HAWKINS,BLVD,,,,,2 WY DIV PROT RDWY,,0,0,2,2,8,0,9,10:47 AM,WALK IN TO PHRC CRC,10:47 AM,11/19/2013,N,TX0710200,1259,,,43,8,2,2,25,64,54,5,1,1,21,21,71,136,31.77140768,-106.3770929,IH,10,,26.618,IH0010,,2121,3,27.391,27,-0.345,,,,HAWKINS BLVD,,,,,Y,Y,N,5,9,Y,MON,5,0,10,10,42,8,8,300,136,96,5,0,1,2,20,5,2,20,5,2,22,4,11,112304,2014,112304,2.3,5.2,7.5,,,,,,,,,,,,,,,,,,,,,,,,,,,0,0,0,2,0,0,0,66,,,
13580765,N,N,N,N,N,N,N,11/29/2013,2:05 PM,13-027237,,1,320,N,Y,,,19,,,1,300,,OLD ELKHART,RD,N,N,30,N,N,,N,11,256,,1,2200,S,LOOP 256,,,,,,,,11,1,0,,1,1,1,2:06 PM,DISPATCHED,2:11 PM,11/29/2013,Y,TX0010100,1896,,,27,8,2,3,10,64,14,1,5,1,32,21,1,320,31.73694188,-95.61423871,,,,,OLD ELKHART RD,414,,,,,,,,,,,,,,Y,N,N,5,5,Y,FRI,,,,,,,,,,,,,,,,,,,,,,,,,,,,,,,,,,,,,,,,,,,,,,,,,,,,,,,,0,0,0,2,0,0,0,,,,
13580867,N,N,N,N,N,N,N,11/16/2013,9:42 PM,130158954,1032286,101,1666,Y,Y,30.06153,-95.434,15,,,1,1600,,MEADOW EDGE,DR,N,N,35,N,N,,N,1,45,,,20400,,NORTH FW,,,,,,,,12,4,2,,1,2,1,9:42 PM,ON SIGHT,9:42 PM,11/16/2013,Y,TX1010000,1419,74,4,5,8,7,4,2,36,54,1,4,2,21,21,101,1666,30.06154286,-95.43401837,,,,,MEADOW EDGE LN,1501,,,,,,,,,,,,,,Y,N,Y,5,0,Y,SAT,,,,,,,,,,,,,,,,,,,,,,,,,,,,,,,,,,,,,,,,,,,,,,,,,,,,,,,,0,0,0,1,0,0,0,15,,,
13580871,N,N,N,N,N,N,N,11/17/2013,8:50 AM,130159149,1029224,101,1666,Y,Y,29.96589,-95.4023,19,,,1,700,E,RANKIN,RD,N,N,45,N,N,,N,15,,,,13700,,IMPERIAL VALLEY,DR,,,,,,,11,1,0,,1,1,5,8:45 AM,DISPATCHED,8:55 AM,11/17/2013,Y,TX1010000,1419,117,4,5,8,7,2,1,62,32,1,4,2,21,21,101,1666,29.96595476,-95.40221305,,,,,RANKIN RD,700,,,,,,,,,UNKNOWN,,,,,Y,N,Y,5,0,Y,SUN,,,,,,,,,,,,,,,,,,,,,,,,,,,,,,,,,,,,,,,,,,,,,,,,,,,,,,,,0,0,0,1,0,0,0,15,,,
13580953,N,N,N,N,N,N,N,11/21/2013,6:44 PM,130161579,1022288,101,1666,Y,Y,29.91853,-95.60421,15,,,1,10000,N,ELDRIDGE,PKWY,N,N,0,N,N,,N,15,,,,,,CROSSROAD,PARK,,,,,,,11,4,0,,1,1,20,6:44 PM,DISPATCHED,6:45 PM,11/21/2013,Y,TX1010000,1419,237,4,5,8,2,3,14,64,14,1,4,1,32,21,101,223,29.90793211,-95.60350545,,,,,N ELDRIDGE PKWY,,,,,,,,,,,,,,,Y,N,N,5,4,Y,THU,,,,,,,,,,,,,,,,,,,,,,,,,,,,,,,,,,,,,,,,,,,,,,,,,,,,,,,,0,0,0,2,0,0,0,15,,,
13580963,N,N,N,N,N,Y,N,11/24/2013,2:54 PM,,,227,1792,Y,Y,30.17311,-97.5468,19,,,1,5600,,WOLF,LN,N,N,45,N,N,,N,3,71,,,5300,E,NOT REPORTED,,,,,,,,2,1,0,,1,2,12,3:11 PM,DPS AUSTIN COMM,3:44 PM,4/9/2014,Y,,10000,8,22,1,8,7,4,1,31,1,1,4,2,21,21,227,1792,30.1729896,-97.54682116,,,,,WOLF LN,5670,,,,,,,,,,,,,,Y,N,Y,1,0,Y,SUN,,,,,,,,,,,,,,,,,,,,,,,,,,,,,,,,,,,,,,,,,,,,,,,,,,,,,,,,1,1,0,0,0,2,0,90,,,
13580969,N,N,N,N,N,N,N,11/22/2013,6:00 AM,,,184,1749,Y,Y,32.88593,-97.92226,15,,,1,,,ADVANCE,RD,N,N,35,N,N,,N,15,,,,,,PERKINS,RD,,,,,,,11,1,0,,1,1,1,6:01 AM,DPS MINERAL WELLS,6:30 AM,11/22/2013,Y,,10000,12,118,1,8,7,4,1,32,29,1,4,2,21,21,184,1749,32.88592739,-97.92224913,,,,,ADVANCE RD,102,,,,,,,,,,,,,,Y,N,Y,5,0,Y,FRI,,,,,,,,,,,,,,,,,,,,,,,,,,,,,,,,,,,,,,,,,,,,,,,,,,,,,,,,0,0,0,1,0,0,0,282,,,
13580973,N,N,N,N,N,N,N,11/30/2013,1:30 PM,,,236,1801,Y,Y,30.87479,-95.44349,19,,,1,10,,SANDRA,DR,N,N,35,N,N,,N,19,,,,,,DANIELL,ST,,,,,,,11,1,0,,1,1,1,1:40 PM,WCSO,2:00 PM,11/30/2013,Y,,10000,22,52,1,8,2,3,11,64,14,1,5,1,32,21,236,1801,30.87277728,-95.44112504,,,,,SANDRA DR,10,,,,,,,,,,,,,,Y,N,Y,5,0,Y,SAT,,,,,,,,,,,,,,,,,,,,,,,,,,,,,,,,,,,,,,,,,,,,,,,,,,,,,,,,0,0,0,2,0,0,0,,,,
13581325,N,N,N,N,N,N,N,12/4/2013,11:10 PM,13-119561,,220,156,N,N,32.76088,-97.32513,19,,,1,1100,E,WEATHERFORD,ST,N,N,45,Y,N,,N,19,,,,100,,HARDING,ST,,,,,,,12,4,0,3,3,1,10,11:10 PM,DISPATCH,11:10 PM,12/4/2013,Y,TX2201200,1318,4,3,23,8,2,4,20,64,50,1,2,1,20,21,220,156,32.7611074,-97.32559044,SS,347,,0.336,SS0347,,81,1,5.964,556,0.2,,,,,,,,,N,Y,N,5,9,Y,WED,0,0,8,8,16,9,8,160,114,82,6,1,1,2,16,2,2,16,2,4,0,4,14,22349,2014,22349,2.5,0.4,2.9,,,,,,,,,,,,,,,,,,,,,,,,,,,0,0,0,2,0,0,0,282,,,
13581333,N,N,N,N,N,N,N,12/4/2013,4:29 PM,2013-150021,,31,189,N,Y,,,8,77,,1,1500,N,77 SUNSHINE STRIP,,N,N,45,N,N,,N,19,,,,1600,N,1ST,ST,,,,,,,11,1,0,3,1,1,5,4:29 PM,DISPATCH,4:42 PM,12/4/2013,Y,TX0310300,1417,,,23,8,2,2,22,64,38,1,2,1,21,21,31,189,26.20823374,-97.6954378,BU,77,X,5.563,BU0077X,1596,327,8,10.573,568,0.818,,,,N 1ST ST,,,,,Y,Y,N,5,7,Y,WED,2,0,14,14,0,2,4,100,100,68,4,2,2,2,14,2,2,14,2,0,0,3,14,7129,2014,7129,1.3,0.2,1.5,,,,,,,,,,,,,,,,,,,,,,,,,,,0,0,0,5,0,0,0,201,,,
13581841,N,N,N,N,N,N,N,12/1/2013,4:11 AM,13-010285,District 1,84,428,N,Y,,,19,,,1,1100,N,12 12,ST,N,N,-1,N,N,,N,19,,,,1200,N,13TH,AVE,,,,,,,11,4,0,,1,1,1,4:11 AM,POLICE DISPATCH,4:14 AM,12/1/2013,Y,tx0840900,2239,,,35,8,4,4,1,64,3,1,5,1,21,21,84,428,29.40510486,-94.91071322,,,,,24TH AVE N,1100,,,,,,,,,,,,,,Y,N,N,0,6,Y,SUN,,,,,,,,,,,,,,,,,,,,,,,,,,,,,,,,,,,,,,,,,,,,,,,,,,,,,,,,0,0,0,0,2,0,0,15,,,
13582040,N,N,N,N,N,N,N,11/30/2013,1:50 PM,201308953,Charlie District,11,27,N,Y,,,3,71,,1,2600,,SH 71,,N,N,55,N,N,FOUR LANE DIVIDED,Y,19,,,1,100,,ARENA,DR,,,,,TWO LANE LOCAL,,12,1,2,2,5,1,20,1:52 PM,DISPATCHED,3:58 PM,11/30/2013,Y,TX0110100,91,,,35,8,2,2,22,64,42,1,2,1,21,21,11,27,30.105111,-97.29601962,SH,71,,153.413,SH0071,,265,5,15.417,606,-0.563,SL,150,,SL0150,,,,,Y,Y,N,5,4,Y,SAT,3,0,6,10,72,2,4,300,80,48,4,0,0,2,12,5,2,20,5,3,60,2,14,22054,2014,22054,2.6,7.6,10.2,1,348,1,2,0,,,,,,,,,,,,,,,,,,,,,,0,0,0,3,0,0,0,90,,,
13582150,N,N,N,N,N,N,N,12/5/2013,3:51 PM,1300017292,,225,300,N,Y,,,2,271,,1,100,W,FERGUSON,,N,N,45,N,N,,N,2,271,,,600,S,JEFFERSON,,,,,,,,2,1,2,3,1,2,20,3:51 PM,DISPATCHED,3:58 PM,12/6/2013,Y,TX2250100,1813,,,35,8,2,4,20,64,3,1,2,1,21,21,225,300,33.15110308,-94.96795535,SH,49,,1.942,SH0049,,222,1,1.029,692,-0.079,,,,,,,,,Y,Y,N,5,5,Y,THU,2,0,0,0,0,2,4,134,68,48,4,0,1,1,0,0,1,0,0,0,0,2,16,15529,2014,15529,1.9,8.7,10.7,,,,,,,,,,,,,,,,,,,,,,,,,,,0,0,0,2,0,0,0,,,,