Crash_ID,Crash_Fatal_Fl,Cmv_Involv_Fl,Schl_Bus_Fl,Rr_Relat_Fl,Medical_Advisory_Fl,Amend_Supp_Fl,Active_School_Zone_Fl,Crash_Date,Crash_Time,Case_ID,Local_Use,Rpt_CRIS_Cnty_ID,Rpt_City_ID,Rpt_Outside_City_Limit_Fl,Thousand_Damage_Fl,Rpt_Latitude,Rpt_Longitude,Rpt_Rdwy_Sys_ID,Rpt_Hwy_Num,Rpt_Hwy_Sfx,Rpt_Road_Part_ID,Rpt_Block_Num,Rpt_Street_Pfx,Rpt_Street_Name,Rpt_Street_Sfx,Private_Dr_Fl,Toll_Road_Fl,Crash_Speed_Limit,Road_Constr_Zone_Fl,Road_Constr_Zone_Wrkr_Fl,Rpt_Street_Desc,At_Intrsct_Fl,Rpt_Sec_Rdwy_Sys_ID,Rpt_Sec_Hwy_Num,Rpt_Sec_Hwy_Sfx,Rpt_Sec_Road_Part_ID,Rpt_Sec_Block_Num,Rpt_Sec_Street_Pfx,Rpt_Sec_Street_Name,Rpt_Sec_Street_Sfx,Rpt_Ref_Mark_Offset_Amt,Rpt_Ref_Mark_Dist_Uom,Rpt_Ref_Mark_Dir,Rpt_Ref_Mark_Nbr,Rpt_Sec_Street_Desc,Rpt_CrossingNumber,Wthr_Cond_ID,Light_Cond_ID,Entr_Road_ID,Road_Type_ID,Road_Algn_ID,Surf_Cond_ID,Traffic_Cntl_ID,Investigat_Notify_Time,Investigat_Notify_Meth,Investigat_Arrv_Time,Report_Date,Investigat_Comp_Fl,ORI_Number,Investigat_Agency_ID,Investigat_Area_ID,Investigat_District_ID,Investigat_Region_ID,Bridge_Detail_ID,Harm_Evnt_ID,Intrsct_Relat_ID,FHE_Collsn_ID,Obj_Struck_ID,Othr_Factr_ID,Road_Part_Adj_ID,Road_Cls_ID,Road_Relat_ID,Phys_Featr_1_ID,Phys_Featr_2_ID,Cnty_ID,City_ID,Latitude,Longitude,Hwy_Sys,Hwy_Nbr,Hwy_Sfx,Dfo,Street_Name,Street_Nbr,Control,Section,Milepoint,Ref_Mark_Nbr,Ref_Mark_Displ,Hwy_Sys_2,Hwy_Nbr_2,Hwy_Sfx_2,Street_Name_2,Street_Nbr_2,Control_2,Section_2,Milepoint_2,Txdot_Rptable_Fl,Onsys_Fl,Rural_Fl,Crash_Sev_ID,Pop_Group_ID,Located_Fl,Day_of_Week,Hwy_Dsgn_Lane_ID,Hwy_Dsgn_Hrt_ID,Hp_Shldr_Left,Hp_Shldr_Right,Hp_Median_Width,Base_Type_ID,Nbr_Of_Lane,Row_Width_Usual,Roadbed_Width,Surf_Width,Surf_Type_ID,Curb_Type_Left_ID,Curb_Type_Right_ID,Shldr_Type_Left_ID,Shldr_Width_Left,Shldr_Use_Left_ID,Shldr_Type_Right_ID,Shldr_Width_Right,Shldr_Use_Right_ID,Median_Type_ID,Median_Width,Rural_Urban_Type_ID,Func_Sys_ID,Adt_Curnt_Amt,Adt_Curnt_Year,Adt_Adj_Curnt_Amt,Pct_Single_Trk_Adt,Pct_Combo_Trk_Adt,Trk_Aadt_Pct,Curve_Type_ID,Curve_Lngth,Cd_Degr,Delta_Left_Right_ID,Dd_Degr,Feature_Crossed,Structure_Number,I_R_Min_Vert_Clear,Approach_Width,Bridge_Median_ID,Bridge_Loading_Type_ID,Bridge_Loading_In_1000_Lbs,Bridge_Srvc_Type_On_ID,Bridge_Srvc_Type_Under_ID,Culvert_Type_ID,Roadway_Width,Deck_Width,Bridge_Dir_Of_Traffic_ID,Bridge_Rte_Struct_Func_ID,Bridge_IR_Struct_Func_ID,CrossingNumber,RRCo,Poscrossing_ID,WDCode_ID,Standstop,Yield,Incap_Injry_Cnt,Nonincap_Injry_Cnt,Poss_Injry_Cnt,Non_Injry_Cnt,Unkn_Injry_Cnt,Tot_Injry_Cnt,Death_Cnt,MPO_ID,Investigat_Service_ID,Investigat_DA_ID,Investigator_Narrative
13582335,N,N,N,N,N,N,N,11/26/2013,7:40 AM,0147854113M,,101,208,N,Y,,,19,,,1,4800,,BEECHNUT,ST,N,N,35,N,N,CITY STREET,Y,19,,,1,,,MEYERLAND PLAZA,,,,,,,,2,1,0,,1,2,1,7:47 AM,DISPATCHED,7:56 AM,11/26/2013,Y,TXHPD0000,2469,16,125,40,8,2,1,34,64,54,1,5,1,21,21,101,208,29.68911482,-95.46294307,,,,,BEECHNUT ST,4903,,,,,,,,,MEYERLAND PLAZA MALL,,,,,Y,N,N,5,9,Y,TUE,,,,,,,,,,,,,,,,,,,,,,,,,,,,,,,,,,,,,,,,,,,,,,,,,,,,,,,,0,0,0,2,0,0,0,15,,,
13582345,N,N,N,N,N,N,N,12/5/2013,11:09 AM,SAPD13266950,2230,15,379,N,N,,,19,,,1,4000,,BROADWAY,,N,N,40,N,N,,Y,19,,,1,100,,PERRY,CT,,,,,,,12,1,98,3,4,1,5,11:09 AM,DISPATCHED,11:20 AM,12/5/2013,Y,TXSPD0000,2473,,3,122,8,2,1,21,64,3,1,2,1,21,21,15,5,29.46824432,-98.4636548,SL,368,,5.807,SL0368,4607,16,8,15.952,498,1.596,,,,PERRY CT,,,,,N,Y,N,5,4,Y,THU,2,0,0,0,0,2,6,80,70,60,4,1,1,1,0,0,1,0,0,0,0,4,14,13911,2014,13911,2.8,3.9,6.7,,,,,,,,,,,,,,,,,,,,,,,,,,,0,0,0,2,0,0,0,28,,,
13582473,N,N,N,N,N,N,N,10/31/2013,7:02 AM,13-23947,,68,315,N,Y,,,2,80,,1,6000,E,SECOND,ST,N,N,55,N,N,,Y,19,,,,2200,E,LOOP 338,,,,,,,,11,4,3,2,1,1,5,7:02 AM,DISPATCHED,7:06 AM,10/31/2013,Y,TX0680200,1873,,,,8,2,2,22,64,38,1,2,1,21,21,68,315,31.87410446,-102.310231,BI,20,E,8.297,BI0020E,,5,1,13.296,304,0.075,SL,338,,SL0338,,,,,Y,Y,N,5,8,Y,THU,4,0,0,10,25,2,4,230,76,52,4,0,0,1,0,0,2,20,5,3,25,3,14,20061,2014,20061,2.2,3.4,5.7,,,,,,,,,,,,,,,,,,,,,,,,,,,0,0,0,4,0,0,0,174,,,
13582593,N,N,N,N,N,N,N,11/22/2013,2:15 PM,13-42671,,152,270,N,Y,,,2,62,,1,4200,,MARSHA SHARP,FWY,N,N,0,N,N,,Y,19,,,1,2300,,QUAKER,AVE,,,,,,,12,1,0,,1,6,1,2:15 PM,POLICE RADIO,2:15 PM,11/22/2013,Y,TX1520200,1706,,,,8,7,4,1,39,54,1,2,4,21,21,152,270,,,US,62,,,US0062,,,,,,,,,,,,,,,Y,Y,N,5,8,N,FRI,,,,,,,,,,,,,,,,,,,,,,,,,,,,,,,,,,,,,,,,,,,,,,,,,,,,,,,,0,0,0,1,0,0,0,,,,
13582790,N,N,N,N,Y,N,N,11/1/2013,7:15 PM,13-00316,,90,322,N,Y,,,17,,,1,100,S,STARKWEATHER,ST,Y,N,0,N,N,,N,19,,,1,400,E,FOSTER,AVE,,,,,,,11,3,0,,1,1,17,7:20 PM,RADIO,7:22 PM,11/1/2013,Y,TX0900200,1901,,,27,8,7,4,1,23,54,7,9,5,33,21,90,322,,,,,,,S STARKWEATHER ST,,,,,,,,,,,,,,,N,N,N,3,5,N,FRI,,,,,,,,,,,,,,,,,,,,,,,,,,,,,,,,,,,,,,,,,,,,,,,,,,,,,,,,0,0,1,0,0,1,0,,,,
13582948,N,N,N,N,N,N,N,11/22/2013,2:35 PM,13-42684,,152,270,N,Y,,,2,82,,2,2700,,MARSHA SHARP FWY,FWY,N,N,50,N,N,,N,19,,,1,400,,UNIVERSITY,AVE,,,,,,,3,1,98,2,1,6,20,2:35 PM,POLICE RADIO CALL,2:37 PM,11/22/2013,Y,TX1520200,1706,,,,8,7,4,1,23,1,2,2,2,21,21,152,270,33.59271437,-101.8738551,US,82,,85.869,US0082,,380,1,15.792,308,0.852,,,,,,,,,Y,Y,N,3,8,Y,FRI,5,0,12,10,48,8,4,328,92,48,5,0,0,2,24,5,2,20,5,3,24,4,12,24350,2014,24350,8.2,6.4,14.6,1,136,3,2,25,,,,,,,,,,,,,,,,,,,,,,0,0,2,7,0,2,0,122,,,
13583177,N,N,N,N,N,N,N,11/23/2013,5:50 PM,13-001686,,61,262,N,Y,,,4,423,,1,2400,,FM 423,,N,N,55,N,N,CONCRETE,N,19,,,1,3100,,SUNLAND PARK,DR,,,,,CONCRETE,,11,3,0,,1,1,11,5:51 PM,DENTON COUNTY,5:52 PM,11/23/2013,Y,TX0611300,1674,,179,150,8,2,4,20,64,42,1,3,1,21,21,61,262,,,FM,423,,,FM0423,,,,,,,,,,,,,,,Y,Y,N,5,6,N,SAT,,,,,,,,,,,,,,,,,,,,,,,,,,,,,,,,,,,,,,,,,,,,,,,,,,,,,,,,0,0,0,5,0,0,0,,,,
13583299,N,N,N,N,N,N,N,11/23/2013,1:30 PM,14064,,3,117,N,Y,,,2,59,,1,600,N,TEPMLE,DR,N,N,45,N,N,,N,19,,,,600,W,HARRIS,ST,,,,,HARRIS,,2,1,2,2,1,2,5,1:50 PM,DISPATCH,1:51 PM,11/25/2013,Y,TX0030100,1202,,,,8,2,2,22,64,38,1,2,1,21,21,3,117,31.19219089,-94.78081985,US,59,,194.17,US0059,,176,3,9.719,400,-1.039,,,,E HARRIS ST,,,,,Y,Y,Y,2,3,Y,SAT,3,0,4,10,34,9,4,160,78,50,6,0,0,2,8,5,2,20,5,3,26,1,2,24225,2014,24225,3,27.2,30.2,,,,,,,,,,,,,,,,,,,,,,,,,,,0,1,0,3,0,1,0,,,,
13583337,N,N,N,N,N,N,N,11/29/2013,6:11 PM,13-28122,,102,1448,N,Y,,,4,9,,1,,S,FM 9S,,N,N,50,N,N,,N,19,,,,,,IH 20 SOUTH SERVICE,RD,,,,,,,11,3,0,1,5,1,1,6:11 PM,HARRISON CO. DISPATC,6:13 PM,11/29/2013,Y,,2384,,,,8,7,4,1,20,3,1,3,2,21,21,102,1667,32.47075983,-94.06952735,FM,9,,15.423,FM0009,805,632,4,0.603,282,-0.674,,,,,,,,,Y,Y,Y,3,0,Y,FRI,2,0,3,3,0,3,2,80,28,22,3,0,0,2,3,5,2,3,5,0,0,1,7,3359,2014,3359,3.3,10.2,13.5,,,,,,,,,,,,,,,,,,,,,,,,,,,0,0,3,2,0,3,0,,,,
13583382,N,N,N,N,N,N,N,11/28/2013,1:47 PM,13108961,,43,148,N,N,,,19,,,1,,,JACKSON STREET AND E 7TH STREET,,N,N,30,N,N,,Y,19,,,1,,,E 7TH STREET,,,,,,,,11,1,2,,1,1,1,1:47 PM,911,1:49 PM,11/28/2013,Y,TX0430300,1291,,8,43,8,2,1,10,64,3,1,5,1,21,21,43,148,,,,,,,JACKSON STREET AND E 7TH STREET,,,,,,,,,,E 7TH STREET,,,,,N,N,Y,5,3,N,THU,,,,,,,,,,,,,,,,,,,,,,,,,,,,,,,,,,,,,,,,,,,,,,,,,,,,,,,,0,0,0,2,0,0,0,,,,
13583411,N,N,N,N,N,N,N,11/22/2013,5:48 PM,13-111441,,243,459,N,Y,33.88205,-98.4789,2,281,,1,3200,,HENRY S GRACE,FWY,N,N,60,N,N,,N,19,,,1,300,,MIDWESTERN,PKWY,,,,,,,3,4,0,,3,6,1,7:48 PM,DISPATCHED,7:57 PM,11/22/2013,Y,TX2430500,2426,,,51,1,7,4,1,41,1,1,2,2,21,21,243,459,,,US,281,,,US0281,,,,,,,,,,,,,,,Y,Y,N,5,8,N,FRI,,,,,,,,,,,,,,,,,,,,,,,,,,,,,,,,,,,,,,,,,,,,,,,,,,,,,,,,0,0,0,1,0,0,0,,,,
13583547,N,N,N,N,N,N,N,11/13/2013,6:59 AM,1306066,,15,25,N,Y,,,1,10,,1,6700,,NOT REPORTED,,N,N,55,N,N,,N,3,410,,,,,NOT REPORTED,,,,,,,,11,1,0,2,1,1,20,6:59 AM,DISPATCHED,7:03 AM,11/13/2013,Y,TX0150200,80,,,,8,9,4,1,64,54,1,1,1,21,21,15,379,29.50140572,-98.54898834,IH,10,,562.082,IH0010,,72,12,18.811,564,-0.203,,,,,,,,,Y,Y,N,5,9,Y,WED,5,0,3,10,9,9,8,450,134,108,5,0,0,2,6,5,2,20,5,,3,4,11,158228,2014,158228,1.9,2.8,4.7,,,,,,,,,,,,,,,,,,,,,,,,,,,0,0,0,1,0,0,0,28,,,
13583606,N,N,N,N,N,N,N,11/23/2013,2:13 PM,13-42789,,152,270,N,Y,,,11,289,,1,6400,,NOT REPORTED,,N,N,60,N,N,,N,19,,,,,,SOUTHEAST,DR,,,,,,,12,1,0,2,5,6,20,3:05 PM,POLICE RADIO,3:26 PM,11/23/2013,Y,TX1520200,1706,,,,8,7,4,1,23,1,1,2,2,21,21,152,270,33.53679957,-101.7913855,SL,289,,16.632,SL0289,,783,1,4.968,304,0.214,,,,,,,,,Y,Y,N,5,8,Y,SAT,5,0,6,10,44,2,4,300,80,48,4,0,0,2,12,5,2,20,5,3,32,4,12,12134,2014,12134,5.8,13.2,18.9,,,,,,,,,,,,,,,,,,,,,,,,,,,0,0,0,1,0,0,0,122,,,
13583673,N,N,N,N,N,N,N,12/4/2013,8:25 AM,2013-BCSO-050205,C10,15,1580,Y,Y,29.41064,-98.70933,11,1604,,1,,W,LOOP 1604 SOUTH,,N,N,60,Y,Y,,Y,19,,,1,,,EMORY PEAK,,,,,,ASPHALT,,12,1,4,2,1,1,5,8:29 AM,DISPATCHED,8:33 AM,12/4/2013,Y,TX0150000,120,,,148,8,2,4,21,64,49,1,2,1,21,21,15,1580,29.41097309,-98.7094133,SL,1604,,17.495,SL1604,1950,2452,1,17.172,506,-0.51,,,,,,,,,Y,Y,Y,5,0,Y,WED,4,0,2,10,80,2,4,340,80,48,4,0,0,2,12,5,2,20,5,3,68,4,12,24225,2014,24225,3.7,9.8,13.5,,,,,,,,,,,,,,,,,,,,,,,,,,,0,0,0,2,0,0,0,28,,,
13583959,N,N,N,N,N,N,N,11/26/2013,9:33 AM,,,180,1745,Y,Y,35.24673,-102.44767,1,40,,1,,,NOT REPORTED,,N,N,75,N,N,,N,,,,,,,NOT REPORTED,,0.5,M,W,35,,,11,1,0,2,1,6,11,9:39 AM,AMARILLO COMM,10:17 AM,11/26/2013,Y,,10000,7,130,1,4,7,4,1,42,1,1,1,2,21,21,180,1745,35.25015432,-102.4582687,IH,40,,34.473,IH0040,,90,3,17.858,35,-0.5,,,,NOT REPORTED,,,,,Y,Y,Y,2,0,Y,TUE,5,0,6,10,72,2,4,300,80,48,5,0,0,2,12,5,2,20,5,3,60,1,1,11539,2014,11539,4.9,40.2,45.1,,,,,,,,,,,,,,,,,,,,,,,,,,,0,1,0,0,0,1,0,,,,
13584086,N,N,N,N,N,Y,N,11/29/2013,10:09 PM,,,20,1585,Y,Y,29.30117,-95.51842,4,655,,1,,,NOT REPORTED,,N,N,55,N,N,,N,4,521,,,,,NOT REPORTED,,,,,,,,11,3,0,1,1,1,11,10:10 PM,BCSO DISPATCH,10:33 PM,12/13/2013,Y,,10000,15,35,1,8,6,4,1,64,54,1,3,1,21,21,20,1585,29.3012663,-95.51639866,FM,655,,1.891,FM0655,2646,1043,1,10.436,674,-0.27,,,,,,,,,Y,Y,Y,5,0,Y,FRI,2,0,0,0,0,2,2,107,28,22,4,0,0,1,0,0,1,0,0,0,0,1,8,2170,2014,2170,10.6,12.8,23.4,,,,,,,,,,,,,,,,,,,,,,,,,,,0,0,0,1,0,0,0,15,,,
13584286,N,N,N,N,N,N,N,12/5/2013,5:50 PM,0151726513W,,101,208,N,Y,,,1,45,,1,13000,S,GULF,FWY,N,N,60,N,N,,N,19,,,,11000,,FUQUA,ST,,,,,,,11,4,0,,1,1,20,7:03 PM,DISPATCHED,7:03 PM,12/6/2013,Y,TXHPD0000,2469,18,104,17,8,2,4,20,64,54,1,1,1,21,21,101,208,,,IH,45,,,IH0045,,,,,,,,,,,,,,,Y,Y,N,5,9,N,THU,,,,,,,,,,,,,,,,,,,,,,,,,,,,,,,,,,,,,,,,,,,,,,,,,,,,,,,,0,0,0,3,0,0,0,,,,
13584374,N,N,N,N,N,N,N,12/6/2013,1:23 PM,SAPD13267753,6230,15,379,N,Y,,,19,,,1,6900,S,NEW BRAUNFELS,AVE,N,N,35,N,N,LOCAL ROAD,Y,19,,,1,2700,,LASSES,,,,,,LOCAL ROAD,,11,1,2,,1,1,11,1:30 PM,DISPATCHED,1:40 PM,12/6/2013,Y,TXSPD0000,2473,,11,175,8,2,2,22,64,3,1,5,1,21,21,15,379,29.35566498,-98.44852233,,,,,S NEW BRAUNFELS AVE,7100,,,,,,,,,LASSES BLVD,,,,,Y,N,N,3,9,Y,FRI,,,,,,,,,,,,,,,,,,,,,,,,,,,,,,,,,,,,,,,,,,,,,,,,,,,,,,,,0,0,1,5,0,1,0,28,,,
13584429,N,N,N,N,N,N,N,11/25/2013,8:00 AM,0147482013J,,101,208,N,Y,,,19,,,1,2100,N,WAYSIDE,,N,N,45,Y,N,CONCRETE,Y,19,,,1,7500,,LONGVIEW,ST,,,,,,,2,1,0,,1,2,1,9:19 AM,DISPATCHED,9:27 AM,11/25/2013,Y,TXHPD0000,2469,24,124,71,8,2,1,10,64,49,1,5,1,21,21,101,208,29.78496479,-95.29182311,,,,,N WAYSIDE DR,,,,,,,,,,LONGVIEW ST,,,,,Y,N,N,5,9,Y,MON,,,,,,,,,,,,,,,,,,,,,,,,,,,,,,,,,,,,,,,,,,,,,,,,,,,,,,,,0,0,0,2,0,0,0,15,,,
13584529,N,N,N,N,N,N,N,12/6/2013,5:00 PM,SAPD13267907,2230,15,379,N,Y,,,19,,,1,230,E,MISTLETOE,,N,N,30,N,N,,N,19,,,,2400,,MCCULLOUGH,,,,,,,,11,1,0,,1,1,1,4:55 PM,DISPATCH,5:00 PM,12/6/2013,Y,TXSPD0000,2473,,3,122,8,2,3,12,64,14,1,5,1,32,21,15,379,29.45329547,-98.488665,,,,,E MISTLETOE AVE,455,,,,,,,,,,,,,,Y,N,N,5,9,Y,FRI,,,,,,,,,,,,,,,,,,,,,,,,,,,,,,,,,,,,,,,,,,,,,,,,,,,,,,,,0,0,0,1,1,0,0,28,,,
13584596,N,N,N,N,N,N,N,12/6/2013,11:50 AM,,,160,1725,Y,Y,31.26317,-99.26719,2,377,,1,,,NOT REPORTED,,N,N,75,N,N,,N,,,,,,,NOT REPORTED,,0.8,M,N,466,,,8,1,0,1,1,6,11,11:56 AM,BRADY PD DISPATCH,12:25 PM,12/7/2013,Y,,10000,16,32,1,8,7,4,1,32,1,1,2,2,21,21,160,1725,31.27597576,-99.25705376,US,377,,254.232,US0377,,128,4,14.975,466,-0.8,,,,NOT REPORTED,,,,,Y,Y,Y,1,0,Y,FRI,2,0,6,6,0,2,2,100,36,24,2,0,0,2,6,5,2,6,5,0,0,1,2,1527,2014,1527,8,16.7,24.7,,,,,,,,,,,,,,,,,,,,,,,,,,,1,0,0,0,0,1,0,,,,
13584632,N,N,N,N,N,N,N,12/5/2013,7:55 PM,130032009,,57,177,N,Y,,,19,,,1,7800,,LAKE RIDGE,PKWY,N,N,50,N,N,,N,19,,,,2600,,VILLA DI LAGO,DR,,,,,,,3,4,0,,1,6,20,7:56 PM,DISPATCH,8:11 PM,12/5/2013,Y,TX0571200,1372,,,42,1,7,4,1,41,1,1,5,4,21,21,57,177,,,,,,,LAKE RIDGE PKWY,,,,,,,,,,,,,,,Y,N,N,5,8,N,THU,,,,,,,,,,,,,,,,,,,,,,,,,,,,,,,,,,,,,,,,,,,,,,,,,,,,,,,,0,0,0,1,0,0,0,,,,
13584747,N,N,N,N,N,N,N,12/5/2013,6:32 PM,13-49858,,108,331,N,N,,,1,2,,1,1600,W,EXPRESSWAY 83,,N,N,60,N,N,,N,2,83,,,1600,SW,BUSINESS 83,,,,,,,,11,4,0,2,1,1,20,6:32 PM,DISPATCHED,6:37 PM,12/5/2013,Y,TX1081100,1926,,,35,8,2,4,20,64,54,1,1,1,21,21,108,331,26.19861584,-98.20288815,IH,2,,14.296,IH0002,,39,17,25.95,866,-0.832,,,,,,,,,N,Y,N,5,7,Y,THU,5,0,8,10,20,2,6,300,108,72,4,0,0,2,18,5,2,18,5,2,2,4,11,84708,2014,84708,3.4,2.4,5.9,,,,,,,,,,,,,,,,,,,,,,,,,,,0,0,0,2,0,0,0,230,,,
13584838,N,N,N,N,N,N,N,12/3/2013,10:15 PM,2013-BCSO-050186,B10,15,1580,Y,Y,29.4831,-98.17953,4,6000,,1,6000,E,FM 2538,RD,N,N,60,N,N,,N,19,,,,7500,NE,BEXAR BOWLING,RD,,,,,,,11,3,0,1,1,1,1,10:27 PM,DISPATCHED,10:45 PM,12/3/2013,Y,TX0150000,120,,,162,8,10,4,1,1,29,1,3,2,21,21,15,1580,29.48155803,-98.1744684,FM,2538,,1.829,FM2538,5801,2442,1,11.815,512,-0.169,,,,,,,,,Y,Y,Y,3,0,Y,TUE,2,0,4,4,0,2,2,80,30,22,4,0,0,2,4,5,2,4,5,0,0,4,17,2074,2014,2074,11.6,5.9,17.5,,,,,,,,,,,,,,,,,,,,,,,,,,,0,0,1,0,0,1,0,28,,,
13584868,N,N,N,N,N,N,N,12/7/2013,7:25 PM,SAPD13268651,5330,15,379,N,Y,,,19,,,1,9300,,CULEBRA,RD,N,N,45,N,N,,N,19,,,,5500,,TEZEL,,,,,,,,11,4,4,,1,1,5,9:28 PM,DISPATCHED,7:51 PM,12/7/2013,Y,TXSPD0000,2473,,19,148,8,2,3,10,64,14,1,3,1,32,21,15,379,29.44921204,-98.56710556,,,,,CULEBRA RD,3406,,,,,,,,,,,,,,Y,N,N,5,9,Y,SAT,,,,,,,,,,,,,,,,,,,,,,,,,,,,,,,,,,,,,,,,,,,,,,,,,,,,,,,,0,0,0,2,0,0,0,28,,,
13585213,N,N,N,N,N,N,N,12/7/2013,10:40 AM,st120713,,45,1610,Y,Y,29.70907,-96.50542,1,10,,1,,,NOT REPORTED,,N,N,75,N,N,,N,,,,,,,NOT REPORTED,,0.25,M,W,699,,,3,3,0,2,5,6,12,10:41 AM,COLORADO COUNTY COMM,10:50 AM,12/8/2013,Y,,10000,15,52,1,6,10,4,1,39,1,1,1,4,21,21,45,1610,29.70845435,-96.50630265,IH,10,,697.446,IH0010,,271,1,21.066,699,-0.25,,,,NOT REPORTED,,,,,Y,Y,Y,5,0,Y,SAT,5,0,4,10,44,9,4,400,76,47,6,0,0,2,8,5,2,21,5,2,36,1,1,36087,2014,36087,5.2,29.6,34.8,3,221,2,2,20,,,,,,,,,,,,,,,,,,,,,,0,0,0,2,0,0,0,,,,
13585422,N,N,N,N,N,N,N,12/4/2013,7:40 AM,0151023013H,,101,208,N,Y,,,1,10,,1,4700,W,KATY,FWY,N,N,65,N,N,LOCAL FREEWAY,N,19,,,,1800,,SHEPERD,RD,,,,,,,11,1,0,,1,1,1,7:42 AM,DISPATCH,7:49 AM,12/7/2013,Y,TXHPD0000,2469,18,121,33,8,2,4,20,64,54,1,1,1,21,21,101,208,,,IH,10,,,IH0010,,,,,,,,,,,,,,,Y,Y,N,5,9,N,WED,,,,,,,,,,,,,,,,,,,,,,,,,,,,,,,,,,,,,,,,,,,,,,,,,,,,,,,,0,0,0,3,0,0,0,,,,
13585511,N,N,N,N,N,N,N,11/27/2013,12:54 PM,13-1127-0014,13A923,246,372,N,Y,,,1,35,,1,900,N,NOT REPORTED,,N,N,70,N,N,,N,2,79,,,,,NOT REPORTED,,,,,,,,11,1,0,2,1,1,20,12:57 PM,DISPATCHED,1:13 PM,11/27/2013,N,TX2460500,2047,,,66,8,2,4,20,64,42,1,1,1,21,21,246,372,30.51983201,-97.68863351,IH,35,,252.73,IH0035,,15,9,2.868,253,0.244,,,,,,,,,Y,Y,N,3,8,Y,WED,5,0,8,10,15,2,6,357,174,72,4,0,0,2,12,5,2,20,5,2,3,4,11,152540,2014,152540,4.1,19,23,,,,,,,,,,,,,,,,,,,,,,,,,,,0,0,1,2,0,1,0,90,,,
13585676,N,N,N,N,N,Y,N,11/26/2013,6:02 PM,13-214095,,43,336,N,Y,,,19,,,1,8200,,PRESTON,RD,N,N,55,N,N,,Y,19,,,1,,,HEADQUARTERS,DR,,,,,,,12,4,2,2,1,1,5,6:02 PM,DISPATCH,6:07 PM,11/29/2013,Y,TX0430600,1938,,,72,8,2,1,34,64,54,1,2,1,21,21,43,336,33.08828921,-96.8053004,SH,289,,55.213,SH0289,8101,91,5,23.907,248,0.14,,,,HEADQUARTERS DR,,,,,Y,Y,N,5,9,Y,TUE,3,0,2,2,22,8,6,150,80,72,5,2,2,2,4,5,2,4,2,1,18,4,14,25796,2014,25796,1.5,6.8,8.3,1,463,1,1,42,,,,,,,,,,,,,,,,,,,,,,0,0,0,2,0,0,0,282,,,
13585733,N,N,N,N,N,N,N,11/19/2013,12:30 PM,13002048,,14,424,N,Y,,,1,35,,2,8200,S,GENERAL BRUCE,DR,N,N,50,N,N,,N,,,,,,S,NOT REPORTED,,350,F,E,294,,,11,1,98,2,1,1,9,12:41 PM,DISPATCH,12:49 PM,11/19/2013,Y,TX0140700,2221,,,169,8,2,2,20,64,42,2,1,1,21,21,14,36,31.05514594,-97.45091521,IH,35,,293.589,IH0035,,15,14,16.227,294,350,FM,93,,FM0093,,,,,Y,Y,N,5,5,Y,TUE,5,0,10,12,40,2,6,310,120,72,4,0,0,2,20,5,2,24,5,2,20,3,11,87203,2014,87203,3.7,16.1,19.8,,,,,,,,,,,,,,,,,,,,,,,,,,,0,0,0,2,0,0,0,277,,,
13585828,N,N,N,N,N,N,N,11/28/2013,1:45 AM,2013A003024,29C,57,166,N,Y,32.91567,-96.6991,19,,,7,4460,W,WALNUT,ST,N,N,0,N,N,,N,19,,,7,400,N,PLANO RD,,,,,,,,11,4,98,,1,1,1,1:45 AM,DISPATCHED,1:52 AM,11/28/2013,N,TX0571100,1344,,,104,8,4,4,5,64,54,7,9,5,33,21,57,166,,,,,,,W WALNUT ST,,,,,,,,,,,,,,,N,N,N,0,8,N,THU,,,,,,,,,,,,,,,,,,,,,,,,,,,,,,,,,,,,,,,,,,,,,,,,,,,,,,,,0,0,0,0,1,0,0,,,,
13586036,N,N,N,N,N,N,N,11/15/2013,1:40 PM,13-010025,,43,285,N,N,,,19,,,1,200,W,VIRGINIA,ST,N,N,35,N,N,,N,19,,,1,100,N,CHURCH,ST,,,,,,,11,1,0,3,1,1,11,1:42 PM,DISPATCH,1:51 PM,11/16/2013,Y,TX0430500,1759,,,,8,2,3,31,64,14,1,2,1,32,21,43,285,33.19762493,-96.61687943,SS,359,,1.296,SS0359,234,47,15,1.295,596,1.224,,,,,,,,,N,Y,N,5,8,Y,FRI,0,0,9,9,18,3,4,120,80,44,5,1,1,2,18,2,2,18,2,4,0,3,16,7058,2014,7058,6.4,4,10.4,,,,,,,,,,,,,,,,,,,,,,,,,,,0,0,0,2,0,0,0,282,,,
13586073,N,N,N,N,N,N,N,11/4/2013,9:02 PM,13-009707,,43,285,N,Y,,,19,,,1,5300,S,LAKE FOREST,DR,N,N,40,N,N,,N,19,,,1,5000,,VALLIANCE,DR,,,,,,,2,4,0,,1,2,20,9:36 PM,DISPATCH,9:41 PM,11/4/2013,Y,TX0430500,1759,,,245,8,2,4,21,64,9,1,5,1,21,21,43,285,33.14844017,-96.68081258,,,,,S LAKE FOREST DR,,,,,,,,,,,,,,,Y,N,N,5,8,Y,MON,,,,,,,,,,,,,,,,,,,,,,,,,,,,,,,,,,,,,,,,,,,,,,,,,,,,,,,,0,0,0,3,0,0,0,282,,,