Crash_ID,Crash_Fatal_Fl,Cmv_Involv_Fl,Schl_Bus_Fl,Rr_Relat_Fl,Medical_Advisory_Fl,Amend_Supp_Fl,Active_School_Zone_Fl,Crash_Date,Crash_Time,Case_ID,Local_Use,Rpt_CRIS_Cnty_ID,Rpt_City_ID,Rpt_Outside_City_Limit_Fl,Thousand_Damage_Fl,Rpt_Latitude,Rpt_Longitude,Rpt_Rdwy_Sys_ID,Rpt_Hwy_Num,Rpt_Hwy_Sfx,Rpt_Road_Part_ID,Rpt_Block_Num,Rpt_Street_Pfx,Rpt_Street_Name,Rpt_Street_Sfx,Private_Dr_Fl,Toll_Road_Fl,Crash_Speed_Limit,Road_Constr_Zone_Fl,Road_Constr_Zone_Wrkr_Fl,Rpt_Street_Desc,At_Intrsct_Fl,Rpt_Sec_Rdwy_Sys_ID,Rpt_Sec_Hwy_Num,Rpt_Sec_Hwy_Sfx,Rpt_Sec_Road_Part_ID,Rpt_Sec_Block_Num,Rpt_Sec_Street_Pfx,Rpt_Sec_Street_Name,Rpt_Sec_Street_Sfx,Rpt_Ref_Mark_Offset_Amt,Rpt_Ref_Mark_Dist_Uom,Rpt_Ref_Mark_Dir,Rpt_Ref_Mark_Nbr,Rpt_Sec_Street_Desc,Rpt_CrossingNumber,Wthr_Cond_ID,Light_Cond_ID,Entr_Road_ID,Road_Type_ID,Road_Algn_ID,Surf_Cond_ID,Traffic_Cntl_ID,Investigat_Notify_Time,Investigat_Notify_Meth,Investigat_Arrv_Time,Report_Date,Investigat_Comp_Fl,ORI_Number,Investigat_Agency_ID,Investigat_Area_ID,Investigat_District_ID,Investigat_Region_ID,Bridge_Detail_ID,Harm_Evnt_ID,Intrsct_Relat_ID,FHE_Collsn_ID,Obj_Struck_ID,Othr_Factr_ID,Road_Part_Adj_ID,Road_Cls_ID,Road_Relat_ID,Phys_Featr_1_ID,Phys_Featr_2_ID,Cnty_ID,City_ID,Latitude,Longitude,Hwy_Sys,Hwy_Nbr,Hwy_Sfx,Dfo,Street_Name,Street_Nbr,Control,Section,Milepoint,Ref_Mark_Nbr,Ref_Mark_Displ,Hwy_Sys_2,Hwy_Nbr_2,Hwy_Sfx_2,Street_Name_2,Street_Nbr_2,Control_2,Section_2,Milepoint_2,Txdot_Rptable_Fl,Onsys_Fl,Rural_Fl,Crash_Sev_ID,Pop_Group_ID,Located_Fl,Day_of_Week,Hwy_Dsgn_Lane_ID,Hwy_Dsgn_Hrt_ID,Hp_Shldr_Left,Hp_Shldr_Right,Hp_Median_Width,Base_Type_ID,Nbr_Of_Lane,Row_Width_Usual,Roadbed_Width,Surf_Width,Surf_Type_ID,Curb_Type_Left_ID,Curb_Type_Right_ID,Shldr_Type_Left_ID,Shldr_Width_Left,Shldr_Use_Left_ID,Shldr_Type_Right_ID,Shldr_Width_Right,Shldr_Use_Right_ID,Median_Type_ID,Median_Width,Rural_Urban_Type_ID,Func_Sys_ID,Adt_Curnt_Amt,Adt_Curnt_Year,Adt_Adj_Curnt_Amt,Pct_Single_Trk_Adt,Pct_Combo_Trk_Adt,Trk_Aadt_Pct,Curve_Type_ID,Curve_Lngth,Cd_Degr,Delta_Left_Right_ID,Dd_Degr,Feature_Crossed,Structure_Number,I_R_Min_Vert_Clear,Approach_Width,Bridge_Median_ID,Bridge_Loading_Type_ID,Bridge_Loading_In_1000_Lbs,Bridge_Srvc_Type_On_ID,Bridge_Srvc_Type_Under_ID,Culvert_Type_ID,Roadway_Width,Deck_Width,Bridge_Dir_Of_Traffic_ID,Bridge_Rte_Struct_Func_ID,Bridge_IR_Struct_Func_ID,CrossingNumber,RRCo,Poscrossing_ID,WDCode_ID,Standstop,Yield,Incap_Injry_Cnt,Nonincap_Injry_Cnt,Poss_Injry_Cnt,Non_Injry_Cnt,Unkn_Injry_Cnt,Tot_Injry_Cnt,Death_Cnt,MPO_ID,Investigat_Service_ID,Investigat_DA_ID,Investigator_Narrative
13631589,N,N,N,N,N,N,N,12/8/2013,7:51 AM,13-342070,,71,136,N,Y,,,1,10,,1,22,,I 10 E TO ALAMAGORDO,,N,N,60,N,N,RAMP J,N,2,54,,,,,US 54,,,,,,,,11,1,0,2,5,6,20,7:52 AM,DISPATCHED,8:07 AM,12/8/2013,Y,TX0710200,1259,,,,8,7,4,1,39,1,1,1,4,21,21,71,136,31.77749825,-106.4424133,IH,10,,22.517,IH0010,,2121,2,23.207,22,0.395,,,,,,,,,Y,Y,N,5,9,Y,SUN,5,0,10,10,41,2,7,300,125,84,5,0,1,2,20,5,2,21,5,2,21,4,11,148528,2014,148528,3.2,4.6,7.8,,,,,,,,,,,,,,,,,,,,,,,,,,,0,0,0,1,0,0,0,66,,,
13632118,N,N,N,N,N,N,N,12/5/2013,7:38 AM,13-339028,,71,136,N,Y,,,1,10,,4,,,I 10 HWY EB,HWY,N,N,60,N,N,"4LN, 1WY, EXIT",N,19,,,4,6800,,GATEWAY EAST,BLVD,,,,,"3LN, 1WY",,2,1,0,,7,2,20,7:38 AM,ON VIEW/ROLLED UP,7:43 AM,12/5/2013,Y,TX0710200,1259,,,212,8,7,2,1,45,54,4,1,4,21,21,71,136,,,IH,10,,,IH0010,,,,,,,,,,GATEWAY EAST BLVD,,,,,Y,Y,N,2,9,N,THU,,,,,,,,,,,,,,,,,,,,,,,,,,,,,,,,,,,,,,,,,,,,,,,,,,,,,,,,0,1,1,1,0,2,0,,,,
13632614,N,N,N,N,N,N,N,10/31/2013,3:24 PM,13-00487,,227,330,N,Y,,,4,1825,,1,2000,W,PECAN ST,,N,N,50,N,N,,N,19,,,1,15800,,PARKWAY DR,,,,,,,,11,1,2,3,1,1,8,3:25 PM,911,3:30 PM,10/31/2013,Y,TX2270900,1925,135,95,66,8,2,2,20,64,42,1,3,1,21,21,227,330,30.4462358,-97.6465944,FM,1825,,1.768,FM1825,2002,1902,1,1.046,540,1.515,,,,PARKWAY DR,,,,,Y,Y,N,5,7,Y,THU,2,0,8,8,0,2,4,120,78,62,4,0,0,2,8,5,2,8,5,0,0,4,16,26490,2014,26490,1.3,1.7,3,,,,,,,,,,,,,,,,,,,,,,,,,,,0,0,0,2,0,0,0,90,,,
13633491,N,N,N,N,N,Y,Y,12/2/2013,4:02 PM,13-0316/13-014962,13-12-0273,108,121,N,Y,,,4,493,,1,300,N,493,,N,N,25,N,N,BLACK TOP,N,19,,,1,1900,,WOOD,AVE,,,,,BLACK TOP,,11,1,0,3,1,1,8,4:02 PM,RADIO,4:04 PM,12/2/2013,Y,TX1080200,1213,12,81,106,8,2,1,14,64,54,1,3,1,21,21,108,121,26.17381629,-98.04216661,FM,493,,22.225,FM0493,307,863,1,22.683,726,0.199,,,,WOOD AVE,,,,,Y,Y,N,3,5,Y,MON,2,0,10,10,0,2,4,100,84,62,4,2,2,2,10,5,2,10,5,0,0,4,16,18624,2014,18624,2.4,2.9,5.3,,,,,,,,,,,,,,,,,,,,,,,,,,,0,0,3,0,0,3,0,230,,,
13633753,N,N,N,N,N,N,N,11/11/2013,8:24 PM,13-23115,,161,442,N,Y,,,1,35,,1,300,N,JACK KULTGEN,EXPY,N,N,65,N,N,,N,,,,,,,NOT REPORTED,,0.25,M,N,335C,,,11,4,0,,6,1,1,8:26 PM,DISPATCH,8:32 PM,11/11/2013,Y,TX1551200,2372,,,100,8,2,4,21,64,30,1,1,1,21,21,161,442,,,IH,35,,,IH0035,,,,,,,,,,NOT REPORTED,,,,,Y,Y,N,5,8,N,MON,,,,,,,,,,,,,,,,,,,,,,,,,,,,,,,,,,,,,,,,,,,,,,,,,,,,,,,,0,0,0,7,0,0,0,,,,
13634257,N,N,N,N,N,N,N,12/10/2013,12:28 PM,13-344109,,71,136,N,N,,,19,,,1,,,LOOP 375,,N,N,60,N,N,,N,19,,,1,,,VISTA DEL SOL,,,,,,,,11,1,0,2,1,1,20,12:31 PM,DISPATCHED,12:40 PM,12/10/2013,Y,TX0710200,1259,,,213,8,7,4,1,39,25,1,2,4,21,21,71,136,31.74138607,-106.2675743,SL,375,,29.813,SL0375,,2552,3,9.263,41,0.422,,,,,,,,,N,Y,N,5,9,Y,TUE,5,0,22,10,34,8,4,400,112,48,5,1,1,2,32,5,2,32,5,2,2,4,12,46455,2014,46455,2.1,3.9,6,,,,,,,,,,,,,,,,,,,,,,,,,,,0,0,0,1,0,0,0,66,,,
13637577,N,N,N,N,N,N,N,12/12/2013,4:15 PM,13-346233,,71,136,N,Y,31.78351,-106.40732,19,,,1,1200,,GERONIMO,DR,N,N,35,N,N,,Y,19,,,1,6000,,MONTANA,AVE,,,,,,,12,1,4,2,1,2,5,6:08 PM,DISPATCHED,6:13 PM,12/12/2013,N,TX0710200,1259,,,190,8,2,1,20,64,36,1,2,1,21,21,71,136,31.78571671,-106.412806,US,62,,5.673,US0062,,374,2,12.96,24,-0.158,,,,GERONIMO DR,,,,,Y,Y,N,5,9,Y,THU,3,0,0,0,24,2,6,168,64,64,4,1,1,1,0,0,1,0,0,1,24,4,14,14830,2014,14830,2.3,1.2,3.4,,,,,,,,,,,,,,,,,,,,,,,,,,,0,0,0,1,1,0,0,66,,,
13637939,N,N,N,N,N,N,N,10/21/2013,8:51 AM,132940500,,227,22,N,Y,,,3,360,,2,3600,,NOT REPORTED,,N,N,55,N,N,3600 S. CAPITOL OF TEXAS HWY NB,N,19,,,,3200,S,3200 S MOPAC EXPY SVRD NB,RD,,,,,3200 S. MOPAC EXPY SVRD NB,,11,1,0,2,1,1,20,8:57 AM,DISPATCH,9:04 AM,10/21/2013,Y,TX2270100,74,1043,93,112,8,2,4,21,64,9,2,2,1,21,21,227,22,30.24698644,-97.80360311,SL,360,,12.809,SL0360,,113,13,23.82,444,0.78,,,,,,,,,Y,Y,N,5,9,Y,MON,3,0,4,10,56,2,4,350,76,48,4,0,0,2,8,5,2,20,5,3,48,4,14,69369,2014,69369,2.3,0.4,2.7,1,105,2,2,11,,,,,,,,,,,,,,,,,,,,,,0,0,0,2,0,0,0,90,,,
13638951,N,Y,N,N,N,N,N,12/5/2013,5:15 PM,B137977,1340620,130,41,N,Y,,,3,46,,1,1500,,RIVER,RD,N,N,45,N,N,,Y,19,,,1,100,,CHARGER,BLVD,,,,,,,11,4,0,,1,1,5,5:24 PM,RADIO,5:30 PM,12/5/2013,Y,TX1300100,135,,215,40,8,2,3,23,64,14,7,9,5,32,21,130,41,,,SH,46,,,SH0046,,,,,,,,,,,,,,,N,Y,N,5,5,N,THU,,,,,,,,,,,,,,,,,,,,,,,,,,,,,,,,,,,,,,,,,,,,,,,,,,,,,,,,0,0,0,3,0,0,0,,,,
13639316,N,N,N,N,N,N,N,12/11/2013,6:35 AM,2013-15677,,220,1785,Y,Y,32.97706,-97.42342,2,287,,3,13573,,US 81 US 287,,N,N,65,N,N,,N,19,,,1,2600,,AVONDALE HASLET,RD,,,,,,,11,3,3,2,2,6,20,6:38 AM,DISPATCH,6:56 AM,12/11/2013,Y,TX2200000,2213,22,320,306,8,7,4,1,23,54,3,2,2,21,21,220,1785,32.97176528,-97.42135175,US,81,,72.969,US0081,,14,15,1.421,266,-0.601,,,,,,,,,Y,Y,Y,5,0,Y,WED,5,0,6,10,60,2,4,374,80,48,6,0,0,2,12,5,2,20,5,3,48,4,12,27894,2014,27894,3,28.9,31.9,1,584,1,1,30,,,,,,,,,,,,,,,,,,,,,,0,0,0,1,0,0,0,282,,,
13639386,N,N,N,N,N,N,N,12/12/2013,6:10 PM,13-00356,,90,322,N,Y,,,19,,,1,2100,N,HOBART ST,,N,N,40,N,N,,N,19,,,1,900,W,21ST AVE,,,,,,,,11,4,3,,1,1,8,6:16 PM,RADIO,6:21 PM,12/12/2013,Y,TX0900200,1901,,,35,8,2,2,22,64,38,1,5,1,21,21,90,322,35.55865136,-100.971941,,,,,N HOBART ST,,,,,,,,,,W 21ST AVE,,,,,Y,N,N,5,5,Y,THU,,,,,,,,,,,,,,,,,,,,,,,,,,,,,,,,,,,,,,,,,,,,,,,,,,,,,,,,0,0,0,2,0,0,0,,,,
13639787,N,N,N,N,N,N,N,11/27/2013,9:25 AM,13-24158,,161,442,N,Y,,,19,,,1,900,,HERRING,AVE,N,N,40,N,N,,N,19,,,1,2100,,J J FLEWELLEN,AVE,,,,,,,11,1,0,,1,1,5,9:32 AM,DISPATCHED,9:42 AM,11/27/2013,N,TX1551200,2372,,,100,8,2,2,22,64,47,1,5,1,21,21,161,442,31.58312326,-97.13475503,,,,,HERRING AVE,,,,,,,,,,JJ FLEWELLEN RD,,,,,Y,N,N,5,8,Y,WED,,,,,,,,,,,,,,,,,,,,,,,,,,,,,,,,,,,,,,,,,,,,,,,,,,,,,,,,0,0,0,1,1,0,0,140,,,
13639800,N,N,N,N,N,N,N,11/29/2013,11:46 AM,13-24273,,161,442,N,Y,,,19,,,1,1500,N,25TH,ST,N,N,30,N,N,,Y,19,,,1,2400,,COLCORD,AVE,,,,,,,11,1,2,,1,1,5,11:48 AM,DISPATCHED,11:54 AM,11/29/2013,Y,TX1551200,2372,,,100,8,2,1,10,29,54,1,5,1,21,21,161,442,31.55294451,-97.16228255,,,,,N 25TH ST,1599,,,,,,,,,COLCORD ST,,,,,Y,N,N,5,8,Y,FRI,,,,,,,,,,,,,,,,,,,,,,,,,,,,,,,,,,,,,,,,,,,,,,,,,,,,,,,,0,0,0,2,0,0,0,140,,,
13640010,N,N,N,N,N,N,N,11/14/2013,4:05 PM,13-14285,,161,34,N,Y,,,1,35,,7,801,N,IH35 ACCESS,,N,N,0,N,N,801 N IH35 ACCESS,Y,3,84,,7,2600,,BELLMEAD,DR,,,,,2600 BELLMEAD DR,,11,8,98,,7,1,17,4:06 PM,DISPATCH,4:20 PM,11/14/2013,Y,TX1550100,110,,53,100,8,2,4,45,64,12,7,9,5,33,21,161,34,,,IH,35,,,IH0035,,,,,,,,,,,,,,,N,Y,N,5,4,N,THU,,,,,,,,,,,,,,,,,,,,,,,,,,,,,,,,,,,,,,,,,,,,,,,,,,,,,,,,0,0,0,4,0,0,0,,,,
13640718,Y,N,N,N,N,N,N,12/7/2013,2:39 AM,13-038191,,240,254,N,Y,,,19,,,1,400,,CUATRO VIENTOS,RD,N,N,50,N,N,,N,3,359,,1,4500,N,STATE HIGHWAY 359,HWY,,,,,,,11,4,0,2,5,1,11,2:39 AM,RADIO DISPATCHED,2:44 AM,12/7/2013,Y,TX2400100,1644,,,17,8,7,4,1,39,54,1,2,4,21,21,240,254,27.49223547,-99.44385457,SS,259,,0.358,SS0259,,3631,1,1.357,638,0.339,,,,,,,,,Y,Y,N,4,8,Y,SAT,3,0,16,4,120,2,4,195,76,48,5,1,2,2,20,5,2,8,5,3,100,4,14,36373,2014,36373,2.4,4.5,6.9,,,,,,,,,,,,,,,,,,,,,,,,,,,1,0,0,0,0,1,1,205,,,
13642476,N,N,N,N,N,N,N,12/12/2013,7:12 PM,13CP076717,,220,86,N,Y,32.8666,-97.124,3,26,,1,3900,,NOT REPORTED,BLVD,N,N,45,N,N,,N,19,,,1,200,W,CREEK SPARGER,RD,,,,,,,11,3,0,3,1,1,20,7:13 PM,DISPATCH,7:19 PM,12/12/2013,Y,TX2204000,302,,,150,8,2,4,22,64,36,1,2,1,21,21,220,86,32.86727476,-97.17203416,SH,26,,6.084,SH0026,3888,363,1,8.606,566,0.095,,,,,,,,,Y,Y,N,1,5,Y,THU,2,0,4,4,0,2,5,100,63,55,4,0,0,2,4,5,2,4,5,0,0,4,14,21519,2014,21519,2.5,0.4,2.9,,,,,,,,,,,,,,,,,,,,,,,,,,,1,0,0,3,0,1,0,282,,,
13642581,N,N,N,N,N,N,N,11/27/2013,1:45 PM,13-00902,,108,382,N,Y,,,19,,,1,400,N,NEBRASKA,RD,Y,N,5,N,N,,N,2,,,1,100,W,EXPRESSWAY 83,,,,,,,,11,1,0,,1,1,17,1:51 PM,RADIO,1:55 PM,11/27/2013,Y,TX1081300,2083,,,35,8,2,4,40,64,12,7,9,5,33,21,108,382,,,,,,,N NEBRASKA RD,,,,,,,,,,,,,,,N,N,N,5,6,N,WED,,,,,,,,,,,,,,,,,,,,,,,,,,,,,,,,,,,,,,,,,,,,,,,,,,,,,,,,0,0,0,2,0,0,0,,,,
13642603,N,N,N,N,N,N,N,11/19/2013,12:05 AM,13-00847,,108,382,N,N,,,19,,,1,4300,S,STEWART,RD,N,N,55,N,N,,N,19,,,1,,,4500 JUAN BALLI,,,,,,,,11,3,4,1,1,1,8,12:10 AM,RADIO,12:32 AM,11/19/2013,Y,TX1081300,2083,,,33,8,10,4,1,1,3,1,3,2,21,21,108,382,26.12972907,-98.15683038,FM,2557,,4.536,FM2557,4300,1429,1,14.088,728,0.595,,,,,,,,,Y,Y,N,3,6,Y,TUE,2,0,0,0,0,2,2,80,24,24,4,0,0,1,0,0,1,0,0,0,0,4,17,3991,2014,3991,4.1,28,32,,,,,,,,,,,,,,,,,,,,,,,,,,,0,0,1,0,0,1,0,230,,,
13642848,N,N,N,N,N,N,N,10/14/2013,3:25 PM,13-00748,,108,382,N,Y,,,2,83,,1,200,E,EXPRESSWAY 83,,N,N,70,N,N,,N,2,,,1,800,N,RAUL LONGORIA,,,,,,,,11,1,0,3,1,1,1,3:29 PM,RADIO,3:33 PM,10/14/2013,Y,TX1081300,2083,,,,8,7,4,1,56,35,1,2,2,21,21,108,382,26.18943198,-98.15488023,BU,83,S,18.001,BU0083S,60,39,4,1.786,516,0.04,,,,,,,,,Y,Y,N,5,6,Y,MON,2,0,0,8,0,2,4,90,75,64,4,2,2,1,0,0,2,8,5,0,0,4,14,11087,2014,11087,1.3,0.2,1.5,,,,,,,,,,,,,,,,,,,,,,,,,,,0,0,0,1,0,0,0,230,,,
13642995,N,Y,N,N,N,N,N,11/22/2013,2:44 PM,13-00855,,108,382,N,Y,,,2,83,,1,100,W,EXPRESSWAY 83,,N,N,65,N,N,,N,19,,,1,800,N,RAUL LONGORIA,RD,,,,,,,2,1,98,3,1,2,11,2:45 PM,RADIO,2:47 PM,11/22/2013,Y,TX1081300,2083,,,27,8,2,4,20,64,54,1,2,1,21,21,108,382,26.18953695,-98.15563487,BU,83,S,17.954,BU0083S,20,39,4,1.739,516,-0.007,,,,,,,,,Y,Y,N,5,6,Y,FRI,2,0,0,8,0,2,4,90,75,64,4,2,2,1,0,0,2,8,5,0,0,4,14,11087,2014,11087,1.3,0.2,1.5,,,,,,,,,,,,,,,,,,,,,,,,,,,0,0,0,3,0,0,0,230,,,
13645854,N,N,N,N,N,N,N,12/11/2013,2:10 AM,13-44757,,152,270,N,Y,,,19,,,7,5100,,69TH,ST,Y,N,30,N,N,,N,19,,,1,6800,,SLIDE,RD,,,,,,,11,4,98,,2,1,17,4:23 AM,POLICE RADIO,4:28 AM,12/11/2013,N,TX1520200,1706,,,,8,2,4,40,64,12,7,9,5,33,21,152,270,,,,,,,69TH ST,,,,,,,,,,,,,,,N,N,N,2,8,N,WED,,,,,,,,,,,,,,,,,,,,,,,,,,,,,,,,,,,,,,,,,,,,,,,,,,,,,,,,0,1,0,1,1,1,0,,,,
13646480,N,N,N,N,N,N,N,12/11/2013,10:30 AM,312769A,,57,107,N,Y,,,19,,,2,5801,,MARVIN D LOVE,FWY,N,N,5,N,N,PARKING LOT,N,19,,,,5800,S,HAMPTON,RD,,,,,,,12,1,0,,1,1,17,10:45 AM,FLAGGED DOWN,10:45 AM,12/23/2013,Y,TX0000006,2471,,,27,8,2,4,46,64,12,7,9,5,33,21,57,107,,,,,,,MARVIN D LOVE FWY,,,,,,,,,,,,,,,N,N,N,2,9,N,WED,,,,,,,,,,,,,,,,,,,,,,,,,,,,,,,,,,,,,,,,,,,,,,,,,,,,,,,,0,1,0,5,0,1,0,,,,
13649173,N,N,N,N,N,N,N,11/13/2013,1:44 PM,130157266,2000572,101,208,N,Y,29.93187,-95.38396,19,,,1,650,E,ALDINE BENDER,RD,N,N,50,N,N,,N,19,,,,,,HENRY RD,,,,,,,,11,1,0,3,1,1,1,1:44 PM,ON SIGHT,1:44 PM,11/13/2013,Y,TX1013100,2741,39,270,119,8,2,4,22,64,36,1,3,1,21,21,101,208,29.93181546,-95.39892632,FM,525,,0.808,FM0525,324,1005,1,0.808,676,0.664,,,,,,,,,Y,Y,N,5,9,Y,WED,2,0,0,0,0,3,6,110,82,82,5,2,2,1,0,0,1,0,0,0,0,4,16,21063,2014,21063,3.9,1.4,5.2,,,,,,,,,,,,,,,,,,,,,,,,,,,0,0,0,2,0,0,0,15,,,
13652684,N,N,N,N,N,N,N,11/22/2013,8:09 PM,133261744,,227,22,N,Y,,,11,1,,1,,,NOT REPORTED,,N,N,65,N,N,S MOPAC EXPY,N,19,,,,,,CONVICT HILL,RD,,,,,,,2,4,0,,4,2,1,8:11 PM,DISPATCH,8:16 PM,11/22/2013,Y,TX2270100,74,1043,93,112,8,7,4,1,39,1,1,2,4,21,21,227,22,,,SL,1,,,SL0001,,,,,,,,,,,,,,,Y,Y,N,2,9,N,FRI,,,,,,,,,,,,,,,,,,,,,,,,,,,,,,,,,,,,,,,,,,,,,,,,,,,,,,,,0,1,0,3,0,1,0,,,,
13655687,N,N,N,N,N,N,N,11/23/2013,6:10 PM,13-3271241,,227,22,N,Y,,,1,35,,2,12726,N,SVRD SB,,N,N,0,N,N,,N,19,,,,,,PARMER,LN,,,,,,,11,4,0,2,1,1,5,6:12 PM,DISPATCH,6:50 PM,11/23/2013,Y,TX2270100,74,12,46,64,8,2,4,22,64,42,2,1,1,21,21,227,22,30.40822011,-97.67459503,IH,35,,244.8,IH0035,,15,13,28.376,245,0.338,,,,,,,,,Y,Y,N,3,9,Y,SAT,5,0,6,10,11,2,6,300,100,72,4,0,0,2,8,5,2,20,5,2,3,4,11,139928,2014,139928,3.3,9.4,12.7,,,,,,,,,,,,,,,,,,,,,,,,,,,0,0,1,4,0,1,0,90,,,
13655837,N,N,N,N,N,N,N,11/21/2013,5:09 PM,133251322,,227,22,N,Y,,,19,,,1,,,FRONTIER VALLEY,,N,N,0,N,N,,Y,19,,,,,E,RIVERSIDE WB,,,,,,,,11,1,2,,1,1,8,5:09 PM,CFS,5:14 PM,11/21/2013,Y,TX2270100,74,20,98,129,8,2,1,14,39,54,1,5,1,21,21,227,22,30.22261479,-97.69779248,,,,,FRONTIER VALLEY DR,1899,,,,,,,,,E RIVERSIDE DR,,,,,Y,N,N,2,9,Y,THU,,,,,,,,,,,,,,,,,,,,,,,,,,,,,,,,,,,,,,,,,,,,,,,,,,,,,,,,0,2,0,2,0,2,0,90,,,
13661158,N,N,N,N,N,N,N,11/15/2013,4:20 PM,13-41745,,152,270,N,Y,,,19,,,1,400,,TEXAS TECH,PKWY,N,N,30,N,N,,Y,19,,,1,3800,,4TH,ST,,,,,,,11,1,4,3,1,1,5,4:20 PM,POLICE RADIO,4:27 PM,11/15/2013,Y,TX1520200,1706,,,,8,2,1,24,64,54,1,3,1,21,21,152,270,33.59232171,-101.8962013,FM,2255,,7.534,FM2255,,2256,1,7.533,292,0.583,,,,TEXAS TECH PKWY,,,,,Y,Y,N,5,8,Y,FRI,2,0,2,2,0,2,4,120,56,52,2,0,0,3,2,5,3,2,5,0,0,4,14,19036,2014,19036,2.2,3.4,5.7,,,,,,,,,,,,,,,,,,,,,,,,,,,0,0,0,2,0,0,0,122,,,
13661422,N,N,N,N,N,N,N,12/6/2013,11:23 AM,13-3400650,,227,22,N,Y,,,19,,,1,8600,,RESEARCH NB,BLVD,N,N,65,N,N,,N,19,,,,,,OHLEN,RD,,,,,,,12,1,0,,1,2,20,11:25 AM,DISPATCHED,11:34 AM,12/6/2013,Y,TX2270100,74,,,268,8,2,4,22,64,42,1,5,1,21,21,227,22,30.36265105,-97.71759452,,,,,RESEARCH BLVD,,,,,,,,,,,,,,,Y,N,N,3,9,Y,FRI,,,,,,,,,,,,,,,,,,,,,,,,,,,,,,,,,,,,,,,,,,,,,,,,,,,,,,,,0,0,1,2,0,1,0,90,,,
13664414,N,N,N,N,N,N,N,10/26/2013,7:50 AM,130148319,1011372,101,1666,Y,Y,,,1,10,,2,16121,E,EAST,,N,N,50,N,N,,N,15,,,,,,AVE C,RD,,,,,,,11,1,0,,1,1,20,7:59 AM,DISPATCHED,8:09 AM,10/26/2013,Y,TX1010000,1419,282,4,5,8,2,4,21,64,9,2,1,1,21,21,101,1666,,,IH,10,,,IH0010,,,,,,,,,,,,,,,Y,Y,Y,5,0,N,SAT,,,,,,,,,,,,,,,,,,,,,,,,,,,,,,,,,,,,,,,,,,,,,,,,,,,,,,,,0,0,0,2,0,0,0,,,,
13667765,N,N,N,N,N,N,N,12/4/2013,7:40 PM,130167700,1026621,101,1666,Y,Y,,,15,,,1,3443,,ADDICKS CLODINE,RD,Y,N,0,N,N,2 LANE PAVED DIVIDED COUNTY ROADWAY,N,15,,,,,,ADDICKS CLODINE,,,,,,,,11,4,0,,1,1,1,7:07 PM,DISPATCHED,7:51 PM,12/4/2013,N,TX1010000,1419,100,4,5,8,7,4,1,36,54,7,9,5,33,21,101,1666,,,,,,,ADDICKS CLODINE RD,,,,,,,,,,,,,,,N,N,Y,5,0,N,WED,,,,,,,,,,,,,,,,,,,,,,,,,,,,,,,,,,,,,,,,,,,,,,,,,,,,,,,,0,0,0,2,0,0,0,,,,
13676062,N,N,N,N,N,N,N,11/8/2013,4:28 PM,13-40845,,152,270,N,Y,,,19,,,1,2300,,50TH,ST,N,N,40,N,N,,Y,19,,,1,4900,,W,AVE,,,,,,,11,1,4,,1,1,20,4:31 PM,POLICE RADIO,4:46 PM,11/8/2013,Y,TX1520200,1706,,,,8,2,1,14,64,54,1,5,1,21,21,152,270,33.54876434,-101.8660613,,,,,50TH ST,2300,,,,,,,,,UNKNOWN,,,,,Y,N,N,5,8,Y,FRI,,,,,,,,,,,,,,,,,,,,,,,,,,,,,,,,,,,,,,,,,,,,,,,,,,,,,,,,0,0,0,5,0,0,0,122,,,
13697723,N,N,N,N,N,N,N,10/31/2013,4:45 PM,13-304254,,71,136,N,N,31.79564,-106.51041,19,,,1,4200,N,MESA,ST,N,N,0,N,N,,N,19,,,1,100,,EXCECUTIVE CENTER,,,,,,,,11,1,98,2,1,1,11,6:30 PM,DISPATCHED,6:38 PM,10/31/2013,N,TX0710200,1259,,,103,8,2,4,21,64,8,1,2,1,21,21,71,136,31.79533292,-106.511106,SH,20,,17.049,SH0020,4200,1,2,17.147,326,-0.878,,,,,,,,,N,Y,N,5,9,Y,THU,3,0,0,0,24,2,6,150,72,72,4,1,1,1,0,0,1,0,0,1,24,4,14,29400,2014,29400,5.2,3.8,9.1,1,127,8,1,53,,,,,,,,,,,,,,,,,,,,,,0,0,0,1,1,0,0,66,,,
13708571,N,N,N,N,N,N,N,11/19/2013,12:48 PM,1342188,,152,270,N,Y,,,2,62,,1,1700,,19TH,ST,N,N,45,N,N,,N,3,84,,1,1900,,AVE Q,AVE,,,,,,,11,1,4,3,1,1,5,12:54 PM,RADIO CALL,12:54 PM,11/19/2013,Y,TX1520200,1706,,,,8,2,2,22,64,42,1,2,1,21,21,152,270,33.57781219,-101.8552628,US,62,,233.101,US0062,1901,130,5,18.034,330,-0.73,US,84,,US0084,,,,,Y,Y,N,5,8,Y,TUE,2,0,8,8,0,2,4,90,78,62,4,1,1,2,8,2,2,8,2,0,0,4,14,13530,2014,13530,8.2,6.4,14.6,,,,,,,,,,,,,,,,,,,,,,,,,,,0,0,0,2,0,0,0,122,,,
13715677,N,N,N,N,N,N,N,11/17/2013,8:53 PM,133211636,,227,22,N,Y,,,19,,,1,,W,BRAHER,LN,N,N,0,N,N,,Y,19,,,,,,KRAMER,LN,,,,,,,11,4,4,,1,1,5,8:53 PM,DISPATCHED,8:57 PM,11/17/2013,Y,TX2270100,74,,46,64,8,2,1,10,64,54,1,5,1,21,21,227,22,30.39091778,-97.71405155,,,,,KRAMER LN,,,,,,,,,,UNKNOWN,,,,,Y,N,N,3,9,Y,SUN,,,,,,,,,,,,,,,,,,,,,,,,,,,,,,,,,,,,,,,,,,,,,,,,,,,,,,,,0,0,1,1,0,1,0,90,,,