Crash_ID,Crash_Fatal_Fl,Cmv_Involv_Fl,Schl_Bus_Fl,Rr_Relat_Fl,Medical_Advisory_Fl,Amend_Supp_Fl,Active_School_Zone_Fl,Crash_Date,Crash_Time,Case_ID,Local_Use,Rpt_CRIS_Cnty_ID,Rpt_City_ID,Rpt_Outside_City_Limit_Fl,Thousand_Damage_Fl,Rpt_Latitude,Rpt_Longitude,Rpt_Rdwy_Sys_ID,Rpt_Hwy_Num,Rpt_Hwy_Sfx,Rpt_Road_Part_ID,Rpt_Block_Num,Rpt_Street_Pfx,Rpt_Street_Name,Rpt_Street_Sfx,Private_Dr_Fl,Toll_Road_Fl,Crash_Speed_Limit,Road_Constr_Zone_Fl,Road_Constr_Zone_Wrkr_Fl,Rpt_Street_Desc,At_Intrsct_Fl,Rpt_Sec_Rdwy_Sys_ID,Rpt_Sec_Hwy_Num,Rpt_Sec_Hwy_Sfx,Rpt_Sec_Road_Part_ID,Rpt_Sec_Block_Num,Rpt_Sec_Street_Pfx,Rpt_Sec_Street_Name,Rpt_Sec_Street_Sfx,Rpt_Ref_Mark_Offset_Amt,Rpt_Ref_Mark_Dist_Uom,Rpt_Ref_Mark_Dir,Rpt_Ref_Mark_Nbr,Rpt_Sec_Street_Desc,Rpt_CrossingNumber,Wthr_Cond_ID,Light_Cond_ID,Entr_Road_ID,Road_Type_ID,Road_Algn_ID,Surf_Cond_ID,Traffic_Cntl_ID,Investigat_Notify_Time,Investigat_Notify_Meth,Investigat_Arrv_Time,Report_Date,Investigat_Comp_Fl,ORI_Number,Investigat_Agency_ID,Investigat_Area_ID,Investigat_District_ID,Investigat_Region_ID,Bridge_Detail_ID,Harm_Evnt_ID,Intrsct_Relat_ID,FHE_Collsn_ID,Obj_Struck_ID,Othr_Factr_ID,Road_Part_Adj_ID,Road_Cls_ID,Road_Relat_ID,Phys_Featr_1_ID,Phys_Featr_2_ID,Cnty_ID,City_ID,Latitude,Longitude,Hwy_Sys,Hwy_Nbr,Hwy_Sfx,Dfo,Street_Name,Street_Nbr,Control,Section,Milepoint,Ref_Mark_Nbr,Ref_Mark_Displ,Hwy_Sys_2,Hwy_Nbr_2,Hwy_Sfx_2,Street_Name_2,Street_Nbr_2,Control_2,Section_2,Milepoint_2,Txdot_Rptable_Fl,Onsys_Fl,Rural_Fl,Crash_Sev_ID,Pop_Group_ID,Located_Fl,Day_of_Week,Hwy_Dsgn_Lane_ID,Hwy_Dsgn_Hrt_ID,Hp_Shldr_Left,Hp_Shldr_Right,Hp_Median_Width,Base_Type_ID,Nbr_Of_Lane,Row_Width_Usual,Roadbed_Width,Surf_Width,Surf_Type_ID,Curb_Type_Left_ID,Curb_Type_Right_ID,Shldr_Type_Left_ID,Shldr_Width_Left,Shldr_Use_Left_ID,Shldr_Type_Right_ID,Shldr_Width_Right,Shldr_Use_Right_ID,Median_Type_ID,Median_Width,Rural_Urban_Type_ID,Func_Sys_ID,Adt_Curnt_Amt,Adt_Curnt_Year,Adt_Adj_Curnt_Amt,Pct_Single_Trk_Adt,Pct_Combo_Trk_Adt,Trk_Aadt_Pct,Curve_Type_ID,Curve_Lngth,Cd_Degr,Delta_Left_Right_ID,Dd_Degr,Feature_Crossed,Structure_Number,I_R_Min_Vert_Clear,Approach_Width,Bridge_Median_ID,Bridge_Loading_Type_ID,Bridge_Loading_In_1000_Lbs,Bridge_Srvc_Type_On_ID,Bridge_Srvc_Type_Under_ID,Culvert_Type_ID,Roadway_Width,Deck_Width,Bridge_Dir_Of_Traffic_ID,Bridge_Rte_Struct_Func_ID,Bridge_IR_Struct_Func_ID,CrossingNumber,RRCo,Poscrossing_ID,WDCode_ID,Standstop,Yield,Incap_Injry_Cnt,Nonincap_Injry_Cnt,Poss_Injry_Cnt,Non_Injry_Cnt,Unkn_Injry_Cnt,Tot_Injry_Cnt,Death_Cnt,MPO_ID,Investigat_Service_ID,Investigat_DA_ID,Investigator_Narrative
13601379,N,N,N,N,N,N,N,12/15/2013,3:01 PM,13-010717,District 5,84,428,N,N,,,4,1764,,1,3600,,EMMETT F LOWRY,EXPY,N,N,50,N,N,3600 FM 1764/ EFL,Y,3,146,,2,1200,N,HWY 146,,,,,,1200 STATE HWY 146 SB FEEDER,,11,1,0,2,1,1,6,3:03 PM,DISPATCHED,3:23 PM,12/16/2013,Y,TX0840900,2239,,,35,8,2,1,10,64,54,2,2,1,21,21,84,428,29.39534187,-94.95109558,SH,146,,108.555,SH0146,,389,6,11.488,514,-0.801,FM,1764,,FM1764,,1607,1,10.427,N,Y,N,5,6,Y,SUN,4,0,12,10,266,9,4,700,92,48,5,0,0,2,16,5,2,18,5,3,250,3,14,11725,2014,11725,5.9,2.7,8.6,,,,,,,,,,,,,,,,,,,,,,,,,,,0,0,0,7,0,0,0,15,,,
13601734,N,N,N,N,N,N,N,12/15/2013,7:52 PM,SAPD13274622,3170,15,379,N,Y,,,19,,,1,140,N,LOOP 1604 WEST,,N,N,45,N,N,,N,19,,,,18700,,STONE OAK,PKWY,,,,,,,11,3,0,2,1,1,1,6:45 PM,DISPATCH,6:49 PM,12/16/2013,Y,TXSPD0000,2473,,29,131,8,2,3,16,64,13,1,2,1,32,21,15,379,29.60876694,-98.49433718,SL,1604,,39.769,SL1604,,2452,2,11.694,528,-0.238,,,,,,,,,Y,Y,N,5,9,Y,SUN,4,0,4,10,48,2,4,300,76,48,4,0,0,2,8,5,2,20,5,3,40,4,12,45375,2014,45375,1.9,8.7,10.7,,,,,,,,,,,,,,,,,,,,,,,,,,,0,0,0,5,0,0,0,28,,,
13601762,N,N,N,N,N,N,N,12/16/2013,4:40 PM,SAPD13275340,3170,15,379,N,Y,,,19,,,1,18700,,STONE OAK,PKWY,N,N,40,N,N,,N,11,1604,,,100,NW,1604,LOOP,,,,,,,11,1,0,,1,1,1,4:55 PM,DISPATCH,5:02 PM,12/16/2013,Y,TXSPD0000,2473,,29,131,8,2,4,34,64,54,1,5,1,14,21,15,379,29.61143148,-98.49326334,,,,,STONE OAK PKWY,,,,,,,,,,,,,,,Y,N,N,5,9,Y,MON,,,,,,,,,,,,,,,,,,,,,,,,,,,,,,,,,,,,,,,,,,,,,,,,,,,,,,,,0,0,0,3,0,0,0,28,,,
13601938,N,N,N,N,N,N,N,12/17/2013,7:45 AM,SAPD13275756,6230,15,379,N,Y,,,19,,,1,3323,SE,MILITARY,,Y,N,-1,N,N,,N,19,,,,3300,SE,MILITARY,DR,,,,,,,11,1,0,,1,1,1,7:55 AM,DISPATCHED,8:05 AM,12/17/2013,N,TXSPD0000,2473,,11,175,8,4,4,5,64,54,7,9,5,33,21,15,379,,,,,,,SE MILITARY,,,,,,,,,,,,,,,N,N,N,5,9,N,TUE,,,,,,,,,,,,,,,,,,,,,,,,,,,,,,,,,,,,,,,,,,,,,,,,,,,,,,,,0,0,0,1,0,0,0,,,,
13602155,N,N,N,N,N,N,N,12/17/2013,10:09 PM,1300084766,,220,141,N,Y,,,3,360,,1,,,NOT REPORTED,,N,N,60,N,N,3-LANE PAVED HIGHWAY,N,19,,,,1600,E,HARWOOD,RD,,,,,EXIT RAMP,,11,3,0,2,1,1,20,10:08 PM,RADIO DISPATCHED,10:12 PM,12/18/2013,Y,TX2200900,1279,,210,24,8,2,4,20,64,54,1,2,1,21,21,220,141,32.85439428,-97.06430097,SH,360,,4.694,SH0360,,2266,2,4.863,260,0.861,,,,,,,,,Y,Y,N,2,7,Y,TUE,5,0,10,10,83,3,6,450,112,72,5,0,0,2,20,5,2,20,5,2,63,4,12,79642,2014,79642,3.4,2.4,5.9,1,538,0,1,14,,,,,,,,,,,,,,,,,,,,,,0,1,0,1,0,1,0,282,,,
13602325,N,N,N,N,N,N,N,12/16/2013,5:01 PM,13122115,,31,53,N,Y,,,3,4,,1,1800,,BOCA CHICA,BLVD,N,N,40,N,N,,N,19,,,,2000,,PALM,BLVD,,,,,,,11,1,0,3,1,1,11,5:01 PM,DISPATCHED,5:07 PM,12/16/2013,Y,TX0310100,172,,211,27,8,2,3,10,64,14,1,2,1,32,21,31,53,25.92236602,-97.49208541,SH,48,,1.27,SH0048,1796,220,5,1.285,560,-0.73,,,,,,,,,Y,Y,N,5,8,Y,MON,2,0,8,8,0,2,4,80,76,60,4,2,2,2,8,5,2,8,5,0,0,4,14,16784,2014,16784,2.5,0.4,2.9,,,,,,,,,,,,,,,,,,,,,,,,,,,0,0,0,3,0,0,0,248,,,
13602405,N,N,N,N,N,N,N,12/13/2013,6:40 PM,13-21739,,92,268,N,Y,,,4,2605,,1,4800,,TENNERYVILLE,RD,N,N,45,N,N,,Y,19,,,1,2900,,LADD,LN,,,,,,,2,3,2,1,1,3,5,6:45 PM,DISPATCHED,6:56 PM,12/13/2013,Y,TX0920500,1691,,,87,8,2,1,22,64,42,1,3,1,21,21,92,268,32.53915597,-94.8094631,FM,2605,,2.38,FM2605,,2622,1,2.379,702,0.377,,,,LADD ST,,,,,Y,Y,N,2,7,Y,FRI,2,0,0,0,0,2,2,100,28,28,4,0,0,1,0,0,1,0,0,0,0,3,16,5704,2014,5704,1.8,0.7,2.4,,,,,,,,,,,,,,,,,,,,,,,,,,,0,1,2,1,0,3,0,361,,,
13602444,N,N,N,N,N,N,N,12/17/2013,9:10 AM,P133510233,,79,1644,Y,Y,,,2,59,,1,11900,,NOT REPORTED,,N,N,65,N,N,,N,19,,,,,,GRUNWALD,,,,,,,,11,1,0,2,1,1,11,9:15 AM,RADIO/DISPATCH,9:19 AM,12/18/2013,Y,TX0790000,1312,,,33,8,7,4,1,20,31,1,2,2,21,21,79,1644,29.4694601,-95.9633807,US,59,,346.321,US0059,,89,9,27.839,556,-0.263,,,,,,,,,Y,Y,Y,5,0,Y,TUE,5,0,6,10,32,9,4,350,80,48,5,0,0,2,12,5,2,20,5,2,20,1,2,31103,2014,31103,6.4,14.6,21,,,,,,,,,,,,,,,,,,,,,,,,,,,0,0,0,1,0,0,0,15,,,
13602609,N,N,N,N,N,N,N,12/17/2013,3:45 PM,SAPD13276066,7260,15,379,N,N,,,19,,,1,7300,,SAN PEDRO,,N,N,35,N,N,,N,19,,,,300,W,RECTOR,,,,,,,,11,1,4,2,1,1,5,3:45 PM,DISPATCHED,3:52 PM,12/17/2013,Y,TXSPD0000,2473,,61,123,8,2,4,22,64,5,1,2,1,21,21,15,379,29.51737209,-98.47844907,US,281,,326.085,US0281,,73,8,19.906,530,0.679,,,,,,,,,N,Y,N,5,9,Y,TUE,5,0,4,10,13,2,6,300,119,85,4,0,0,2,10,5,2,24,5,2,3,4,12,82490,2014,82490,1.8,0.6,2.3,,,,,,,,,,,,,,,,,,,,,,,,,,,0,0,0,3,0,0,0,28,,,
13602655,N,Y,N,N,N,N,N,12/16/2013,3:28 PM,2013-46320,,102,281,N,Y,,,11,390,,1,5300,,ERNEST SMITH,,N,N,45,N,N,,Y,2,59,,1,1600,N,EAST END,BLVD,,,,,,,11,1,4,2,1,1,5,3:31 PM,MPD COMMUNICATIONS,3:34 PM,12/16/2013,Y,TX1020200,1740,,,147,8,2,2,17,64,38,1,2,1,21,21,102,281,32.57529449,-94.34602356,US,59,,77.709,US0059,3220,62,7,9.622,282,-0.317,SL,390,,SL0390,,1575,5,6.361,Y,Y,N,3,5,Y,MON,3,0,2,10,27,2,4,175,80,48,4,0,0,2,4,5,2,20,5,3,23,2,14,16357,2014,16357,8.5,36.4,44.9,,,,,,,,,,,,,,,,,,,,,,,,,,,0,0,3,0,0,3,0,,,,
13602804,N,N,N,N,N,N,N,12/18/2013,11:53 AM,130068139,540,220,19,N,Y,,,1,20,,1,1000,W,NOT REPORTED,FWY,N,N,60,N,N,EASTBOUND  I-20 FWY,N,19,,,,4400,,MATLOCK,RD,,,,,,,11,1,0,,1,1,20,11:59 AM,DISPATCH,12:04 PM,12/18/2013,Y,TX2200100,59,,,296,8,2,4,22,64,42,1,1,1,21,21,220,19,,,IH,20,,,IH0020,,,,,,,,,,,,,,,Y,Y,N,5,9,N,WED,,,,,,,,,,,,,,,,,,,,,,,,,,,,,,,,,,,,,,,,,,,,,,,,,,,,,,,,0,0,0,3,0,0,0,,,,
13602951,N,N,N,N,N,N,N,12/17/2013,6:05 PM,SAPD13276176,6160,15,379,N,N,,,19,,,1,200,,LOGWOOD,AVE,N,N,30,N,N,,Y,19,,,1,1100,,GROSVENOR,BLVD,,,,,,,11,4,4,,1,1,8,6:07 PM,DISPATCHED,6:11 PM,12/17/2013,Y,TXSPD0000,2473,,11,175,8,2,1,10,64,54,1,5,1,21,21,15,379,29.35457499,-98.52313231,,,,,LOGWOOD AVE,300,,,,,,,,,GROSVENOR BLVD,,,,,Y,N,N,3,9,Y,TUE,,,,,,,,,,,,,,,,,,,,,,,,,,,,,,,,,,,,,,,,,,,,,,,,,,,,,,,,0,0,1,3,0,1,0,28,,,
13603194,N,N,N,N,N,N,N,12/16/2013,12:45 PM,SAPD13275133,7180,15,379,N,Y,,,19,,,1,4900,,FREDERICKSBURG,RD,N,N,45,N,N,4900 FREDERICKSBURG ROAD,Y,19,,,1,7100,,OAKLAWN,DR,,,,,7100 OAKLAWN DRIVE,,11,1,2,3,1,1,8,12:45 PM,DISPATCHED,1:04 PM,12/16/2013,Y,TXSPD0000,2473,,61,123,8,2,1,10,64,17,1,2,1,21,21,15,379,29.49979463,-98.55775449,SL,345,,3.964,SL0345,4998,72,8,25.425,494,-0.069,,,,OAKLAWN DR,,,,,Y,Y,N,5,9,Y,MON,2,0,0,0,0,2,6,120,86,86,4,2,2,1,0,0,1,0,0,0,0,4,14,33076,2014,33076,2.8,3.9,6.7,,,,,,,,,,,,,,,,,,,,,,,,,,,0,0,0,2,0,0,0,28,,,
13603218,N,N,N,N,N,N,N,12/15/2013,3:08 PM,131215015,,165,291,N,Y,,,11,250,,2,4600,W,LOOP 250 N,,N,N,45,N,N,SERVICE ROAD,N,19,,,,4300,,HENRY KOONTZ,BLVD,,,,,,,11,1,0,,1,1,9,3:08 PM,DISPATCH,3:17 PM,12/15/2013,Y,TX1650100,1782,,,629,8,2,2,20,64,42,2,2,1,21,21,165,291,,,SL,250,,,SL0250,,,,,,,,,,HENRY KOONTZ BLVD,,,,,Y,Y,N,5,8,N,SUN,,,,,,,,,,,,,,,,,,,,,,,,,,,,,,,,,,,,,,,,,,,,,,,,,,,,,,,,0,0,0,3,0,0,0,,,,
13603344,N,N,N,N,N,N,N,12/13/2013,7:33 AM,13-45046,,152,270,N,Y,,,11,289,,2,4500,W,289,LOOP,N,N,45,N,N,,N,19,,,2,5700,,MARSHA SHARP,FWY,,,,,,,12,1,4,2,1,2,9,7:40 AM,POLICE RADIO,7:48 AM,12/13/2013,Y,TX1520200,1706,,489,65,8,2,2,20,64,54,2,2,1,21,21,152,270,33.55384702,-101.9397801,SL,289,,0.056,SL0289,,783,2,15.032,288,-0.044,,,,MARSHA SHARP FWY,,,,,Y,Y,N,3,8,Y,FRI,5,0,10,10,23,8,6,300,112,72,5,0,0,2,20,5,2,20,5,2,3,4,12,46272,2014,46272,5.8,13.2,18.9,,,,,,,,,,,,,,,,,,,,,,,,,,,0,0,1,1,0,1,0,122,,,
13604770,N,N,N,N,N,N,N,12/18/2013,3:30 PM,0157125613L,,101,208,N,N,,,19,,,1,3700,,MILAM,,N,N,35,N,N,,N,19,,,,100,W,ALABAMA,,,,,,,,11,1,0,,1,1,20,3:49 PM,HPD DISPATCH,3:57 PM,12/18/2013,Y,TXHPD0000,2469,6,113,29,8,7,4,1,21,35,1,5,2,21,21,101,208,29.73886366,-95.38180318,,,,,MILAM ST,,,,,,,,,,,,,,,Y,N,N,2,9,Y,WED,,,,,,,,,,,,,,,,,,,,,,,,,,,,,,,,,,,,,,,,,,,,,,,,,,,,,,,,0,1,0,1,0,1,0,15,,,
13604831,N,N,N,N,N,N,N,12/13/2013,6:30 PM,0155043013L,,101,208,N,Y,,,19,,,1,5500,,KIRBY,DR,N,N,30,N,N,CONCRETE,N,19,,,,,,SUNSET,,,,,,,,2,4,0,,1,2,1,6:46 PM,DISPATCH,6:52 PM,12/13/2013,Y,TXHPD0000,2469,51,113,29,8,2,4,20,64,54,1,5,1,21,21,101,208,29.7227548,-95.41851308,,,,,KIRBY DR,5500,,,,,,,,,,,,,,Y,N,N,5,9,Y,FRI,,,,,,,,,,,,,,,,,,,,,,,,,,,,,,,,,,,,,,,,,,,,,,,,,,,,,,,,0,0,0,2,0,0,0,15,,,
13604900,N,N,N,N,N,N,N,12/13/2013,9:50 PM,0155103113O,,101,208,N,Y,,,19,,,1,5500,,TELEPHONE,RD,N,N,35,N,N,,N,19,,,,5500,,PARK PLACE,,,,,,,,2,4,0,,1,2,5,9:50 PM,DISPATCH,9:50 PM,12/13/2013,Y,TXHPD0000,2469,24,104,28,8,2,2,20,64,54,1,5,1,21,21,101,208,29.73913568,-95.33331515,,,,,TELEPHONE RD,,,,,,,,,,PARK DR,,,,,Y,N,N,5,9,Y,FRI,,,,,,,,,,,,,,,,,,,,,,,,,,,,,,,,,,,,,,,,,,,,,,,,,,,,,,,,0,0,0,2,0,0,0,15,,,
13605036,N,N,N,N,N,N,N,12/18/2013,5:01 PM,0157165913Y,,101,208,N,Y,,,19,,,1,7500,,MAIN,ST,N,N,35,N,N,,N,19,,,,7500,,MORNINGSIDE,DR,,,,,,,11,1,2,,1,1,20,5:04 PM,DISPATCHED,5:09 PM,12/18/2013,Y,TXHPD0000,2469,51,113,29,8,2,4,20,64,54,1,5,1,21,21,101,208,29.70060858,-95.40949994,,,,,MAIN ST,7383,,,,,,,,,,,,,,Y,N,N,5,9,Y,WED,,,,,,,,,,,,,,,,,,,,,,,,,,,,,,,,,,,,,,,,,,,,,,,,,,,,,,,,0,0,0,2,0,0,0,15,,,
13605850,N,N,N,N,N,N,N,12/13/2013,5:50 PM,2013015748,,125,6,N,Y,,,19,,,1,600,E,CHAPARRAL,ST,N,N,30,N,N,,N,19,,,1,300,S,CAMERON,ST,,,,,,,11,5,2,,1,1,1,5:56 PM,DISPATCHED,6:03 PM,12/13/2013,N,TX1250100,20,,,,8,4,4,1,64,54,1,5,1,21,21,125,6,27.74774327,-98.07018549,,,,,CHAPARRAL ST,678,,,,,,,,,,,,,,Y,N,N,5,5,Y,FRI,,,,,,,,,,,,,,,,,,,,,,,,,,,,,,,,,,,,,,,,,,,,,,,,,,,,,,,,0,0,0,1,1,0,0,,,,
13606019,N,N,N,N,N,N,N,12/16/2013,3:32 PM,2013A003211,29A,57,166,N,Y,32.89604,-96.63097,19,,,1,1700,S,FIRST,ST,N,N,40,N,N,,Y,19,,,1,100,,GLENFIELD,DR,,,,,,,11,1,2,,1,1,8,3:32 PM,DISPATCHED,3:35 PM,12/16/2013,Y,TX0571100,1344,,,133,8,2,1,14,64,14,1,2,1,32,21,57,166,32.89606423,-96.63100261,,,,,S 1ST ST,,,,,,,,,,GLENFIELD DR,,,,,Y,N,N,5,8,Y,MON,,,,,,,,,,,,,,,,,,,,,,,,,,,,,,,,,,,,,,,,,,,,,,,,,,,,,,,,0,0,0,5,0,0,0,282,,,
13606303,N,N,N,N,N,N,N,12/17/2013,3:30 PM,2.01E+11,,233,112,N,N,,,19,,,2,3140,,SPUR 239,,N,N,15,N,N,PORT OF ENTRY,N,19,,,,600,,ALDERETE,LN,,,,,LOCAL STREET,,11,1,0,,1,1,3,3:45 PM,DISPATCHED VIA RADIO,3:56 PM,12/20/2013,Y,TX2330100,1191,,,23,8,2,4,21,64,3,1,5,1,21,21,233,112,29.32670507,-100.9276217,,,,,TEXAS SPUR 239,,,,,,,,,,,,,,,N,N,N,5,6,Y,TUE,,,,,,,,,,,,,,,,,,,,,,,,,,,,,,,,,,,,,,,,,,,,,,,,,,,,,,,,0,0,0,3,0,0,0,,,,
13606343,N,N,N,N,N,N,N,12/16/2013,8:28 PM,13-123055,,220,156,N,Y,32.71036,-97.29366,19,,,1,2375,E,BERRY,ST,N,N,40,N,N,,Y,19,,,1,3900,,SANDGATE,ST,,,,,,,11,4,0,,1,1,1,8:44 PM,DISPATCHER,8:53 PM,12/16/2013,Y,TX2201200,1318,4,11,23,8,2,1,10,64,3,1,5,1,21,21,220,156,32.70636428,-97.29157245,,,,,E BERRY ST S,2399,,,,,,,,,SANDGATE ST,,,,,Y,N,N,3,9,Y,MON,,,,,,,,,,,,,,,,,,,,,,,,,,,,,,,,,,,,,,,,,,,,,,,,,,,,,,,,0,0,1,2,0,1,0,282,,,
13606634,N,N,N,N,N,N,N,12/17/2013,1:40 PM,2013-155362,,31,189,N,Y,,,19,,,1,2300,E,TYLER,AVE,N,N,45,N,N,,Y,19,,,1,400,,DIXIELAND,RD,,,,,,,11,1,4,2,1,1,5,1:40 PM,DISPATCH,1:46 PM,12/17/2013,Y,TX0310300,1417,,,23,8,2,1,14,29,54,1,2,1,21,21,31,189,26.18849789,-97.72195019,BU,83,S,45.641,BU0083S,,39,6,9.078,544,1.073,,,,DIXIELAND RD,,,,,Y,Y,N,2,7,Y,TUE,3,0,0,0,1,2,6,300,87,72,4,1,1,1,0,0,1,0,0,3,1,3,14,30547,2014,30547,3.4,2.4,5.9,,,,,,,,,,,,,,,,,,,,,,,,,,,0,1,2,15,0,3,0,201,,,
13606658,N,Y,N,N,N,N,N,12/17/2013,11:15 AM,13-123237,,220,156,N,Y,32.6648,-97.33182,19,,,1,5600,,HEMPHILL,ST,N,N,40,N,N,,Y,1,820,,2,700,SW,LOOP 820,HWY,,,,,,,11,1,4,2,1,1,5,11:22 AM,DISPATCHED,11:33 AM,12/17/2013,Y,TX2201200,1318,4,11,23,8,2,1,24,64,54,2,1,1,21,21,220,156,32.66459915,-97.33181149,IH,20,,436.226,IH0020,,8,12,8.809,437,0.114,IH,35,W,IH0035W,,,,,Y,Y,N,5,9,Y,TUE,5,0,12,10,24,3,8,250,140,96,5,0,0,2,22,5,2,20,5,2,2,4,11,163450,2014,163450,3.7,2.2,5.9,,,,,,,,,,,,,,,,,,,,,,,,,,,0,0,0,2,0,0,0,282,,,
13606727,N,N,N,N,N,N,N,12/19/2013,6:25 PM,,,212,1777,Y,Y,32.23010999,-95.4425,15,1261,,1,,,NOT REPORTED,,N,N,50,N,N,,N,15,1253,,,,,NOT REPORTED,,,,,,,,12,3,0,,2,1,20,6:42 PM,DPS COMMUNICATIONS,6:57 PM,12/19/2013,Y,,10000,17,28,1,8,2,4,30,64,54,1,4,1,21,21,212,1777,32.23016363,-95.44249982,,,,,BIG EDDY RD,16312,,,,,,,,,,,,,,Y,N,Y,5,0,Y,THU,,,,,,,,,,,,,,,,,,,,,,,,,,,,,,,,,,,,,,,,,,,,,,,,,,,,,,,,0,0,0,2,0,0,0,213,,,
13606781,N,N,N,N,N,N,N,12/16/2013,6:00 PM,0156318913E,,101,208,N,Y,,,19,,,1,16200,,JOHN F KENNEDY,BLVD,N,N,50,N,N,CONCRETE,N,19,,,,,,GREENS,RD,,,,,,,11,4,0,,1,1,11,6:36 PM,DISPATCH,6:40 PM,12/16/2013,Y,TXHPD0000,2469,14,172,104,8,2,2,22,64,38,1,5,1,21,21,101,208,29.95140795,-95.33182332,,,,,JOHN F KENNEDY BLVD,,,,,,,,,,GREENS RD,,,,,Y,N,N,3,9,Y,MON,,,,,,,,,,,,,,,,,,,,,,,,,,,,,,,,,,,,,,,,,,,,,,,,,,,,,,,,0,0,2,2,0,2,0,15,,,
13606912,N,N,N,N,N,N,N,12/20/2013,3:01 PM,131220032,,165,291,N,Y,,,19,,,1,3200,N,MIDKIFF,RD,N,N,35,N,N,,N,19,,,,3300,,MAXWELL,DR,,,,,,,2,1,0,,1,2,20,3:07 PM,DISPATCHED,3:20 PM,12/20/2013,Y,TX1650100,1782,,,629,8,2,3,10,64,14,1,5,1,32,21,165,291,32.02159686,-102.1254962,,,,,N MIDKIFF RD,3382,,,,,,,,,,,,,,Y,N,N,3,8,Y,FRI,,,,,,,,,,,,,,,,,,,,,,,,,,,,,,,,,,,,,,,,,,,,,,,,,,,,,,,,0,0,1,3,0,1,0,174,,,
13606921,N,N,N,N,N,N,N,12/20/2013,12:03 AM,SAPD13277973,7130,15,379,N,Y,,,19,,,1,8950,,SILENT SUNRISE,,N,N,35,N,N,,N,19,,,,,,TEZEL ROAD,,,,,,,,11,4,0,,1,1,1,12:03 AM,DISPATCHED,12:04 AM,12/20/2013,Y,TXSPD0000,2473,,61,123,8,2,4,24,64,3,1,5,1,21,21,15,379,29.50542988,-98.66269719,,,,,SILENT OAKS,,,,,,,,,,,,,,,Y,N,N,5,9,Y,FRI,,,,,,,,,,,,,,,,,,,,,,,,,,,,,,,,,,,,,,,,,,,,,,,,,,,,,,,,0,0,0,2,0,0,0,28,,,
13606944,N,N,N,N,N,N,N,12/18/2013,10:00 PM,SAPD13277851,7110,15,379,N,Y,,,3,1604,,2,11500,N,LOOP 1604,,N,N,45,N,N,,N,19,,,,11800,,BANDERA,RD,,,,,,,11,4,0,2,1,1,1,9:30 PM,DISPATCHED,9:40 PM,12/19/2013,Y,TXSPD0000,2473,,19,148,8,2,4,20,64,3,2,2,1,21,21,15,379,29.5480336,-98.67256001,SL,1604,,27.535,SL1604,,2452,1,27.204,516,-0.45,,,,,,,,,Y,Y,N,2,9,Y,WED,4,0,4,10,85,2,4,340,76,48,4,0,0,2,8,5,2,20,5,3,77,4,12,62928,2014,62928,4,10.4,14.5,,,,,,,,,,,,,,,,,,,,,,,,,,,0,1,0,0,1,1,0,28,,,
13606983,N,N,N,N,N,N,N,12/20/2013,4:51 PM,SAPD13278535,3160,15,379,N,Y,,,19,,,1,10200,,WETMORE,RD,N,N,45,N,N,NB LANES,N,19,,,,2500,,MACARTHER VIEW,,,,,,,,11,1,0,,1,1,1,5:14 PM,DISPATCHED,5:21 PM,12/20/2013,Y,TXSPD0000,2473,,29,131,8,2,4,21,64,9,1,5,1,21,21,15,379,29.53362938,-98.45428348,,,,,WETMORE RD,10361,,,,,,,,,,,,,,Y,N,N,5,9,Y,FRI,,,,,,,,,,,,,,,,,,,,,,,,,,,,,,,,,,,,,,,,,,,,,,,,,,,,,,,,0,0,0,4,0,0,0,28,,,
13607008,N,N,N,N,N,N,N,12/13/2013,7:22 PM,SAPD13273157,4120,15,379,N,Y,,,1,35,,1,2200,N,IH 35 NB,,N,N,60,N,N,,Y,19,,,1,1600,N,NEW BRAUNFELS,,,,,,BRIDGE,,2,4,0,,2,2,20,7:22 PM,DISPATCHED,7:30 PM,12/13/2013,Y,TXSPD0000,2473,,9,162,8,2,4,20,64,35,1,1,1,21,21,15,379,,,IH,35,,,IH0035,,,,,,,,,,,,,,,Y,Y,N,5,9,N,FRI,,,,,,,,,,,,,,,,,,,,,,,,,,,,,,,,,,,,,,,,,,,,,,,,,,,,,,,,0,0,0,5,0,0,0,,,,
13607090,N,N,N,N,N,N,N,12/20/2013,7:45 PM,13-32109,,227,1792,Y,Y,30.15143,-97.69666,2,183,,1,7500,,US HWY 183,RD,N,N,65,N,N,7500 BLK US HWY 183 SOUTH,Y,4,1625,,1,7500,,FM 1625,,,,,,7500 BLK FM 1625,,11,3,0,3,1,1,8,7:45 PM,RADIO DISPATCH,7:48 PM,12/20/2013,Y,TX2270000,2292,,7,122,8,2,1,10,64,3,1,2,1,21,21,227,1792,30.14978324,-97.69684387,US,183,,334.187,US0183,7499,152,1,31.907,530,-0.504,FM,1625,,FM1625,,,,,Y,Y,Y,5,0,Y,FRI,2,0,2,2,0,2,4,230,64,48,4,0,0,2,2,5,2,2,5,0,0,4,14,16761,2014,16761,4.9,2,7,1,316,1,1,16,,,,,,,,,,,,,,,,,,,,,,0,0,0,3,0,0,0,90,,,