Crash_ID,Crash_Fatal_Fl,Cmv_Involv_Fl,Schl_Bus_Fl,Rr_Relat_Fl,Medical_Advisory_Fl,Amend_Supp_Fl,Active_School_Zone_Fl,Crash_Date,Crash_Time,Case_ID,Local_Use,Rpt_CRIS_Cnty_ID,Rpt_City_ID,Rpt_Outside_City_Limit_Fl,Thousand_Damage_Fl,Rpt_Latitude,Rpt_Longitude,Rpt_Rdwy_Sys_ID,Rpt_Hwy_Num,Rpt_Hwy_Sfx,Rpt_Road_Part_ID,Rpt_Block_Num,Rpt_Street_Pfx,Rpt_Street_Name,Rpt_Street_Sfx,Private_Dr_Fl,Toll_Road_Fl,Crash_Speed_Limit,Road_Constr_Zone_Fl,Road_Constr_Zone_Wrkr_Fl,Rpt_Street_Desc,At_Intrsct_Fl,Rpt_Sec_Rdwy_Sys_ID,Rpt_Sec_Hwy_Num,Rpt_Sec_Hwy_Sfx,Rpt_Sec_Road_Part_ID,Rpt_Sec_Block_Num,Rpt_Sec_Street_Pfx,Rpt_Sec_Street_Name,Rpt_Sec_Street_Sfx,Rpt_Ref_Mark_Offset_Amt,Rpt_Ref_Mark_Dist_Uom,Rpt_Ref_Mark_Dir,Rpt_Ref_Mark_Nbr,Rpt_Sec_Street_Desc,Rpt_CrossingNumber,Wthr_Cond_ID,Light_Cond_ID,Entr_Road_ID,Road_Type_ID,Road_Algn_ID,Surf_Cond_ID,Traffic_Cntl_ID,Investigat_Notify_Time,Investigat_Notify_Meth,Investigat_Arrv_Time,Report_Date,Investigat_Comp_Fl,ORI_Number,Investigat_Agency_ID,Investigat_Area_ID,Investigat_District_ID,Investigat_Region_ID,Bridge_Detail_ID,Harm_Evnt_ID,Intrsct_Relat_ID,FHE_Collsn_ID,Obj_Struck_ID,Othr_Factr_ID,Road_Part_Adj_ID,Road_Cls_ID,Road_Relat_ID,Phys_Featr_1_ID,Phys_Featr_2_ID,Cnty_ID,City_ID,Latitude,Longitude,Hwy_Sys,Hwy_Nbr,Hwy_Sfx,Dfo,Street_Name,Street_Nbr,Control,Section,Milepoint,Ref_Mark_Nbr,Ref_Mark_Displ,Hwy_Sys_2,Hwy_Nbr_2,Hwy_Sfx_2,Street_Name_2,Street_Nbr_2,Control_2,Section_2,Milepoint_2,Txdot_Rptable_Fl,Onsys_Fl,Rural_Fl,Crash_Sev_ID,Pop_Group_ID,Located_Fl,Day_of_Week,Hwy_Dsgn_Lane_ID,Hwy_Dsgn_Hrt_ID,Hp_Shldr_Left,Hp_Shldr_Right,Hp_Median_Width,Base_Type_ID,Nbr_Of_Lane,Row_Width_Usual,Roadbed_Width,Surf_Width,Surf_Type_ID,Curb_Type_Left_ID,Curb_Type_Right_ID,Shldr_Type_Left_ID,Shldr_Width_Left,Shldr_Use_Left_ID,Shldr_Type_Right_ID,Shldr_Width_Right,Shldr_Use_Right_ID,Median_Type_ID,Median_Width,Rural_Urban_Type_ID,Func_Sys_ID,Adt_Curnt_Amt,Adt_Curnt_Year,Adt_Adj_Curnt_Amt,Pct_Single_Trk_Adt,Pct_Combo_Trk_Adt,Trk_Aadt_Pct,Curve_Type_ID,Curve_Lngth,Cd_Degr,Delta_Left_Right_ID,Dd_Degr,Feature_Crossed,Structure_Number,I_R_Min_Vert_Clear,Approach_Width,Bridge_Median_ID,Bridge_Loading_Type_ID,Bridge_Loading_In_1000_Lbs,Bridge_Srvc_Type_On_ID,Bridge_Srvc_Type_Under_ID,Culvert_Type_ID,Roadway_Width,Deck_Width,Bridge_Dir_Of_Traffic_ID,Bridge_Rte_Struct_Func_ID,Bridge_IR_Struct_Func_ID,CrossingNumber,RRCo,Poscrossing_ID,WDCode_ID,Standstop,Yield,Incap_Injry_Cnt,Nonincap_Injry_Cnt,Poss_Injry_Cnt,Non_Injry_Cnt,Unkn_Injry_Cnt,Tot_Injry_Cnt,Death_Cnt,MPO_ID,Investigat_Service_ID,Investigat_DA_ID,Investigator_Narrative
13610996,N,N,N,N,N,N,N,12/24/2013,11:00 AM,0159657513G,,101,208,N,Y,,,19,,,1,8900,,SWEETWATER,LN,N,N,30,N,N,CITY STREET INTERSECTION,Y,19,,,1,600,,NELDA,RD,,,,,,,12,1,4,,1,1,8,11:03 AM,HPD DISPATCH,11:10 AM,12/24/2013,Y,TXHPD0000,2469,6,152,59,8,2,1,10,64,54,1,5,1,21,21,101,1666,29.88787478,-95.40858307,,,,,SWEETWATER LN,,,,,,,,,,W NELDA RD,,,,,Y,N,Y,5,0,Y,TUE,,,,,,,,,,,,,,,,,,,,,,,,,,,,,,,,,,,,,,,,,,,,,,,,,,,,,,,,0,0,0,2,0,0,0,15,,,
13611202,N,N,N,N,N,N,N,12/17/2013,4:30 AM,,,218,1783,Y,Y,30.62222,-100.78725,1,10,,1,,,NOT REPORTED,,N,N,80,N,N,WESTBOUND,N,,,,,,,NOT REPORTED,,0.2,M,E,392,,,11,3,0,2,1,1,20,4:47 AM,DISPATCHED,5:29 AM,12/17/2013,Y,,10000,15,32,1,8,7,4,1,62,29,1,1,2,21,21,218,1783,30.6220999,-100.7794667,IH,10,,390.913,IH0010,,141,3,1.409,392,0.2,,,,NOT REPORTED,,,,,Y,Y,Y,1,0,Y,TUE,5,0,6,10,62,2,4,400,80,48,4,0,0,2,12,5,2,20,5,3,50,1,1,4502,2014,4502,7.2,40.5,47.7,,,,,,,,,,,,,,,,,,,,,,,,,,,2,0,0,0,0,2,0,,,,
13611208,N,N,N,N,N,N,N,12/21/2013,2:00 PM,1300027149,,70,445,N,Y,,,2,77,,1,1400,N,77,HWY,N,N,55,N,N,,N,19,,,,100,,YMCA,DR,,,,,,,12,1,0,3,1,2,20,2:03 PM,DISPATCHED,2:13 PM,12/21/2013,Y,TX0701000,2386,,,35,8,2,4,21,64,3,1,2,1,21,21,70,445,32.42671356,-96.8391937,US,77,,68.31,US0077,,48,3,9.232,302,0.79,,,,,,,,,Y,Y,N,5,6,Y,SAT,2,0,10,10,0,2,4,120,82,48,6,0,0,2,10,5,2,10,5,0,0,4,14,18328,2014,18328,1.5,6.8,8.3,,,,,,,,,,,,,,,,,,,,,,,,,,,0,0,0,2,0,0,0,282,,,
13611323,N,N,N,N,N,N,N,12/24/2013,8:00 PM,323807A,,57,107,N,Y,32.83674,-96.82436,19,,,1,5700,W,MOCKINGBIRD,LN,N,N,35,N,N,,N,19,,,,6500,,ORIOLE,DR,,,,,,,11,4,0,,1,1,11,8:10 PM,DISPATCHED,8:20 PM,12/25/2013,Y,TX0000006,2471,,,87,8,2,2,22,64,42,1,5,1,21,21,57,107,32.83665571,-96.82422944,,,,,W MOCKINGBIRD LN,5104,,,,,,,,,ORIOLE DR,,,,,Y,N,N,3,9,Y,TUE,,,,,,,,,,,,,,,,,,,,,,,,,,,,,,,,,,,,,,,,,,,,,,,,,,,,,,,,0,0,1,2,0,1,0,282,,,
13611742,N,N,N,N,N,N,N,12/22/2013,2:55 AM,13HP056272,,220,186,N,Y,,,19,,,7,2908,,EASTRIDGE,DR,N,N,30,N,N,,N,19,,,,4200,,LORAINE,ST,,,,,,,5,4,0,,1,2,1,3:00 AM,DISPATCHED,3:02 AM,12/22/2013,Y,TX2201400,1404,,,35,8,7,4,1,34,54,1,5,2,21,21,220,186,32.79625252,-97.28456864,,,,,EASTRIDGE DR,2937,,,,,,,,,,,,,,Y,N,N,5,6,Y,SUN,,,,,,,,,,,,,,,,,,,,,,,,,,,,,,,,,,,,,,,,,,,,,,,,,,,,,,,,0,0,0,1,0,0,0,282,,,
13611757,N,N,N,N,N,Y,N,12/23/2013,2:54 PM,2013-009718,,220,214,N,Y,,,19,,,1,800,W,BEDFORD EULESS,RD,N,N,35,N,N,,Y,19,,,1,1200,,SCOTT,DR,,,,,,,11,1,2,,2,1,20,2:56 PM,DISPATCHED,3:03 PM,12/30/2013,Y,TX2201600,1503,,,35,8,2,1,34,64,54,1,5,1,21,21,220,214,32.83364426,-97.18830247,,,,,W BEDFORD EULESS RD,823,,,,,,,,,SCOTT DR,,,,,Y,N,N,1,6,Y,MON,,,,,,,,,,,,,,,,,,,,,,,,,,,,,,,,,,,,,,,,,,,,,,,,,,,,,,,,1,0,0,1,0,1,0,282,,,
13611782,N,N,N,N,N,N,N,12/24/2013,12:13 AM,1300024296,,182,294,N,Y,,,19,,,1,1400,E,HUBBARD,ST,N,N,30,N,N,PAVED,N,19,,,,100,SE,13TH,AVE,,,,,PAVED,,11,4,0,3,1,1,1,12:13 AM,DISPATCH,12:16 AM,12/24/2013,Y,TX1820200,1790,,,35,8,7,4,1,30,3,1,2,2,21,21,182,294,32.80877041,-98.10113503,US,180,,275.851,US0180,1411,8,1,36.498,528,0.825,,,,,,,,,Y,Y,N,5,5,Y,TUE,0,0,0,0,0,2,4,140,82,74,4,0,0,1,0,0,1,0,0,4,0,2,14,18928,2014,18928,5.3,4.1,9.4,,,,,,,,,,,,,,,,,,,,,,,,,,,0,0,0,1,0,0,0,,,,
13612030,N,N,N,N,N,N,N,12/26/2013,9:22 AM,0160342613T,,101,208,N,Y,,,1,45,,2,8500,S,GULF SER W,FWY,N,N,35,N,N,CONCRETE,Y,19,,,1,7000,,MONROE,,,,,,,,11,1,0,2,1,1,5,9:22 AM,DISPATCHED,9:33 AM,12/26/2013,Y,TXHPD0000,2469,24,104,28,8,2,1,10,64,54,2,1,1,21,21,101,208,29.66919518,-95.26237488,IH,45,,38.156,IH0045,,500,3,14.25,38,0.141,SH,3,,SH0003,,51,6,0.023,Y,Y,N,5,9,Y,THU,5,1,10,10,42,9,8,300,136,96,5,0,0,2,20,5,2,20,5,2,22,4,11,224584,2014,224584,5.5,4.6,10.1,,,,,,,,,,,,,,,,,,,,,,,,,,,0,0,0,2,0,0,0,15,,,
13612067,N,N,N,N,N,N,N,12/22/2013,7:00 PM,0158997813N,,101,208,N,Y,,,19,,,1,9900,,BELLAIRE,BLVD,N,N,35,N,N,,N,11,8,,,6700,W,WEST SAM S,PKWY,,,,,,,11,4,0,,1,1,1,7:03 PM,DISPATCHED,7:13 PM,12/22/2013,Y,TXHPD0000,2469,16,128,39,8,2,2,20,64,54,1,2,1,21,21,101,208,29.70568639,-95.47819527,,,,,BELLAIRE BLVD,,,,,,,SL,8,,SL0008,,,,,Y,N,N,3,9,Y,SUN,,,,,,,,,,,,,,,,,,,,,,,,,,,,,,,,,,,,,,,,,,,,,,,,,,,,,,,,0,0,2,2,0,2,0,15,,,
13612069,N,N,N,N,N,N,N,12/21/2013,4:44 PM,13122787,,31,53,N,Y,,,19,,,1,2400,,HUDSON,BLVD,N,N,30,N,N,,Y,4,802,,1,2500,,RUBEN M TORRES,BLVD,,,,,,,11,3,2,2,1,1,8,4:45 PM,DISPATCHED,4:54 PM,12/21/2013,Y,TX0310100,172,,125,42,8,2,2,22,64,38,1,3,1,21,21,31,53,25.95027927,-97.47978677,FM,802,,3.882,FM0802,,1140,2,8.782,562,-0.259,,,,HUDSON BLVD,,,,,Y,Y,N,5,8,Y,SAT,3,0,0,8,44,2,4,160,80,48,4,1,2,1,8,0,2,12,3,1,36,4,14,29275,2014,29275,4.2,13.4,17.6,1,42,3,1,6,,,,,,,,,,,,,,,,,,,,,,0,0,0,3,0,0,0,248,,,
13612126,N,N,N,N,N,N,N,12/26/2013,11:37 AM,13-6262,,57,3,N,Y,,,19,,,1,4600,,BELT TLINE,RD,N,N,40,N,N,,N,19,,,,15000,,ADDISON,RD,,,,,,,11,1,0,,1,1,20,11:37 AM,RADIO DISPATCH,11:41 AM,12/26/2013,Y,TX0570100,12,,,35,8,2,3,22,64,42,1,5,1,32,21,57,3,,,,,,,BELT TLINE RD,,,,,,,,,,,,,,,Y,N,N,3,5,N,THU,,,,,,,,,,,,,,,,,,,,,,,,,,,,,,,,,,,,,,,,,,,,,,,,,,,,,,,,0,0,1,1,0,1,0,,,,
13612161,N,Y,N,N,N,N,N,12/20/2013,12:28 PM,,,170,1735,Y,Y,30.23009,-95.55566,19,,,1,,,MACINTOSH,DR,N,N,30,N,N,,N,19,,,,,,LOTUS,LN,,,,,,,12,1,0,,1,1,1,12:54 PM,DPS COMMUNICATION,1:25 PM,12/20/2013,Y,,10000,17,52,1,8,2,3,11,64,14,1,5,1,32,21,170,1735,30.22986946,-95.55562881,,,,,MACINTOSH DR,511,,,,,,,,,,,,,,Y,N,Y,5,0,Y,FRI,,,,,,,,,,,,,,,,,,,,,,,,,,,,,,,,,,,,,,,,,,,,,,,,,,,,,,,,0,0,0,2,0,0,0,15,,,
13612189,N,N,N,N,N,N,N,12/16/2013,1:30 PM,0156161213N,,101,208,N,Y,,,19,,,1,,S,GESSNER,DR,N,N,35,N,N,CONCRETE,Y,19,,,1,,,BELLAIRE,BLVD,,,,,,,11,1,0,,1,1,5,1:40 PM,DISPATCHER,1:45 PM,12/17/2013,Y,TXHPD0000,2469,52,106,54,8,2,1,10,64,54,1,5,1,21,21,101,208,29.70509482,-95.53805305,,,,,S GESSNER DR,,,,,,,,,,BELLAIRE BLVD,,,,,Y,N,N,5,9,Y,MON,,,,,,,,,,,,,,,,,,,,,,,,,,,,,,,,,,,,,,,,,,,,,,,,,,,,,,,,0,0,0,2,0,0,0,15,,,
13612240,N,N,N,N,N,N,N,12/19/2013,10:01 AM,0157443613T,,101,208,N,Y,,,19,,,1,2600,W,ALABAMA,ST,N,N,35,N,N,CONCRETE,N,19,,,,3000,,LAKE,ST,,,,,,,12,1,0,,1,2,1,10:06 AM,DISPATCHED,10:10 AM,12/26/2013,Y,TXHPD0000,2469,18,121,35,8,2,3,10,64,14,1,5,1,32,21,101,208,29.73845145,-95.42024875,,,,,W ALABAMA ST,2734,,,,,,,,,,,,,,Y,N,N,5,9,Y,THU,,,,,,,,,,,,,,,,,,,,,,,,,,,,,,,,,,,,,,,,,,,,,,,,,,,,,,,,0,0,0,3,0,0,0,15,,,
13612370,N,N,N,N,N,N,N,12/26/2013,4:30 PM,324929A,,57,107,N,Y,32.85909,-96.8808,11,354,,1,10000,,HARRY HINES,BLVD,N,N,45,N,N,,N,19,,,,2500,,STOREY,LN,,,,,,,11,1,0,2,1,1,20,4:40 PM,DISPATCHED,4:45 PM,12/26/2013,Y,TX0000006,2471,,,87,8,2,4,20,64,9,1,2,1,21,21,57,107,32.85915876,-96.88086705,SL,354,,4.046,SL0354,10024,196,6,9.765,258,2.019,,,,,,,,,Y,Y,N,2,9,Y,THU,3,0,0,0,15,9,6,164,66,66,5,1,2,1,0,0,1,0,0,1,15,4,14,28098,2014,28098,3.2,11.5,14.7,,,,,,,,,,,,,,,,,,,,,,,,,,,0,1,0,1,0,1,0,282,,,
13612541,N,N,N,N,N,N,N,12/20/2013,4:39 PM,320581A,RELATED #320582A,57,107,N,Y,,,19,,,1,1400,,MONTAGUE,AVE,N,N,-1,N,N,,N,19,,,,4600,,STROBEL,AVE,,,,,,,12,1,0,,1,1,1,5:48 PM,DISPATCHED,5:53 PM,12/20/2013,N,TX0000006,2471,,,113,8,4,3,4,64,14,1,5,1,32,21,57,107,32.6885948,-96.80060055,,,,,MONTAGUE AVE,1543,,,,,,,,,,,,,,Y,N,N,0,9,Y,FRI,,,,,,,,,,,,,,,,,,,,,,,,,,,,,,,,,,,,,,,,,,,,,,,,,,,,,,,,0,0,0,0,1,0,0,282,,,
13612596,N,N,N,N,N,N,N,12/25/2013,8:30 PM,324375A,RELATED #324389A,57,107,N,N,,,19,,,1,4400,S,MARSALIS,AVE,N,N,35,N,N,,N,19,,,,600,,ANN ARBOR,AVE,,,,,,,11,4,2,,1,1,1,8:30 PM,FLAGGED DOWN,8:30 PM,12/25/2013,Y,TX0000006,2471,,,113,8,2,4,20,64,54,1,5,1,21,21,57,107,32.69127692,-96.81477047,,,,,S MARSALIS AVE,,,,,,,,,,,,,,,N,N,N,5,9,Y,WED,,,,,,,,,,,,,,,,,,,,,,,,,,,,,,,,,,,,,,,,,,,,,,,,,,,,,,,,0,0,0,5,0,0,0,282,,,
13612730,N,Y,N,N,N,N,N,12/17/2013,4:00 PM,,,54,1619,Y,Y,,,4,651,,1,200,N,NOT REPORTED,HWY,N,N,75,N,N,,Y,15,112,,1,1900,E,NOT REPORTED,RD,,,,,,,11,1,2,,1,1,1,4:00 PM,DISPATCHED,4:10 PM,12/17/2013,Y,TX0540000,1148,,,,8,9,4,1,64,54,1,3,2,21,21,54,1619,,,FM,651,,,FM0651,,,,,,,,,,,,,,,Y,Y,Y,5,0,N,TUE,,,,,,,,,,,,,,,,,,,,,,,,,,,,,,,,,,,,,,,,,,,,,,,,,,,,,,,,0,0,0,1,0,0,0,,,,
13612931,N,N,N,N,N,N,N,12/13/2013,4:29 PM,13-00581,,227,330,N,Y,,,19,,,1,,,GRAND AVENUE PKWY,,N,N,45,N,N,,Y,19,,,1,,,EDGEMERE DR,,,,,,,,2,1,2,,4,2,20,4:31 PM,911,4:31 PM,12/16/2013,Y,TX2270900,1925,40,224,64,8,2,2,20,64,54,1,5,1,21,21,227,330,30.45649474,-97.65206248,,,,,GRAND AVENUE PKWY,,,,,,,,,,UNKNOWN,,,,,Y,N,N,5,7,Y,FRI,,,,,,,,,,,,,,,,,,,,,,,,,,,,,,,,,,,,,,,,,,,,,,,,,,,,,,,,0,0,0,2,0,0,0,90,,,
13613498,N,N,N,N,N,N,N,12/16/2013,1:32 PM,13-010880,,43,285,N,Y,,,15,201,,1,7200,,CR 201,,N,N,30,N,N,,N,15,202,,1,7100,,CR 202,,,,,,,,11,1,0,,4,10,1,1:34 PM,DISPATCHED,1:43 PM,12/16/2013,Y,TX0430500,1759,,,98,8,10,4,1,1,3,1,4,2,21,21,43,285,33.26152275,-96.64652031,,,,,JAMES PITTS DR,,,,,,,,,,,,,,,Y,N,N,5,8,Y,MON,,,,,,,,,,,,,,,,,,,,,,,,,,,,,,,,,,,,,,,,,,,,,,,,,,,,,,,,0,0,0,1,0,0,0,282,,,
13613827,N,N,N,N,N,N,N,12/18/2013,6:44 PM,,,170,1735,Y,Y,30.22253,-95.56402,4,1488,,1,,,NOT REPORTED,,N,N,55,N,N,,N,15,,,,,,OLD CONROE HUFFSMITH,RD,,,,,,,11,3,0,3,1,1,20,6:49 PM,DPS COMMUNICATION,7:02 PM,12/18/2013,Y,,10000,3,52,1,8,2,4,20,64,42,1,3,1,21,21,170,1735,30.22442133,-95.5430579,FM,1488,,35.857,FM1488,5052,523,10,18.183,676,-1.36,,,,,,,,,Y,Y,Y,5,0,Y,WED,2,0,10,10,0,3,4,100,84,64,5,0,0,2,10,5,2,10,5,0,0,4,16,45220,2014,45220,6.8,2.3,9.1,,,,,,,,,,,,,,,,,,,,,,,,,,,0,0,0,6,0,0,0,15,,,
13613900,N,Y,N,N,N,N,N,12/16/2013,11:26 AM,13-13054,,186,155,N,Y,,,1,10,,1,300,W,SOUTH SERVICE ROAD,RD,N,N,55,N,N,GOOD,N,19,,,1,2600,N,MAIN,ST,,,,,GOOD,,11,1,0,2,1,1,1,11:26 AM,DISPATCHED,11:29 AM,12/16/2013,N,TX1860100,1317,,,33,8,2,3,10,64,14,1,1,1,32,21,186,155,30.90709719,-102.8794117,IH,10,,258.497,IH0010,,140,1,37.925,259,0.11,,,,,,,,,Y,Y,N,5,4,Y,MON,5,0,4,10,109,1,4,420,74,46,2,0,0,2,14,5,2,14,5,3,95,2,11,5128,2014,5128,4.8,35.5,40.3,1,392,1,2,31,,,,,,,,,,,,,,,,,,,,,,0,0,0,2,0,0,0,,,,
13613945,N,N,N,N,N,N,N,12/19/2013,11:30 AM,13-123974,,220,156,N,Y,32.75654,-97.31882,1,35,,1,680,N,NOT REPORTED,FWY,N,N,60,N,N,,N,14,280,,,1200,,NOT REPORTED,,,,,,,,12,1,0,2,1,1,20,11:36 AM,DISPATCHED,11:42 AM,12/19/2013,Y,TX2201200,1318,4,3,23,8,2,4,22,64,42,1,1,1,21,21,220,156,32.756534,-97.31913888,IH,35,W,51.465,IH0035W,,14,16,7.468,52,-0.493,,,,,,,,,Y,Y,N,2,9,Y,THU,5,0,10,10,40,3,8,300,136,96,5,0,0,2,20,5,2,20,5,2,20,4,11,170316,2014,170316,4.9,6.2,11.2,,,,,,,,,,,,,,,,,,,,,,,,,,,0,1,0,4,0,1,0,282,,,
13614132,N,N,N,N,N,N,N,12/26/2013,2:05 PM,sapd13282543,4220,15,379,N,Y,,,17,,,7,1306,,RIGSBY,AVE,Y,N,5,N,N,,N,19,,,,1500,,CLARK,AVE,,,,,,,12,1,0,,7,1,1,2:17 PM,DISPATCHER,2:25 PM,12/26/2013,N,TXSPD0000,2473,,9,162,8,4,4,4,64,12,7,9,5,33,21,15,379,,,,,,,RIGSBY AVE,,,,,,,,,,,,,,,N,N,N,5,9,N,THU,,,,,,,,,,,,,,,,,,,,,,,,,,,,,,,,,,,,,,,,,,,,,,,,,,,,,,,,0,0,0,1,2,0,0,,,,
13614202,N,N,N,N,N,N,N,12/26/2013,1:45 PM,SAPD13282507,2310,15,379,N,N,,,19,,,1,1300,,RUIZ,ST,N,N,30,N,N,,N,19,,,,800,N,ZARZAMORA,,,,,,,,12,1,4,,1,1,5,1:47 PM,DISPATCHED,1:52 PM,12/26/2013,N,TXSPD0000,2473,,3,122,8,2,2,22,64,38,1,5,1,21,21,15,379,29.43638211,-98.525941,,,,,RUIZ ST,1396,,,,,,,,,N ZARZAMORA ST,,,,,N,N,N,5,9,Y,THU,,,,,,,,,,,,,,,,,,,,,,,,,,,,,,,,,,,,,,,,,,,,,,,,,,,,,,,,0,0,0,1,1,0,0,28,,,
13614821,N,N,N,N,N,N,N,12/27/2013,1:15 AM,0160661513K,,101,208,N,Y,,,19,,,1,4800,,ELLA,BLVD,N,N,45,N,N,CONCRETE,Y,19,,,1,1200,,MARTIN,,,,,,,,11,4,0,,1,1,20,1:22 AM,DISPATCHED,1:25 AM,12/27/2013,Y,TXHPD0000,2469,18,152,27,8,2,1,10,64,54,1,5,1,21,21,101,208,29.83475478,-95.42976307,,,,,ELLA BLVD,,,,,,,,,,MARTIN RD,,,,,Y,N,N,5,9,Y,FRI,,,,,,,,,,,,,,,,,,,,,,,,,,,,,,,,,,,,,,,,,,,,,,,,,,,,,,,,0,0,0,2,0,0,0,15,,,
13614880,N,N,N,N,N,N,N,12/15/2013,10:50 AM,0155721013F,,101,208,N,Y,,,19,,,1,2400,,HOLLISTER,,N,N,35,N,N,CONCRETE,Y,19,,,1,,,EMNORA,,,,,,,,11,1,0,,1,1,8,10:55 AM,DISPATCHER,11:00 AM,12/15/2013,Y,TXHPD0000,2469,24,106,87,8,2,2,20,64,54,1,5,1,21,21,101,208,29.81610479,-95.50957305,,,,,HOLLISTER ST,2400,,,,,,,,,EMNORA LN,,,,,Y,N,N,5,9,Y,SUN,,,,,,,,,,,,,,,,,,,,,,,,,,,,,,,,,,,,,,,,,,,,,,,,,,,,,,,,0,0,0,4,0,0,0,15,,,
13614918,N,N,N,N,N,N,N,12/24/2013,7:45 AM,323335A,,57,107,N,Y,,,1,30,,1,500,E,RL THORNTON,FWY,N,N,60,N,N,,N,19,,,,900,S,LAMAR,AVE,,,,,,,11,1,0,,1,1,20,8:12 AM,DISPATCHED,8:30 AM,12/24/2013,N,TX0000006,2471,,,27,8,2,4,21,64,9,1,1,1,21,21,57,107,,,IH,30,,,IH0030,,,,,,,,,,,,,,,Y,Y,N,5,9,N,TUE,,,,,,,,,,,,,,,,,,,,,,,,,,,,,,,,,,,,,,,,,,,,,,,,,,,,,,,,0,0,0,1,1,0,0,,,,
13615274,N,N,N,N,N,N,N,12/26/2013,2:30 AM,0160284613L,FSGI,101,208,N,Y,,,19,,,1,9200,W,RICHMOND,AVE,N,N,35,N,N,CONCRETE,N,19,,,,3400,,OCEE,ST,,,,,,,11,4,0,,1,1,20,2:32 AM,DISPATCH,2:36 AM,12/26/2013,Y,TXHPD0000,2469,14,106,54,8,2,4,20,64,54,1,5,1,21,21,101,208,29.72907917,-95.52838741,,,,,RICHMOND AVE,,,,,,,,,,,,,,,Y,N,N,3,9,Y,THU,,,,,,,,,,,,,,,,,,,,,,,,,,,,,,,,,,,,,,,,,,,,,,,,,,,,,,,,0,0,2,0,1,2,0,15,,,
13615339,N,N,N,N,N,N,N,12/22/2013,11:58 AM,130068938,430,220,19,N,Y,,,19,,,1,2200,S,COLLINS,ST,N,N,40,N,N,,Y,14,303,,1,900,E,PIONEER,PKWY,,,,,,,11,1,4,2,1,1,5,12:01 PM,DISPATCH,12:04 PM,12/22/2013,Y,TX2200100,59,,,439,8,2,1,34,64,54,1,2,1,21,21,220,19,32.70806106,-97.09755622,SS,303,,8.444,SS0303,,2208,1,18.424,568,0.436,FM,157,,FM0157,,,,,Y,Y,N,5,9,Y,SUN,3,0,0,0,14,3,6,130,96,72,5,1,1,1,0,0,1,0,0,1,14,4,14,33211,2014,33211,2.5,0.4,2.9,,,,,,,,,,,,,,,,,,,,,,,,,,,0,0,0,4,0,0,0,282,,,
13615463,N,N,N,N,N,N,N,12/26/2013,10:09 AM,C13-43197,,105,713,N,Y,,,2,290,,1,1500,W,US HWY 290,,N,N,55,N,N,,N,17,,,,100,,QUAIL FARM,DR,,,,,,,11,1,0,3,1,1,1,10:09 AM,DISPATCH,10:15 AM,12/26/2013,Y,TX1050000,1428,,,35,8,2,3,23,64,13,1,2,1,32,21,105,713,30.19960076,-98.10861232,US,290,,94.469,US0290,1511,113,7,8.106,554,0.113,,,,,,,,,Y,Y,Y,5,1,Y,THU,2,0,0,4,0,2,4,120,48,44,4,0,0,1,0,0,2,4,5,0,0,1,2,21159,2014,21159,2.4,1.5,3.9,,,,,,,,,,,,,,,,,,,,,,,,,,,0,0,0,2,0,0,0,90,,,
13615482,N,N,N,N,N,N,N,12/22/2013,9:48 PM,,,107,1672,Y,Y,32.2313,-95.65888,4,317,,1,,,NOT REPORTED,,N,N,55,N,N,,N,19,,,,,,ANN,DR,,,,,,,11,3,0,1,5,1,12,9:50 PM,DISPATCHED,10:08 PM,12/22/2013,Y,,10000,15,28,1,8,7,4,1,62,25,1,3,2,21,21,107,1672,32.23136984,-95.65931459,FM,317,,9.135,FM0317,11908,889,1,9.223,656,-0.76,,,,,,,,,Y,Y,Y,5,0,Y,SUN,2,0,3,3,0,2,2,100,32,22,2,0,0,2,3,5,2,3,5,0,0,1,7,1101,2014,1101,10.6,0.8,11.4,,,,,,,,,,,,,,,,,,,,,,,,,,,0,0,0,1,0,0,0,,,,
13615504,N,N,N,N,N,N,N,12/22/2013,3:27 PM,13-010915,District 4,84,428,N,Y,,,4,1764,,1,2501,N,PALMER,HWY,N,N,40,N,N,2501 PALMER HWY,Y,4,1764,,1,1000,N,25TH,ST,,,,,1000 25TH ST N,,11,1,0,3,1,1,20,3:28 PM,DISPATCH,3:34 PM,12/22/2013,Y,TX0840900,2239,,,35,8,2,2,22,64,38,1,3,1,21,21,84,428,29.39501194,-94.93072298,FM,1764,,12.693,FM1764,2500,1607,1,11.709,710,-0.099,SH,146,,SH0146,,,,,Y,Y,N,3,6,Y,SUN,2,0,0,0,0,9,6,100,82,68,6,1,1,1,0,0,1,0,0,0,0,3,14,22265,2014,22265,3.9,1.4,5.2,1,178,2,,25,,,,,,,,,,,,,,,,,,,,,,0,0,1,2,0,1,0,15,,,