Crash_ID,Crash_Fatal_Fl,Cmv_Involv_Fl,Schl_Bus_Fl,Rr_Relat_Fl,Medical_Advisory_Fl,Amend_Supp_Fl,Active_School_Zone_Fl,Crash_Date,Crash_Time,Case_ID,Local_Use,Rpt_CRIS_Cnty_ID,Rpt_City_ID,Rpt_Outside_City_Limit_Fl,Thousand_Damage_Fl,Rpt_Latitude,Rpt_Longitude,Rpt_Rdwy_Sys_ID,Rpt_Hwy_Num,Rpt_Hwy_Sfx,Rpt_Road_Part_ID,Rpt_Block_Num,Rpt_Street_Pfx,Rpt_Street_Name,Rpt_Street_Sfx,Private_Dr_Fl,Toll_Road_Fl,Crash_Speed_Limit,Road_Constr_Zone_Fl,Road_Constr_Zone_Wrkr_Fl,Rpt_Street_Desc,At_Intrsct_Fl,Rpt_Sec_Rdwy_Sys_ID,Rpt_Sec_Hwy_Num,Rpt_Sec_Hwy_Sfx,Rpt_Sec_Road_Part_ID,Rpt_Sec_Block_Num,Rpt_Sec_Street_Pfx,Rpt_Sec_Street_Name,Rpt_Sec_Street_Sfx,Rpt_Ref_Mark_Offset_Amt,Rpt_Ref_Mark_Dist_Uom,Rpt_Ref_Mark_Dir,Rpt_Ref_Mark_Nbr,Rpt_Sec_Street_Desc,Rpt_CrossingNumber,Wthr_Cond_ID,Light_Cond_ID,Entr_Road_ID,Road_Type_ID,Road_Algn_ID,Surf_Cond_ID,Traffic_Cntl_ID,Investigat_Notify_Time,Investigat_Notify_Meth,Investigat_Arrv_Time,Report_Date,Investigat_Comp_Fl,ORI_Number,Investigat_Agency_ID,Investigat_Area_ID,Investigat_District_ID,Investigat_Region_ID,Bridge_Detail_ID,Harm_Evnt_ID,Intrsct_Relat_ID,FHE_Collsn_ID,Obj_Struck_ID,Othr_Factr_ID,Road_Part_Adj_ID,Road_Cls_ID,Road_Relat_ID,Phys_Featr_1_ID,Phys_Featr_2_ID,Cnty_ID,City_ID,Latitude,Longitude,Hwy_Sys,Hwy_Nbr,Hwy_Sfx,Dfo,Street_Name,Street_Nbr,Control,Section,Milepoint,Ref_Mark_Nbr,Ref_Mark_Displ,Hwy_Sys_2,Hwy_Nbr_2,Hwy_Sfx_2,Street_Name_2,Street_Nbr_2,Control_2,Section_2,Milepoint_2,Txdot_Rptable_Fl,Onsys_Fl,Rural_Fl,Crash_Sev_ID,Pop_Group_ID,Located_Fl,Day_of_Week,Hwy_Dsgn_Lane_ID,Hwy_Dsgn_Hrt_ID,Hp_Shldr_Left,Hp_Shldr_Right,Hp_Median_Width,Base_Type_ID,Nbr_Of_Lane,Row_Width_Usual,Roadbed_Width,Surf_Width,Surf_Type_ID,Curb_Type_Left_ID,Curb_Type_Right_ID,Shldr_Type_Left_ID,Shldr_Width_Left,Shldr_Use_Left_ID,Shldr_Type_Right_ID,Shldr_Width_Right,Shldr_Use_Right_ID,Median_Type_ID,Median_Width,Rural_Urban_Type_ID,Func_Sys_ID,Adt_Curnt_Amt,Adt_Curnt_Year,Adt_Adj_Curnt_Amt,Pct_Single_Trk_Adt,Pct_Combo_Trk_Adt,Trk_Aadt_Pct,Curve_Type_ID,Curve_Lngth,Cd_Degr,Delta_Left_Right_ID,Dd_Degr,Feature_Crossed,Structure_Number,I_R_Min_Vert_Clear,Approach_Width,Bridge_Median_ID,Bridge_Loading_Type_ID,Bridge_Loading_In_1000_Lbs,Bridge_Srvc_Type_On_ID,Bridge_Srvc_Type_Under_ID,Culvert_Type_ID,Roadway_Width,Deck_Width,Bridge_Dir_Of_Traffic_ID,Bridge_Rte_Struct_Func_ID,Bridge_IR_Struct_Func_ID,CrossingNumber,RRCo,Poscrossing_ID,WDCode_ID,Standstop,Yield,Incap_Injry_Cnt,Nonincap_Injry_Cnt,Poss_Injry_Cnt,Non_Injry_Cnt,Unkn_Injry_Cnt,Tot_Injry_Cnt,Death_Cnt,MPO_ID,Investigat_Service_ID,Investigat_DA_ID,Investigator_Narrative
13615645,N,N,N,N,N,N,N,12/28/2013,4:38 PM,SAPD13284176,3310,15,379,N,Y,,,19,,,1,,,BROADWAY,,N,N,35,N,N,,Y,19,,,1,,,SUNSET,RD,,,,,,,12,1,4,,1,1,5,4:38 PM,SIGHT,4:38 PM,12/28/2013,Y,TXSPD0000,2473,,29,131,8,2,1,34,64,54,1,5,1,21,21,15,379,29.50723495,-98.46623232,,,,,BROADWAY ST,8000,,,,,,,,,W SUNSET RD,,,,,Y,N,N,3,9,Y,SAT,,,,,,,,,,,,,,,,,,,,,,,,,,,,,,,,,,,,,,,,,,,,,,,,,,,,,,,,0,0,1,1,0,1,0,28,,,
13615662,N,N,N,N,N,N,N,12/24/2013,3:00 AM,,,161,1726,Y,Y,31.63193,-96.99805,2,84,,1,,,NOT REPORTED,,N,N,75,N,N,,N,19,,,,,,MAMMY,LN,,,,,,,11,3,0,1,4,1,12,3:12 AM,DISPATCHED,3:30 AM,12/26/2013,Y,,10000,22,119,1,8,7,4,1,31,54,1,2,2,21,21,161,1726,31.63189864,-96.99901497,US,84,,441.928,US0084,,56,1,11.759,696,-0.058,,,,,,,,,Y,Y,Y,5,0,Y,TUE,2,0,10,10,0,9,2,100,44,24,6,0,0,2,10,5,2,10,5,0,0,1,6,5774,2014,5774,6.5,9.2,15.7,,,,,,,,,,,,,,,,,,,,,,,,,,,0,0,0,1,0,0,0,140,,,
13615775,N,N,N,N,N,N,N,12/26/2013,3:18 AM,SAPD13282303,7130,15,379,N,Y,,,19,,,1,7800,,MISTY MOON,,N,N,30,N,N,RESIDENTIAL,Y,19,,,1,5200,,MOON TIDE,,,,,,RESIDENTIAL,,11,3,0,,1,1,1,3:19 AM,DISPATCHER,3:30 AM,12/26/2013,Y,TXSPD0000,2473,,61,123,8,4,2,1,64,3,1,5,1,21,21,15,379,29.48468496,-98.63770228,,,,,MISTY MOON,7818,,,,,,,,,MOON TIDE,,,,,Y,N,N,5,9,Y,THU,,,,,,,,,,,,,,,,,,,,,,,,,,,,,,,,,,,,,,,,,,,,,,,,,,,,,,,,0,0,0,1,0,0,0,28,,,
13615816,N,N,N,N,N,N,N,12/26/2013,10:03 AM,SAPD13282396,7330,15,379,N,Y,,,1,10,,7,12871,W,NOT REPORTED,,Y,N,5,N,N,12871 IH 10 W (PRIVATE PROPERTY),N,19,,,,5200,,DE ZAVALA,RD,,,,,5200 BLK DE ZAVALA RD,,12,1,0,,7,1,1,10:06 AM,DISPATCHED,10:13 AM,12/29/2013,N,TXSPD0000,2473,,61,123,8,4,4,5,64,3,7,9,5,33,21,15,379,,,IH,10,,,IH0010,,,,,,,,,,,,,,,N,Y,N,0,9,N,THU,,,,,,,,,,,,,,,,,,,,,,,,,,,,,,,,,,,,,,,,,,,,,,,,,,,,,,,,0,0,0,0,1,0,0,,,,
13615889,N,N,N,N,N,N,N,12/21/2013,8:08 PM,AC13-12-0017,,107,20,N,N,,,3,31,,1,2800,W,CORSICANA,ST,N,N,60,N,N,,Y,11,7,,3,3100,NW,JED ROBINSON,LOOP,,,,,,,12,4,4,2,1,2,5,8:08 PM,RADIO,8:14 PM,12/21/2013,Y,TX1070100,67,,,13,8,2,1,34,64,54,3,2,1,21,21,107,20,32.19454956,-95.90895081,SH,31,,79.984,SH0031,,163,4,6.838,658,0.312,SL,7,,SL0007,,1099,5,20,N,Y,N,5,5,Y,SAT,3,0,6,10,69,2,4,205,80,48,4,0,0,2,14,5,2,18,5,3,55,1,2,11191,2014,11191,3.2,11.5,14.7,,,,,,,,,,,,,,,,,,,,,,,,,,,0,0,0,2,0,0,0,,,,
13616000,N,N,N,N,N,N,N,12/18/2013,10:00 AM,13-226470,,43,336,N,Y,,,19,,,1,1300,,COFFEYVILLE,TRL,N,N,30,N,N,,Y,19,,,1,6500,,ALAMO,CT,,,,,,,11,1,0,,1,1,1,10:22 AM,RADIO DISPATCH,10:30 AM,12/19/2013,N,TX0430600,1938,,,107,8,4,1,4,64,3,1,5,1,21,21,43,336,33.0625442,-96.71695257,,,,,COFFEYVILLE TRL,1324,,,,,,,,,ALAMO CT,,,,,Y,N,N,0,9,Y,WED,,,,,,,,,,,,,,,,,,,,,,,,,,,,,,,,,,,,,,,,,,,,,,,,,,,,,,,,0,0,0,0,1,0,0,282,,,
13616291,N,N,N,N,N,N,N,12/16/2013,3:20 AM,,,68,1633,Y,Y,31.95428,-102.65638,3,158,,1,,,NOT REPORTED,,N,N,75,N,N,,N,4,181,,,,,NOT REPORTED,,,,,,,,11,3,0,1,1,1,20,3:23 AM,DISPATCHED,4:21 AM,12/16/2013,Y,,10000,1,32,1,8,10,4,1,1,25,1,2,2,21,21,68,1633,31.95289591,-102.657252,SH,158,,1.402,SH0158,,463,7,14.173,246,-0.953,,,,,,,,,Y,Y,Y,2,0,Y,MON,2,0,9,9,0,1,2,119,42,24,2,0,0,2,9,5,2,9,5,0,0,1,6,1719,2014,1719,4.3,15.4,19.8,,,,,,,,,,,,,,,,,,,,,,,,,,,0,1,0,0,0,1,0,,,,
13616299,N,N,N,N,N,N,N,12/19/2013,4:02 PM,13-00557,,14,188,N,Y,,,4,2410,,1,400,W,KNIGHTS,WAY,N,N,45,N,N,,Y,19,,,1,100,,REDWOOD,CIR,,,,,,,12,1,98,1,1,1,11,4:02 PM,DISPATCH,4:05 PM,12/19/2013,Y,TX0140300,1415,,,,8,2,2,22,64,47,1,3,1,21,21,14,188,31.07465124,-97.67717772,FM,2410,,2.456,FM2410,,2304,2,6.364,540,0.18,,,,RED WOOD CIR,,,,,Y,Y,N,1,6,Y,THU,2,0,4,4,0,2,2,100,28,20,4,0,0,2,4,5,2,4,5,0,0,4,14,11943,2014,11943,2.1,4.9,7,,,,,,,,,,,,,,,,,,,,,,,,,,,1,0,0,1,0,1,0,277,,,
13616318,N,N,N,N,N,Y,N,12/22/2013,6:41 PM,,,68,1633,Y,Y,31.8754,-102.42342,15,,,1,,W,42ND,ST,N,N,55,N,N,,Y,3,302,,1,,,NOT REPORTED,,,,,,,,11,3,2,,4,1,9,6:46 PM,DISPATCHED,7:14 PM,1/22/2014,Y,,10000,1,32,1,8,2,2,22,64,38,1,2,1,21,21,68,1633,,,,,,,W 42ND ST,,,,,,,SH,302,,SH0302,,,,,Y,N,Y,5,0,N,SUN,,,,,,,,,,,,,,,,,,,,,,,,,,,,,,,,,,,,,,,,,,,,,,,,,,,,,,,,0,0,0,2,1,0,0,,,,
13616338,N,N,N,N,N,N,N,12/28/2013,11:55 AM,,,121,1686,Y,Y,30.642,-93.89,4,82,,1,,,NOT REPORTED,,N,N,65,N,N,,N,4,1013,,,,,NOT REPORTED,,,,,,,,11,1,0,1,3,1,11,11:58 AM,DPS LUFKIN,12:19 PM,12/29/2013,Y,,10000,15,58,1,8,8,4,1,98,54,1,3,1,21,21,121,1686,30.64068601,-93.88081532,FM,82,,5.805,FM0082,,1583,1,16.126,764,-0.204,,,,,,,,,Y,Y,Y,5,0,Y,SAT,2,0,0,0,0,2,2,100,24,24,2,0,0,1,0,0,1,0,0,0,0,1,7,1572,2014,1572,4.6,28.4,33.1,,,,,,,,,,,,,,,,,,,,,,,,,,,0,0,0,1,0,0,0,,,,
13616639,N,N,N,N,N,N,N,12/19/2013,4:22 PM,13-007561,,101,211,N,Y,,,2,59,,1,20000,N,NOT REPORTED,,N,N,65,N,N,,N,4,1960,,1,10000,W,NOT REPORTED,,,,,,,,12,1,0,2,2,1,20,4:26 PM,DISPATCHED,4:34 PM,12/19/2013,Y,TX1010900,1496,,,,8,2,4,21,64,9,1,1,1,21,21,101,211,30.00493807,-95.26807793,IH,69,,43.055,IH0069,,177,6,1.413,135,14.36,,,,,,,,,Y,Y,N,5,5,Y,THU,5,1,10,6,44,3,8,360,152,120,5,0,0,2,16,5,2,16,5,2,28,4,11,86457,2014,86457,2.3,5.9,8.2,,,,,,,,,,,,,,,,,,,,,,,,,,,0,0,0,2,0,0,0,15,,,
13616839,N,N,N,N,N,N,N,12/16/2013,5:55 PM,13-1216-0020,13A1010,246,372,N,Y,,,19,,,1,3800,,GATTIS SCHOOL,RD,N,N,45,N,N,,N,19,,,,,,RED BUD,LN,,,,,,,11,4,0,,1,1,1,6:33 PM,DISPATCHER,6:54 PM,12/16/2013,Y,TX2460500,2047,,,90,8,2,3,14,64,14,1,4,1,32,21,246,372,30.49712473,-97.61328248,,,,,GATTIS SCHOOL RD,3800,,,,,,,,,,,,,,Y,N,N,5,8,Y,MON,,,,,,,,,,,,,,,,,,,,,,,,,,,,,,,,,,,,,,,,,,,,,,,,,,,,,,,,0,0,0,2,0,0,0,90,,,
13616993,N,N,N,N,N,N,N,12/24/2013,3:34 AM,2013162548,,57,67,N,Y,,,17,,,7,1213,E,TRINITY MILLS,RD,Y,N,-1,N,N,PARKING LOT,N,19,,,,1400,,RAIFORD,RD,,,,,,,11,3,0,,2,1,1,3:34 AM,334,3:37 AM,12/24/2013,Y,TX0570400,214,,,170,8,4,4,1,64,54,7,9,5,33,21,57,67,,,,,,,E TRINITY MILLS RD,,,,,,,,,,,,,,,N,N,N,5,8,N,TUE,,,,,,,,,,,,,,,,,,,,,,,,,,,,,,,,,,,,,,,,,,,,,,,,,,,,,,,,0,0,0,1,0,0,0,,,,
13617002,N,N,N,N,N,N,N,12/30/2013,8:42 AM,327665A,,57,107,N,Y,,,19,,,1,2900,,ROYAL,LN,N,N,35,N,N,,Y,19,,,1,10800,,BROCKBANK,DR,,,,,,,11,1,2,,1,1,8,8:44 AM,DISPATCHED,8:47 AM,12/30/2013,Y,TX0000006,2471,,,87,8,2,1,34,64,54,1,5,1,21,21,57,107,32.89521424,-96.88074254,,,,,ROYAL LN,,,,,,,,,,BROCKBANK DR,,,,,Y,N,N,2,9,Y,MON,,,,,,,,,,,,,,,,,,,,,,,,,,,,,,,,,,,,,,,,,,,,,,,,,,,,,,,,0,1,0,2,0,1,0,282,,,
13617015,N,N,N,N,N,N,N,12/13/2013,5:10 PM,,,168,1733,Y,Y,32.408,-100.843,1,20,,2,,,NOT REPORTED,,N,N,65,N,N,,N,15,139,,,,,NOT REPORTED,,,,,,,,11,1,0,2,4,1,20,5:10 PM,MITCHELL CO. SO,5:14 PM,12/26/2013,Y,,10000,19,1,1,8,10,4,1,1,54,2,1,2,21,21,168,87,32.40819549,-100.8439469,IH,20,,217.411,IH0020,,5,8,22.009,217,0.347,,,,,,,,,Y,Y,Y,3,3,Y,FRI,5,0,4,10,40,2,4,400,76,48,4,0,0,2,8,5,2,20,5,3,32,2,11,16230,2014,16230,4.2,37.3,41.5,,,,,,,,,,,,,,,,,,,,,,,,,,,0,0,1,0,0,1,0,,,,
13617237,N,N,N,N,N,N,N,12/27/2013,4:48 PM,13-22535,,92,268,N,Y,,,14,502,,1,2300,,JUDSON,RD,N,N,45,N,N,,Y,19,,,1,100,,TALL PINES,AVE,,,,,,,11,1,2,3,1,1,20,4:49 PM,DISPATCHED,4:49 PM,12/27/2013,Y,TX0920500,1691,,,87,8,2,1,23,64,9,1,2,1,21,21,92,268,32.53767536,-94.74486849,SS,502,,4.659,SS0502,,392,8,5.652,276,0.606,,,,TALL PINES AVE,,,,,Y,Y,N,2,7,Y,FRI,2,0,0,0,0,2,4,100,66,65,4,2,2,1,0,0,1,0,0,0,0,3,14,17224,2014,17224,2.9,7.1,10,,,,,,,,,,,,,,,,,,,,,,,,,,,0,1,0,3,0,1,0,361,,,
13617342,N,N,N,N,N,N,N,12/25/2013,6:19 PM,,,73,1638,Y,Y,31.42133,-96.9085,4,1240,,1,,,NOT REPORTED,,N,N,60,N,N,,N,3,6,,,,,NOT REPORTED,,,,,,,,11,3,0,1,4,1,11,6:22 PM,DISPATCHED,6:29 PM,12/29/2013,Y,,10000,19,119,1,8,6,4,1,64,54,1,3,1,21,21,73,1638,31.42125767,-96.90868323,FM,1240,,0.477,FM1240,219,1373,1,5.475,582,0.448,,,,,,,,,Y,Y,Y,5,0,Y,WED,2,0,3,3,0,2,2,80,26,20,2,0,0,3,3,5,3,3,5,0,0,1,8,271,2014,271,3.4,7.1,10.4,1,112,5,2,29,,,,,,,,,,,,,,,,,,,,,,0,0,0,5,0,0,0,,,,
13617609,N,N,N,N,N,N,N,12/21/2013,5:21 AM,,,232,1797,Y,Y,29.22151,-99.46017,5,187,,1,,,NOT REPORTED,,N,N,60,N,N,,N,,,,,,,NOT REPORTED,,0.2,M,N,524,,,11,3,0,1,1,1,11,5:30 AM,DEL RIO COMM.,6:13 AM,12/21/2013,Y,,10000,7,137,1,8,7,4,1,22,3,1,3,2,21,21,232,1797,29.2260585,-99.46065786,RM,187,,57.634,RM0187,,369,3,6.331,524,-0.2,,,,NOT REPORTED,,,,,Y,Y,Y,1,0,Y,SAT,2,0,0,0,0,2,2,100,20,20,4,0,0,1,0,0,1,0,0,0,0,1,7,261,2014,261,8.2,5.5,13.7,1,64,2,1,8,,,,,,,,,,,,,,,,,,,,,,1,0,0,0,0,1,0,,,,
13617769,N,Y,N,N,N,N,N,12/27/2013,3:30 AM,,,178,1743,Y,Y,27.56349,-97.79418,2,77,,1,,,NOT REPORTED,,N,N,75,N,N,,N,15,4,,,,,NOT REPORTED,,,,,,,,2,3,0,3,4,2,11,6:36 AM,DISPATCHED,6:48 AM,12/27/2013,Y,,10000,17,112,1,8,9,4,1,3,54,1,2,2,21,21,178,1743,27.57055326,-97.81749237,BU,77,V,3.618,BU0077V,,102,11,39.484,628,-0.456,,,,,,,,,Y,Y,Y,5,0,Y,FRI,2,0,6,6,0,2,4,120,60,48,4,0,0,2,6,5,2,6,5,0,0,1,6,5679,2014,5679,7.5,6.4,13.9,,,,,,,,,,,,,,,,,,,,,,,,,,,0,0,0,1,0,0,0,,,,
13617809,N,N,N,N,N,N,N,12/20/2013,4:30 AM,,,36,1601,Y,Y,29.78932,-94.59313,3,65,,1,,,NOT REPORTED,,N,N,65,N,N,,N,,,,,,,NOT REPORTED,,0.1,M,W,726,,,11,3,0,1,1,2,11,4:30 AM,CHAMBERS COUNTY SO,4:32 AM,12/29/2013,Y,,10000,16,35,1,8,7,4,1,22,3,1,2,2,21,21,36,1601,29.78959438,-94.57629526,SH,65,,3.896,SH0065,,368,1,3.892,726,-0.1,,,,NOT REPORTED,,,,,Y,Y,Y,5,0,Y,FRI,2,0,3,3,0,8,2,120,28,22,4,0,0,2,3,5,2,3,5,0,0,1,7,1059,2014,1059,7.7,2.9,10.6,,,,,,,,,,,,,,,,,,,,,,,,,,,0,0,0,1,0,0,0,15,,,
13617866,N,N,N,N,N,N,N,12/30/2013,5:48 PM,13-53357,,108,331,N,N,,,1,69,C,1,5600,N,INTERSTATE 69C,,N,N,65,N,N,US HWY 281,N,19,,,,100,W,NOLANA,LOOP,,,,,,,2,4,98,2,1,2,20,5:48 PM,RADIO DISPATCHED,5:52 PM,12/30/2013,Y,TX1081100,1926,,,35,8,7,4,1,39,1,1,1,4,21,21,108,331,26.23040603,-98.17837135,IH,69,C,1.746,IH0069C,,255,8,2.722,,,,,,,,,,,N,Y,N,5,7,Y,MON,5,0,4,9,16,2,6,300,105,72,4,0,0,2,14,5,2,19,5,,2,4,11,83477,2014,83477,5,37.1,42.1,,,,,,,,,,,,,,,,,,,,,,,,,,,0,0,0,1,0,0,0,230,,,
13618824,N,N,N,N,N,N,N,12/30/2013,9:50 AM,2013008847,,4,368,N,Y,,,3,35,,1,600,S,35 S,HWY,N,N,35,N,N,,Y,19,,,1,300,E,MARKET,ST,,,,,,,12,1,0,2,1,1,5,9:50 AM,ARANSAS CO. COMM.,9:55 AM,12/30/2013,Y,TX0040200,2033,,,35,8,2,2,35,64,38,1,2,1,21,21,4,368,28.02917923,-97.0821472,SH,35,,189.332,SH0035,,180,4,12.674,,,FM,1069,,FM1069,,,,,Y,Y,N,5,4,Y,MON,4,0,10,10,314,2,4,500,88,48,4,0,0,2,14,5,2,20,5,3,300,2,16,8758,2014,8758,9.1,12,21.1,,,,,,,,,,,,,,,,,,,,,,,,,,,0,0,0,3,0,0,0,,,,
13619250,N,N,N,N,N,N,N,12/27/2013,7:20 AM,,,37,1602,Y,Y,32.10067,-95.11491,3,110,,1,,,NOT REPORTED,,N,N,70,N,N,,N,15,4701,,,,,NOT REPORTED,,,,,,,,11,1,0,1,2,1,12,7:22 AM,CCSO DISPATCH,7:48 AM,12/27/2013,Y,TXDPS5500,10000,1,28,1,8,6,4,1,64,54,1,2,1,21,21,37,1602,32.1013224,-95.11504313,SH,110,,60.152,SH0110,21693,345,3,2.566,332,0.593,,,,,,,,,Y,Y,Y,5,0,Y,FRI,2,0,3,3,0,2,2,100,34,24,4,0,0,2,3,5,2,3,5,0,0,1,7,3273,2014,3273,9,10.5,19.4,,,,,,,,,,,,,,,,,,,,,,,,,,,0,0,0,1,0,0,0,,,,
13619544,N,N,N,N,N,N,N,12/18/2013,2:40 PM,130174412,1036314,101,1666,Y,Y,29.92646,-95.63485,17,,,7,21200,NW,FREEWAY,,Y,N,0,N,N,,N,15,,,,,,HUFFMEISTER,,,,,,,,11,1,0,,1,1,1,2:54 PM,DISPATCHED,2:59 PM,12/18/2013,Y,TX1010000,1419,110,4,5,8,4,4,1,64,54,7,9,5,33,21,101,1666,,,,,,,NW FREEWAY,,,,,,,,,,,,,,,N,N,Y,3,0,N,WED,,,,,,,,,,,,,,,,,,,,,,,,,,,,,,,,,,,,,,,,,,,,,,,,,,,,,,,,0,0,1,0,0,1,0,,,,
13619600,N,N,N,N,N,N,N,12/13/2013,3:35 PM,130171904,1036662,101,1666,Y,N,,,4,1960,,1,13100,W,NOT REPORTED,,N,N,40,N,N,,N,15,,,,,,WORTHAM,BLVD,,,,,,,12,1,0,3,1,2,1,3:38 PM,DISPATCHED,3:44 PM,12/13/2013,Y,TX1010000,1419,110,4,5,8,2,4,22,64,42,1,3,1,21,21,101,1666,29.91823336,-95.61264355,FM,1960,,0.197,FM1960,13029,1685,1,1.487,666,0.166,,,,,,,,,N,Y,Y,5,0,Y,FRI,2,0,0,0,0,9,6,100,86,70,5,0,0,1,0,0,1,0,0,0,0,4,14,51519,2014,51519,3.5,1,4.6,,,,,,,,,,,,,,,,,,,,,,,,,,,0,0,0,2,0,0,0,15,,,
13619753,N,Y,N,N,N,N,N,12/28/2013,1:30 PM,326493A,CITY EQUIP #02061,57,107,N,Y,,,19,,,1,2400,W,KIEST,BLVD,N,N,35,N,N,,N,19,,,,3200,S,HAMPTON,RD,,,,,,,11,1,0,,1,1,1,2:47 PM,DISPATCHED,3:00 PM,12/28/2013,Y,tx0000006,2471,,,65,8,2,1,23,64,54,1,5,1,21,21,57,107,32.70568308,-96.85721141,,,,,W KIEST BLVD,2400,,,,,,,,,S HAMPTON RD,,,,,Y,N,N,5,9,Y,SAT,,,,,,,,,,,,,,,,,,,,,,,,,,,,,,,,,,,,,,,,,,,,,,,,,,,,,,,,0,0,0,5,0,0,0,282,,,
13619885,N,Y,N,N,N,N,N,12/18/2013,5:10 PM,130174501,1023656,101,1666,Y,N,,,3,249,,2,22400,,TOMBALL,PKWY,N,N,45,N,N,,N,19,,,,,,LAKE,DR,,,,,,,11,1,0,2,1,1,20,5:30 PM,DISPATCHED,5:39 PM,12/18/2013,Y,TX1010000,1419,55,33,5,8,7,4,1,21,35,2,2,2,21,21,101,1666,30.00165884,-95.5833296,SH,249,,13.386,SH0249,,720,3,9.73,458,0.989,,,,,,,,,N,Y,Y,5,0,Y,WED,5,0,20,10,42,3,6,400,132,72,5,0,0,2,40,5,2,20,5,2,2,4,12,52892,2014,52892,5.1,7.4,12.4,,,,,,,,,,,,,,,,,,,,,,,,,,,0,0,0,2,0,0,0,15,,,
13619966,N,Y,Y,N,N,N,N,12/20/2013,3:30 PM,13-124401,,220,156,N,Y,32.73866,-97.27011,19,,,1,500,,FORBY,AVE,N,N,30,N,N,500 FORBY AVE,Y,19,,,1,3700,,PANOLA,AVE,,,,,3700 PANOLA,,12,1,2,,1,1,8,3:36 PM,DISPATCHED,3:47 PM,12/20/2013,Y,TX2201200,1318,4,9,23,8,2,2,19,64,48,1,5,1,21,21,220,156,32.73861428,-97.27012245,,,,,FORBY AVE,599,,,,,,,,,PANOLA AVE,,,,,Y,N,N,5,9,Y,FRI,,,,,,,,,,,,,,,,,,,,,,,,,,,,,,,,,,,,,,,,,,,,,,,,,,,,,,,,0,0,0,19,0,0,0,282,,,
13620214,N,N,N,N,N,N,N,12/20/2013,2:25 PM,0158003713E,,101,208,N,Y,,,19,,,1,7800,,AIRPORT,BLVD,Y,N,-1,N,N,DRY CONCRETE,N,19,,,,8600,,BROADWAY,ST,,,,,,,12,1,3,,1,1,20,2:30 PM,DISPATCH,2:34 PM,12/20/2013,Y,TXHPD0000,2469,14,362,150,8,2,4,28,64,54,7,9,5,1,21,101,208,,,,,,,AIRPORT BLVD,,,,,,,,,,,,,,,N,N,N,5,9,N,FRI,,,,,,,,,,,,,,,,,,,,,,,,,,,,,,,,,,,,,,,,,,,,,,,,,,,,,,,,0,0,0,2,0,0,0,,,,
13620222,N,N,N,N,N,N,N,12/26/2013,6:45 PM,13-31055,,101,325,N,Y,,,19,,,1,8200,,RED BLUFF,RD,N,N,55,N,N,,Y,19,,,1,5600,,GENOA RED BLUFF,RD,,,,,,,11,4,4,,1,1,5,6:47 PM,DISPATCH,7:01 PM,12/26/2013,Y,TX1011500,1912,,,697,8,2,1,10,64,54,1,5,1,21,21,101,325,29.63504481,-95.10735316,,,,,RED BLUFF RD,,,,,,,,,,GENOA RED BLUFF RD,,,,,Y,N,N,3,8,Y,THU,,,,,,,,,,,,,,,,,,,,,,,,,,,,,,,,,,,,,,,,,,,,,,,,,,,,,,,,0,0,2,2,0,2,0,15,,,
13620497,N,N,N,N,N,N,N,12/27/2013,8:15 AM,325357A,,57,107,N,Y,,,3,352,,1,6000,,SCYENE,RD,N,N,35,N,N,MAIN,N,19,,,,3000,,ELMIRA,ST,,,,,MAIN,,11,1,0,2,2,1,20,8:26 AM,DISPATCHED,8:38 AM,12/27/2013,N,TX0000006,2471,,,27,8,7,2,1,21,32,1,2,2,21,21,57,107,32.76572407,-96.71761194,SH,352,,3.558,SH0352,6106,430,1,1.968,592,0.094,,,,ELMIRA ST,,,,,Y,Y,N,5,9,Y,FRI,3,0,0,8,14,3,6,100,74,66,5,1,0,1,0,0,2,8,5,1,14,4,14,16553,2014,16553,2.7,3.4,6.2,,,,,,,,,,,,,,,,,,,,,,,,,,,0,0,0,1,0,0,0,282,,,
13620736,N,N,N,N,N,N,N,12/20/2013,6:50 PM,0158135713Y,FSGI,101,208,N,Y,,,4,1960,,1,8700,W,FM 1960,,N,N,45,N,N,STRAIGHT AND LEVEL CONCRETE,N,19,,,,8900,,MILLS,RD,,,,,,,12,4,0,3,1,1,5,7:04 PM,DISPATCH,7:14 PM,12/20/2013,Y,TXHPD0000,2469,6,106,87,8,2,4,20,64,54,1,3,1,21,21,101,1666,29.95345851,-95.55596104,FM,1960,,4.399,FM1960,8743,1685,1,5.664,670,0.675,,,,,,,,,Y,Y,Y,0,0,Y,FRI,2,0,0,0,0,9,6,100,86,70,5,0,0,1,0,0,1,0,0,0,0,4,14,45085,2014,45085,3.5,1,4.6,,,,,,,,,,,,,,,,,,,,,,,,,,,0,0,0,0,3,0,0,15,,,
13620817,N,N,N,N,N,N,N,12/20/2013,11:20 PM,,,170,1735,Y,Y,30.28422,-95.22787,15,,,1,,,DAW COLLINS,RD,N,N,40,N,N,,N,15,,,,,,PARTAIN,RD,,,,,,,2,3,0,,4,2,12,11:25 PM,DISPATCHED,11:45 PM,12/30/2013,Y,,10000,46,52,1,8,7,4,1,32,54,1,4,2,21,21,170,1735,30.28021426,-95.22973587,,,,,DAW COLLINS RD,11375,,,,,,,,,,,,,,Y,N,Y,2,0,Y,FRI,,,,,,,,,,,,,,,,,,,,,,,,,,,,,,,,,,,,,,,,,,,,,,,,,,,,,,,,0,1,0,0,0,1,0,15,,,