Crash_ID,Crash_Fatal_Fl,Cmv_Involv_Fl,Schl_Bus_Fl,Rr_Relat_Fl,Medical_Advisory_Fl,Amend_Supp_Fl,Active_School_Zone_Fl,Crash_Date,Crash_Time,Case_ID,Local_Use,Rpt_CRIS_Cnty_ID,Rpt_City_ID,Rpt_Outside_City_Limit_Fl,Thousand_Damage_Fl,Rpt_Latitude,Rpt_Longitude,Rpt_Rdwy_Sys_ID,Rpt_Hwy_Num,Rpt_Hwy_Sfx,Rpt_Road_Part_ID,Rpt_Block_Num,Rpt_Street_Pfx,Rpt_Street_Name,Rpt_Street_Sfx,Private_Dr_Fl,Toll_Road_Fl,Crash_Speed_Limit,Road_Constr_Zone_Fl,Road_Constr_Zone_Wrkr_Fl,Rpt_Street_Desc,At_Intrsct_Fl,Rpt_Sec_Rdwy_Sys_ID,Rpt_Sec_Hwy_Num,Rpt_Sec_Hwy_Sfx,Rpt_Sec_Road_Part_ID,Rpt_Sec_Block_Num,Rpt_Sec_Street_Pfx,Rpt_Sec_Street_Name,Rpt_Sec_Street_Sfx,Rpt_Ref_Mark_Offset_Amt,Rpt_Ref_Mark_Dist_Uom,Rpt_Ref_Mark_Dir,Rpt_Ref_Mark_Nbr,Rpt_Sec_Street_Desc,Rpt_CrossingNumber,Wthr_Cond_ID,Light_Cond_ID,Entr_Road_ID,Road_Type_ID,Road_Algn_ID,Surf_Cond_ID,Traffic_Cntl_ID,Investigat_Notify_Time,Investigat_Notify_Meth,Investigat_Arrv_Time,Report_Date,Investigat_Comp_Fl,ORI_Number,Investigat_Agency_ID,Investigat_Area_ID,Investigat_District_ID,Investigat_Region_ID,Bridge_Detail_ID,Harm_Evnt_ID,Intrsct_Relat_ID,FHE_Collsn_ID,Obj_Struck_ID,Othr_Factr_ID,Road_Part_Adj_ID,Road_Cls_ID,Road_Relat_ID,Phys_Featr_1_ID,Phys_Featr_2_ID,Cnty_ID,City_ID,Latitude,Longitude,Hwy_Sys,Hwy_Nbr,Hwy_Sfx,Dfo,Street_Name,Street_Nbr,Control,Section,Milepoint,Ref_Mark_Nbr,Ref_Mark_Displ,Hwy_Sys_2,Hwy_Nbr_2,Hwy_Sfx_2,Street_Name_2,Street_Nbr_2,Control_2,Section_2,Milepoint_2,Txdot_Rptable_Fl,Onsys_Fl,Rural_Fl,Crash_Sev_ID,Pop_Group_ID,Located_Fl,Day_of_Week,Hwy_Dsgn_Lane_ID,Hwy_Dsgn_Hrt_ID,Hp_Shldr_Left,Hp_Shldr_Right,Hp_Median_Width,Base_Type_ID,Nbr_Of_Lane,Row_Width_Usual,Roadbed_Width,Surf_Width,Surf_Type_ID,Curb_Type_Left_ID,Curb_Type_Right_ID,Shldr_Type_Left_ID,Shldr_Width_Left,Shldr_Use_Left_ID,Shldr_Type_Right_ID,Shldr_Width_Right,Shldr_Use_Right_ID,Median_Type_ID,Median_Width,Rural_Urban_Type_ID,Func_Sys_ID,Adt_Curnt_Amt,Adt_Curnt_Year,Adt_Adj_Curnt_Amt,Pct_Single_Trk_Adt,Pct_Combo_Trk_Adt,Trk_Aadt_Pct,Curve_Type_ID,Curve_Lngth,Cd_Degr,Delta_Left_Right_ID,Dd_Degr,Feature_Crossed,Structure_Number,I_R_Min_Vert_Clear,Approach_Width,Bridge_Median_ID,Bridge_Loading_Type_ID,Bridge_Loading_In_1000_Lbs,Bridge_Srvc_Type_On_ID,Bridge_Srvc_Type_Under_ID,Culvert_Type_ID,Roadway_Width,Deck_Width,Bridge_Dir_Of_Traffic_ID,Bridge_Rte_Struct_Func_ID,Bridge_IR_Struct_Func_ID,CrossingNumber,RRCo,Poscrossing_ID,WDCode_ID,Standstop,Yield,Incap_Injry_Cnt,Nonincap_Injry_Cnt,Poss_Injry_Cnt,Non_Injry_Cnt,Unkn_Injry_Cnt,Tot_Injry_Cnt,Death_Cnt,MPO_ID,Investigat_Service_ID,Investigat_DA_ID,Investigator_Narrative
13620836,N,N,N,N,N,N,N,12/31/2013,2:26 PM,0162382113E,FSGI,101,208,N,Y,,,19,,,1,570,,EL DORADO,BLVD,Y,N,5,N,N,,N,3,3,,,15600,,GALVESTON,RD,,,,,,,11,1,0,,1,1,20,2:26 PM,DISPATCH,2:32 PM,12/31/2013,Y,TXHPD0000,2469,9,104,17,8,2,4,40,64,12,7,9,5,33,21,101,208,,,,,,,EL DORADO BLVD,,,,,,,,,,,,,,,N,N,N,5,9,N,TUE,,,,,,,,,,,,,,,,,,,,,,,,,,,,,,,,,,,,,,,,,,,,,,,,,,,,,,,,0,0,0,1,1,0,0,,,,
13621057,N,N,N,N,N,N,N,12/22/2013,9:36 PM,13-02285,,227,250,N,Y,,,5,620,,1,200,,RR 620 SOUTH,,N,N,55,N,N,,N,19,,,1,15600,,CLARA VAN,,,,,,,,11,3,2,3,3,1,8,9:36 PM,RADIO,9:40 PM,12/23/2013,Y,TX2271100,1633,,,,8,2,2,14,64,3,1,3,1,21,21,227,250,30.36471572,-97.9519664,RM,620,,4.875,RM0620,,683,2,4.828,528,0.742,,,,CLARA VAN ST,,,,,Y,Y,N,5,5,Y,SUN,2,0,8,8,0,2,4,140,76,60,4,0,0,2,8,5,2,8,5,0,0,4,14,32063,2014,32063,1.3,1.7,3,1,78,2,2,10,,,,,,,,,,,,,,,,,,,,,,0,0,0,2,0,0,0,90,,,
13621643,N,Y,Y,N,N,N,N,12/14/2013,2:45 PM,130172451,4002950,101,208,N,Y,,,12,,,1,9500,W,SAM HOUSTON,PKWY,N,Y,65,N,N,"SOUTH, SOUTHBOUND",N,19,,,,,,BEECHNUT,,,,,,,,12,1,0,1,1,1,20,2:59 PM,DISPATCHED,3:02 PM,12/14/2013,Y,TX1015000,2745,61,88,53,8,2,2,21,64,48,1,2,1,21,21,101,208,29.68875057,-95.55753178,SL,8,,13.771,SL0008,,3256,1,4.778,694,-0.114,,,,BEECHNUT ST,,,,,Y,Y,N,2,9,Y,SAT,1,0,0,0,0,9,3,300,36,36,5,1,1,1,0,0,1,0,0,0,0,4,14,14378,2014,14378,1.8,1.4,3.2,,,,,,,,,,,,,,,,,,,,,,,,,,,0,1,0,15,0,1,0,15,,,
13622249,N,N,N,N,N,N,N,12/19/2013,12:28 PM,0157497713O,,101,208,N,Y,,,19,,,1,8800,,RICHMOND,AVE,N,N,35,N,N,,N,19,,,,,,FONDREN,RD,,,,,,,12,1,0,,1,2,1,12:47 PM,HPD DISPATCHER,12:57 PM,12/20/2013,Y,TXHPD0000,2469,14,106,54,8,2,2,22,64,42,1,5,1,21,21,101,208,29.72897642,-95.52046715,,,,,RICHMOND AVE,,,,,,,,,,FONDREN RD,,,,,Y,N,N,2,9,Y,THU,,,,,,,,,,,,,,,,,,,,,,,,,,,,,,,,,,,,,,,,,,,,,,,,,,,,,,,,0,1,1,0,0,2,0,15,,,
13622464,N,N,N,N,N,N,N,12/21/2013,9:45 PM,,,166,1731,Y,Y,30.54355,-97.14386999,15,455,,1,,,NOT REPORTED,,N,N,60,N,N,,N,15,450,,,,,NOT REPORTED,,,,,,,,5,3,0,,1,1,1,9:50 PM,DISPATCHED,10:30 PM,12/22/2013,Y,,10000,19,119,1,8,6,4,1,64,24,1,4,1,21,21,166,1731,30.54356778,-97.14382643,,,,,COUNTY ROAD 455,2656,,,,,,,,,,,,,,Y,N,Y,5,0,Y,SAT,,,,,,,,,,,,,,,,,,,,,,,,,,,,,,,,,,,,,,,,,,,,,,,,,,,,,,,,0,0,0,1,0,0,0,,,,
13622779,N,N,N,N,N,N,N,12/27/2013,6:00 AM,0160701613V,FSGI,101,208,N,Y,,,19,,,1,11519,,LEADER,ST,N,N,30,N,N,CONCRETE RESIDENTIAL STREET,N,19,,,,6900,,BELLE PARK,DR,,,,,,,11,3,0,,1,1,1,6:40 AM,VOLUNTEERED,6:49 AM,12/27/2013,Y,TXHPD0000,2469,24,128,39,8,4,2,3,36,54,1,5,1,21,21,101,208,29.70318344,-95.58294525,,,,,LEADER ST,11585,,,,,,,,,BELLE PARK DR,,,,,Y,N,N,5,9,Y,FRI,,,,,,,,,,,,,,,,,,,,,,,,,,,,,,,,,,,,,,,,,,,,,,,,,,,,,,,,0,0,0,1,2,0,0,15,,,
13622829,Y,N,N,N,N,Y,N,12/23/2013,8:10 PM,23 HALTOM,,102,1667,Y,N,32.48495,-94.50586,1,20,,1,,,NOT REPORTED,,N,N,75,N,N,,N,,,,,,,NOT REPORTED,,0.3,M,W,609,,,11,3,0,2,2,1,20,8:10 PM,HCSO,8:27 PM,7/7/2014,Y,TXDPS3100,10000,8,28,1,8,1,4,1,64,54,1,1,1,21,21,102,1667,32.48505936,-94.50547534,IH,20,,607.356,IH0020,,495,8,11.695,609,-0.31,,,,NOT REPORTED,,,,,Y,Y,Y,4,0,Y,MON,5,0,4,10,46,3,4,300,76,48,6,0,0,2,8,5,2,20,5,3,38,1,1,27727,2014,27727,3.4,35.2,38.5,,,,,,,,,,,,,,,,,,,,,,,,,,,0,0,0,0,1,0,1,,,,
13622952,N,Y,N,N,Y,N,N,12/31/2013,10:15 AM,SAPD13285896,3360,15,379,N,Y,,,19,,,1,4800,,RITTIMAN,RD,N,N,40,N,N,4800 RITTIMAN RD,N,19,,,,6000,,BUSINESS PARK,,,,,,6000 BUSINESS PARK,,11,1,0,,1,1,20,10:18 AM,CITIZEN,10:20 AM,12/31/2013,Y,TXSPD0000,2473,,29,131,8,2,4,30,64,54,1,5,1,21,21,15,379,29.48409131,-98.39491178,,,,,RITTIMAN RD,4893,,,,,,,,,,,,,,Y,N,N,2,9,Y,TUE,,,,,,,,,,,,,,,,,,,,,,,,,,,,,,,,,,,,,,,,,,,,,,,,,,,,,,,,0,1,0,1,0,1,0,28,,,
13623029,N,N,N,N,N,N,N,12/19/2013,3:00 PM,12/19/2013,,242,1320,N,Y,,,2,83,,1,1200,N,MAIN,ST,N,N,30,N,N,DRY AND CLEAR,Y,19,,,1,100,E,SERVICE,RD,,,,,DRY AND CLEAR,,11,1,0,,1,1,11,3:00 PM,DISPATCH,3:10 PM,12/29/2013,Y,TX2420100,2117,,,35,8,2,1,10,64,14,1,2,1,32,21,242,1320,,,US,83,,,US0083,,,,,,,,,,E SERVICE RD,,,,,Y,Y,Y,5,1,N,THU,,,,,,,,,,,,,,,,,,,,,,,,,,,,,,,,,,,,,,,,,,,,,,,,,,,,,,,,0,0,0,2,0,0,0,,,,
13623183,N,N,N,N,N,N,N,12/27/2013,12:21 PM,2013-51160,,101,29,N,Y,,,19,,,1,2900,N,MAIN,ST,N,N,45,N,N,,Y,19,,,1,100,,BOB SMITH,RD,,,,,,,11,1,2,,1,1,5,12:21 PM,DISPATCH,12:47 PM,12/27/2013,Y,TX1010100,100,,,44,8,2,1,14,64,54,1,5,1,21,21,101,29,29.75350479,-94.96388319,,,,,N MAIN ST,2898,,,,,,,,,BOB SMITH RD,,,,,Y,N,N,5,7,Y,FRI,,,,,,,,,,,,,,,,,,,,,,,,,,,,,,,,,,,,,,,,,,,,,,,,,,,,,,,,0,0,0,2,0,0,0,15,,,
13623226,N,N,N,N,N,N,N,12/16/2013,10:22 PM,13-13-28858,,158,28,N,Y,,,19,,,1,3000 BLK,,3RD STREET,ST,N,N,30,N,N,,N,19,,,,2400 BLK,,NICHOLS,,,,,,,,11,3,0,,1,1,1,10:27 PM,RADIO,10:40 PM,12/17/2013,Y,TX1610100,93,,,35,8,4,4,4,64,10,1,5,1,21,21,158,28,28.97936946,-95.95302637,,,,,3RD ST,3116,,,,,,,,,,,,,,Y,N,N,0,5,Y,MON,,,,,,,,,,,,,,,,,,,,,,,,,,,,,,,,,,,,,,,,,,,,,,,,,,,,,,,,0,0,0,0,1,0,0,,,,
13623365,N,N,N,N,N,N,N,12/21/2013,3:00 PM,0158584213L,FSGI,101,208,N,Y,,,19,,,1,14700,,BARRYKNOLL,LN,N,N,35,N,N,,N,19,,,,,,DAIRY ASHFORD,ST,,,,,,,12,1,0,,1,1,11,6:00 PM,WALKIN,6:00 PM,12/21/2013,Y,TXHPD0000,2469,52,128,21,8,2,2,21,64,9,1,5,1,21,21,101,208,29.77978481,-95.60635882,,,,,BARRYKNOLL LN,,,,,,,,,,DAIRY ASHFORD ST,,,,,Y,N,N,5,9,Y,SAT,,,,,,,,,,,,,,,,,,,,,,,,,,,,,,,,,,,,,,,,,,,,,,,,,,,,,,,,0,0,0,3,1,0,0,15,,,
13623912,N,N,N,N,N,N,N,12/24/2013,6:26 PM,2013-031626,,123,30,N,Y,,,19,,,1,4000,,OLD DOWLEN,RD,N,N,35,N,N,,N,19,,,1,4000,,DOWLEN,,,,,,,,11,4,2,,1,1,8,6:32 PM,DISATCHED,6:34 PM,12/25/2013,Y,TX1230100,104,,,,8,2,3,10,64,14,1,5,1,32,21,123,30,30.12252978,-94.16896396,,,,,OLD DOWLEN RD,4086,,,,,,,,,,,,,,Y,N,N,5,8,Y,TUE,,,,,,,,,,,,,,,,,,,,,,,,,,,,,,,,,,,,,,,,,,,,,,,,,,,,,,,,0,0,0,3,0,0,0,135,,,
13623921,N,N,N,N,N,N,N,12/20/2013,5:33 PM,2013-29546,3011,199,369,N,Y,,,3,740,,1,3000,,RIDGE,RD,N,N,40,N,N,,Y,19,,,1,,,SUMMER LEE,DR,,,,,,,11,4,4,1,1,1,5,5:33 PM,DISPATCH,5:35 PM,12/20/2013,Y,TX1990100,2035,,,,8,2,1,14,64,3,1,3,1,21,21,199,369,32.88679048,-96.47381329,FM,740,,2.571,FM0740,3041,1014,3,7.589,256,0.552,,,,SUMMER LEE DR,,,,,Y,Y,N,5,6,Y,FRI,2,0,0,0,0,2,2,80,36,24,4,0,0,1,0,0,1,0,0,0,0,4,16,21648,2014,21648,4.7,0.8,5.5,1,121,1,1,9,,,,,,,,,,,,,,,,,,,,,,0,0,0,2,0,0,0,282,,,
13623926,N,N,N,N,N,N,N,12/26/2013,2:11 PM,2013-031737,,123,30,N,Y,,,2,69,,2,4400,,EASTEX,FWY,N,N,45,N,N,,N,19,,,1,4200,,TREADWAY,,,,,,,,11,1,98,,1,1,20,2:14 PM,DISPATCH,2:23 PM,12/26/2013,Y,TX1230100,104,,,,8,2,3,20,64,13,2,2,1,32,21,123,30,,,US,69,,,US0069,,,,,,,,,,,,,,,Y,Y,N,5,8,N,THU,,,,,,,,,,,,,,,,,,,,,,,,,,,,,,,,,,,,,,,,,,,,,,,,,,,,,,,,0,0,0,2,0,0,0,,,,
13623948,N,N,N,N,N,N,N,12/20/2013,6:07 PM,13-121202,,243,459,N,Y,33.89294,-98.48827,2,287,,1,300,E,CENTRAL,FWY,N,N,60,N,N,,N,19,,,1,2300,,JACKSBORO,HWY,,,,,,,2,4,0,2,1,2,20,6:26 PM,DISPATCH,6:32 PM,12/20/2013,Y,TX2430500,2426,,,,8,2,4,21,64,9,1,2,1,21,21,243,459,33.89072074,-98.48672576,US,82,,295.188,US0082,,44,1,11.303,524,-0.174,,,,,,,,,Y,Y,N,5,8,Y,FRI,5,0,5,10,50,2,6,300,106,72,6,0,0,2,10,5,2,20,5,3,40,3,12,41055,2014,41055,2.9,9.4,12.3,,,,,,,,,,,,,,,,,,,,,,,,,,,0,0,0,6,0,0,0,151,,,
13623996,N,N,N,N,N,N,N,12/23/2013,7:35 PM,13-007657,,101,211,N,Y,,,4,1960,,1,10000,,NOT REPORTED,,N,N,35,N,N,,N,2,59,,1,20100,,NOT REPORTED,,,,,,,,11,4,0,3,1,1,5,7:36 PM,DISPATCHED,7:38 PM,12/23/2013,Y,TX1010900,1496,,,,8,2,4,22,64,36,1,3,1,21,21,101,211,30.00495273,-95.26883958,FM,1960,,23.301,FM1960,,1685,3,24.614,690,-0.602,,,,,,,,,Y,Y,N,3,5,Y,MON,2,0,10,10,0,8,6,180,92,72,4,0,0,2,10,5,2,10,5,0,0,4,14,41783,2014,41783,3.5,1,4.6,,,,,,,,,,,,,,,,,,,,,,,,,,,0,0,1,2,0,1,0,15,,,
13624009,N,N,N,N,N,N,N,12/23/2013,4:10 PM,13-228695,,43,336,N,Y,,,19,,,1,2100,W,SPRING CREEK,PKWY,N,N,45,Y,N,,N,19,,,,6100,,CUSTER,RD,,,,,,,11,4,0,,1,1,17,4:14 PM,DISPATCH,4:25 PM,12/23/2013,Y,TX0430600,1938,,,,8,2,4,20,64,50,1,5,1,21,21,43,336,33.05850286,-96.73288624,,,,,W SPRING CREEK PKWY,2085,,,,,,,,,,,,,,Y,N,N,2,9,Y,MON,,,,,,,,,,,,,,,,,,,,,,,,,,,,,,,,,,,,,,,,,,,,,,,,,,,,,,,,0,1,0,3,0,1,0,282,,,
13624022,N,N,N,N,N,N,N,12/17/2013,1:42 PM,2013-15968,,220,1785,Y,Y,32.55735,-97.50335,19,,,1,6200,,WINSCOTT PLOVER,RD,N,N,45,N,N,,N,4,2331,,1,6300,,FM 2331,RD,,,,,,,11,1,0,,4,1,12,1:44 PM,RADIO,2:04 PM,12/17/2013,Y,TX2200000,2213,,,,8,2,4,10,1,54,1,4,1,21,21,220,1785,32.55741253,-97.50341644,,,,,WINSCOTT PLOVER RD,,,,,,,,,,,,,,,Y,N,Y,1,0,Y,TUE,,,,,,,,,,,,,,,,,,,,,,,,,,,,,,,,,,,,,,,,,,,,,,,,,,,,,,,,1,0,0,1,0,1,0,282,,,
13624330,N,N,N,N,N,N,N,12/19/2013,2:27 PM,13-00004203,,84,1649,Y,Y,,,19,,,1,414,E,BAYSHORE,DR,N,N,30,N,N,,Y,19,,,1,5,,ST,,,,,,,,12,1,0,,1,2,1,2:27 PM,DISPATCH,2:32 PM,12/19/2013,Y,TX0840000,1339,,,,8,7,2,1,22,3,1,5,2,21,21,84,1649,29.49447769,-94.91418036,,,,,E BAYSHORE DR,414,,,,,,,,,UNKNOWN,,,,,Y,N,Y,2,0,Y,THU,,,,,,,,,,,,,,,,,,,,,,,,,,,,,,,,,,,,,,,,,,,,,,,,,,,,,,,,0,1,0,0,0,1,0,15,,,
13624387,N,N,N,N,N,N,N,12/27/2013,9:30 AM,13-02310,,227,250,N,N,,,5,620,,1,2300,,RR 620 SOUTH,,N,N,50,N,N,,N,19,,,1,2100,,LOHMANS CROSSING,,,,,,,,11,1,4,3,2,1,5,9:23 AM,RADIO,9:29 AM,12/27/2013,Y,TX2271100,1633,,,,8,2,4,22,64,38,1,3,1,21,21,227,250,30.34113826,-97.96846475,RM,620,,2.898,RM0620,,683,2,2.889,526,0.769,,,,,,,,,N,Y,N,5,5,Y,FRI,2,0,8,8,0,2,4,140,76,60,4,0,0,2,8,5,2,8,5,0,0,4,14,36875,2014,36875,1.3,1.7,3,,,,,,,,,,,,,,,,,,,,,,,,,,,0,0,0,2,0,0,0,90,,,
13624433,N,Y,N,N,N,N,N,12/13/2013,6:00 PM,13-12954,,186,155,N,Y,,,1,10,,2,600,,NOT REPORTED,,N,N,55,N,N,,N,3,18,,1,2000,N,FRONT,ST,,,,,,,11,5,4,2,1,1,8,6:11 PM,DISPTCHER,6:15 PM,12/13/2013,Y,TX1860100,1317,,,,8,2,2,22,64,38,2,1,1,21,21,186,155,30.90708124,-102.8844297,IH,10,,258.2,IH0010,,140,1,37.626,259,-0.187,SH,18,,SH0018,,,,,Y,Y,N,5,4,Y,FRI,5,0,4,10,109,2,4,420,74,46,2,0,0,2,14,5,2,14,5,3,95,2,11,5090,2014,5090,4.8,35.5,40.3,,,,,,,,,,,,,,,,,,,,,,,,,,,0,0,0,3,0,0,0,,,,
13624759,N,N,N,N,N,N,N,12/28/2013,5:55 PM,,,108,1673,Y,Y,26.21305,-97.96014,4,1015,,1,6300,N,1015,RD,N,N,45,N,N,,N,19,,,,,,ROSA,ST,,,,,,,12,4,0,3,1,1,11,6:15 PM,DPS WESLACO RADIO,6:23 PM,12/30/2013,Y,,10000,17,127,225,8,2,3,11,64,14,1,3,1,32,21,108,1673,26.22001621,-97.95959851,FM,1015,,19.087,FM1015,,1228,3,5.087,722,-0.148,,,,,,,,,Y,Y,Y,5,0,Y,SAT,2,0,8,8,0,2,4,120,84,62,4,2,2,2,8,5,2,8,5,0,0,4,16,5163,2014,5163,2.4,4.5,6.9,,,,,,,,,,,,,,,,,,,,,,,,,,,0,0,0,3,0,0,0,230,,,
13624778,N,N,N,N,N,N,N,12/23/2013,11:25 AM,,,20,1585,Y,Y,29.26528,-95.45077,9,288,,1,,,NOT REPORTED,,N,N,60,N,N,,N,3,288,,,,,NOT REPORTED,,,,,,,,11,1,0,3,1,1,11,11:25 AM,OBSERVED IT HAPPEN,11:25 AM,1/2/2014,Y,,10000,12,35,225,8,9,3,3,64,13,1,2,2,32,21,20,1585,29.26709018,-95.45105553,BS,288,B,1.287,BS0288B,,111,9,12.329,506,-0.715,,,,,,,,,Y,Y,Y,5,0,Y,MON,2,0,6,6,0,2,4,120,60,48,4,0,0,2,6,5,2,6,5,0,0,1,7,3920,2014,3920,2,0.6,2.6,,,,,,,,,,,,,,,,,,,,,,,,,,,0,0,0,1,0,0,0,15,,,
13624781,N,N,N,N,N,N,N,12/29/2013,3:55 PM,,,193,607,N,Y,29.67342,-100.0096,19,,,1,,,GUADALUPE,ST,N,N,-1,N,N,,Y,19,,,1,,,SEVENTH,ST,,,,,,,12,1,0,,1,1,8,4:03 PM,REAL CO DISPATCH,4:32 PM,12/30/2013,Y,,10000,7,137,1,8,2,1,10,64,54,1,5,1,21,21,193,607,29.67332497,-100.0095919,,,,,GUADALUPE ST,401,,,,,,,,,E 7TH ST,,,,,Y,N,Y,3,1,Y,SUN,,,,,,,,,,,,,,,,,,,,,,,,,,,,,,,,,,,,,,,,,,,,,,,,,,,,,,,,0,0,1,1,0,1,0,,,,
13624786,N,N,N,N,N,N,N,12/30/2013,2:50 PM,,,7,1572,Y,Y,28.77748,-98.30945,1,37,,1,,,NOT REPORTED,,N,N,75,N,N,,N,,,,,,,NOT REPORTED,,0.1,M,S,92,,,11,1,0,2,4,1,20,2:55 PM,ATASCOSA DISPATCH,3:16 PM,1/2/2014,Y,,10000,1,92,1,8,10,4,1,1,54,1,1,4,21,21,7,1572,28.77364046,-98.30680656,IH,37,,91.645,IH0037,,73,5,13.443,92,-0.1,,,,NOT REPORTED,,,,,Y,Y,Y,3,0,Y,MON,5,0,3,14,72,2,4,343,77,46,4,0,0,2,7,5,2,24,5,3,65,1,1,23735,2014,23735,4,24.4,28.4,,,,,,,,,,,,,,,,,,,,,,,,,,,0,0,2,3,0,2,0,,,,
13624841,N,N,N,N,N,N,N,12/21/2013,3:34 PM,,,146,1711,Y,Y,30.28462,-95.12627,2,59,,1,,,NOT REPORTED,,N,N,65,N,N,,N,15,377,,,,,NOT REPORTED,,,,,,,,2,1,0,2,1,2,11,3:42 PM,LIBERTY COUNTY SO,4:11 PM,12/22/2013,Y,,10000,7,52,1,8,2,4,20,64,54,1,2,1,21,21,146,1711,30.28495835,-95.12642681,US,59,,262.538,US0059,,177,3,9.033,468,1.034,,,,,,,,,Y,Y,Y,5,0,Y,SAT,3,0,6,10,58,9,4,320,80,48,6,0,0,2,12,5,2,20,5,3,46,2,12,34146,2014,34146,5.8,8.1,13.9,,,,,,,,,,,,,,,,,,,,,,,,,,,0,0,0,4,0,0,0,15,,,
13624968,N,N,N,N,N,N,N,12/29/2013,6:13 PM,0161698313E,,101,208,N,Y,,,19,,,1,12000,,HEMPSTEAD,HWY,N,N,40,N,N,,N,19,,,,,,BINGLE,,,,,,,,11,4,0,,1,1,1,6:17 PM,DISPATCHED,6:24 PM,12/29/2013,Y,TXHPD0000,2469,16,152,27,8,2,4,20,64,54,1,2,1,21,21,101,208,29.8252965,-95.49299661,,,,,HEMPSTEAD RD,12074,,,,,,,,,,,,,,Y,N,N,3,9,Y,SUN,,,,,,,,,,,,,,,,,,,,,,,,,,,,,,,,,,,,,,,,,,,,,,,,,,,,,,,,0,0,1,1,0,1,0,15,,,
13625361,N,Y,N,N,N,N,N,12/27/2013,12:45 PM,,,186,1751,Y,Y,30.34698,-102.43128,2,285,,1,,,NOT REPORTED,,N,N,75,N,N,,N,,,,,,,NOT REPORTED,,0.9,M,N,242,,,5,1,0,1,6,2,12,12:48 PM,DPS PECOS COMM.,2:16 PM,1/2/2014,Y,TXDPS2000,10000,8,32,1,8,9,4,1,3,1,1,2,1,21,21,186,1751,30.34695937,-102.4313093,US,285,,154.333,US0285,,293,3,48.761,472,0.781,,,,NOT REPORTED,,,,,Y,Y,Y,5,0,Y,FRI,2,0,6,6,0,1,3,115,48,36,2,0,0,2,6,5,2,6,5,0,0,1,2,1094,2014,1094,4,8.3,12.3,1,324,4,2,81,,,,,,,,,,,,,,,,,,,,,,0,0,0,2,0,0,0,,,,
13625533,N,N,N,N,N,N,N,12/30/2013,10:35 AM,0161923013P,,101,208,N,Y,,,2,59,,1,7700,S,SOUTHWEST,FWY,N,N,60,N,N,,N,19,,,,,,BEECHNUT,,,,,,,,12,1,0,,1,1,20,10:38 AM,DISPATCH,10:51 AM,12/30/2013,Y,TXHPD0000,2469,52,106,54,8,2,4,21,64,25,1,2,1,21,21,101,208,,,US,59,,,US0059,,,,,,,,,,,,,,,Y,Y,N,3,9,N,MON,,,,,,,,,,,,,,,,,,,,,,,,,,,,,,,,,,,,,,,,,,,,,,,,,,,,,,,,0,0,1,1,0,1,0,,,,
13625655,N,N,N,N,N,N,N,12/25/2013,8:15 PM,0160207013P,,101,208,N,Y,,,19,,,1,1500,,SHEPHERD,DR,N,N,30,N,N,,Y,19,,,1,4800,,MAXIE,,,,,,,,2,4,0,,1,2,8,8:33 PM,DISPATCH,8:43 PM,12/29/2013,Y,TXHPD0000,2469,14,121,33,8,2,1,10,64,54,1,5,1,21,21,101,208,29.7741248,-95.40954308,,,,,SHEPHERD DR,1500,,,,,,,,,MAXIE ST,,,,,Y,N,N,5,9,Y,WED,,,,,,,,,,,,,,,,,,,,,,,,,,,,,,,,,,,,,,,,,,,,,,,,,,,,,,,,0,0,0,3,0,0,0,15,,,
13625832,N,Y,N,N,N,N,N,12/23/2013,8:00 AM,,,19,1584,Y,Y,33.46973,-94.35512,1,30,,1,,,NOT REPORTED,,N,N,75,N,N,,N,,,,,,,NOT REPORTED,,0.1,M,E,205,,,11,1,0,2,1,1,20,8:05 AM,DPS COMMUNICATIONS,8:31 AM,12/23/2013,Y,TXDPS3100,10000,1,103,1,8,2,4,21,39,9,1,1,1,21,21,19,1584,33.46958549,-94.353893,IH,30,,204.925,IH0030,,610,6,24.153,205,0.1,,,,NOT REPORTED,,,,,Y,Y,Y,2,0,Y,MON,5,0,4,10,56,3,4,300,76,48,6,0,0,2,8,5,2,20,5,3,48,1,1,26359,2014,26359,8.2,25.4,33.6,,,,,,,,,,,,,,,,,,,,,,,,,,,0,1,0,1,1,1,0,,,,
13626239,N,N,N,N,N,N,N,12/13/2013,9:36 AM,13-028199,,1,320,N,Y,,,19,,,1,300,,OLD ELKHART,RD,N,N,30,N,N,,N,11,,,1,2200,S,LOOP 256,,,,,,,,2,1,0,,1,2,1,9:37 AM,DISPATCHED,9:40 AM,12/13/2013,Y,TX0010100,1896,,,27,8,2,3,10,64,14,1,5,1,32,21,1,320,31.73694188,-95.61423871,,,,,OLD ELKHART RD,414,,,,,,,,,,,,,,Y,N,N,2,5,Y,FRI,,,,,,,,,,,,,,,,,,,,,,,,,,,,,,,,,,,,,,,,,,,,,,,,,,,,,,,,0,1,0,2,0,1,0,,,,