Crash_ID,Crash_Fatal_Fl,Cmv_Involv_Fl,Schl_Bus_Fl,Rr_Relat_Fl,Medical_Advisory_Fl,Amend_Supp_Fl,Active_School_Zone_Fl,Crash_Date,Crash_Time,Case_ID,Local_Use,Rpt_CRIS_Cnty_ID,Rpt_City_ID,Rpt_Outside_City_Limit_Fl,Thousand_Damage_Fl,Rpt_Latitude,Rpt_Longitude,Rpt_Rdwy_Sys_ID,Rpt_Hwy_Num,Rpt_Hwy_Sfx,Rpt_Road_Part_ID,Rpt_Block_Num,Rpt_Street_Pfx,Rpt_Street_Name,Rpt_Street_Sfx,Private_Dr_Fl,Toll_Road_Fl,Crash_Speed_Limit,Road_Constr_Zone_Fl,Road_Constr_Zone_Wrkr_Fl,Rpt_Street_Desc,At_Intrsct_Fl,Rpt_Sec_Rdwy_Sys_ID,Rpt_Sec_Hwy_Num,Rpt_Sec_Hwy_Sfx,Rpt_Sec_Road_Part_ID,Rpt_Sec_Block_Num,Rpt_Sec_Street_Pfx,Rpt_Sec_Street_Name,Rpt_Sec_Street_Sfx,Rpt_Ref_Mark_Offset_Amt,Rpt_Ref_Mark_Dist_Uom,Rpt_Ref_Mark_Dir,Rpt_Ref_Mark_Nbr,Rpt_Sec_Street_Desc,Rpt_CrossingNumber,Wthr_Cond_ID,Light_Cond_ID,Entr_Road_ID,Road_Type_ID,Road_Algn_ID,Surf_Cond_ID,Traffic_Cntl_ID,Investigat_Notify_Time,Investigat_Notify_Meth,Investigat_Arrv_Time,Report_Date,Investigat_Comp_Fl,ORI_Number,Investigat_Agency_ID,Investigat_Area_ID,Investigat_District_ID,Investigat_Region_ID,Bridge_Detail_ID,Harm_Evnt_ID,Intrsct_Relat_ID,FHE_Collsn_ID,Obj_Struck_ID,Othr_Factr_ID,Road_Part_Adj_ID,Road_Cls_ID,Road_Relat_ID,Phys_Featr_1_ID,Phys_Featr_2_ID,Cnty_ID,City_ID,Latitude,Longitude,Hwy_Sys,Hwy_Nbr,Hwy_Sfx,Dfo,Street_Name,Street_Nbr,Control,Section,Milepoint,Ref_Mark_Nbr,Ref_Mark_Displ,Hwy_Sys_2,Hwy_Nbr_2,Hwy_Sfx_2,Street_Name_2,Street_Nbr_2,Control_2,Section_2,Milepoint_2,Txdot_Rptable_Fl,Onsys_Fl,Rural_Fl,Crash_Sev_ID,Pop_Group_ID,Located_Fl,Day_of_Week,Hwy_Dsgn_Lane_ID,Hwy_Dsgn_Hrt_ID,Hp_Shldr_Left,Hp_Shldr_Right,Hp_Median_Width,Base_Type_ID,Nbr_Of_Lane,Row_Width_Usual,Roadbed_Width,Surf_Width,Surf_Type_ID,Curb_Type_Left_ID,Curb_Type_Right_ID,Shldr_Type_Left_ID,Shldr_Width_Left,Shldr_Use_Left_ID,Shldr_Type_Right_ID,Shldr_Width_Right,Shldr_Use_Right_ID,Median_Type_ID,Median_Width,Rural_Urban_Type_ID,Func_Sys_ID,Adt_Curnt_Amt,Adt_Curnt_Year,Adt_Adj_Curnt_Amt,Pct_Single_Trk_Adt,Pct_Combo_Trk_Adt,Trk_Aadt_Pct,Curve_Type_ID,Curve_Lngth,Cd_Degr,Delta_Left_Right_ID,Dd_Degr,Feature_Crossed,Structure_Number,I_R_Min_Vert_Clear,Approach_Width,Bridge_Median_ID,Bridge_Loading_Type_ID,Bridge_Loading_In_1000_Lbs,Bridge_Srvc_Type_On_ID,Bridge_Srvc_Type_Under_ID,Culvert_Type_ID,Roadway_Width,Deck_Width,Bridge_Dir_Of_Traffic_ID,Bridge_Rte_Struct_Func_ID,Bridge_IR_Struct_Func_ID,CrossingNumber,RRCo,Poscrossing_ID,WDCode_ID,Standstop,Yield,Incap_Injry_Cnt,Nonincap_Injry_Cnt,Poss_Injry_Cnt,Non_Injry_Cnt,Unkn_Injry_Cnt,Tot_Injry_Cnt,Death_Cnt,MPO_ID,Investigat_Service_ID,Investigat_DA_ID,Investigator_Narrative
13634601,N,Y,N,N,N,N,N,12/28/2013,5:19 PM,2013-30201,3014,199,369,N,Y,,,3,276,,1,,,NOT REPORTED,,N,N,55,N,N,,Y,19,,,1,,,TRAIL GLEN,DR,,,,,,,11,1,0,,1,1,1,5:19 PM,RADIO DISPATCH,5:22 PM,12/28/2013,Y,TX1990100,2035,17,107,,8,2,1,30,64,3,1,2,1,21,21,199,369,,,SH,276,,,SH0276,,,,,,,,,,TRAIL GLEN DR,,,,,Y,Y,N,5,6,N,SAT,,,,,,,,,,,,,,,,,,,,,,,,,,,,,,,,,,,,,,,,,,,,,,,,,,,,,,,,0,0,0,4,0,0,0,,,,
13634888,N,N,N,N,N,N,N,12/14/2013,10:51 AM,13-31568,,227,1792,Y,N,30.18633,-97.60953,3,71,,1,4300,E,SH 71,,N,N,55,N,N,"PAVED, 4 LANE DIVIDED HIGHWAY",Y,19,,,1,,,ROSS,RD,,,,,PAVED ROAD,,12,1,2,2,1,1,5,10:51 AM,RADIO DISPATCH,10:57 AM,12/17/2013,Y,TX2270000,2292,,3,122,8,2,2,22,64,38,1,2,1,21,21,227,1792,30.18634343,-97.60949555,SH,71,,133.004,SH0071,,265,2,0.559,584,0.965,,,,ROSS RD,,,,,N,Y,Y,5,0,Y,SAT,3,0,3,10,53,2,4,240,80,48,4,0,0,2,13,5,2,13,5,2,40,4,12,42368,2014,42368,3.2,5.6,8.8,,,,,,,,,,,,,,,,,,,,,,,,,,,0,0,0,3,1,0,0,90,,,
13636769,N,N,N,N,N,N,N,12/24/2013,2:02 PM,1300033007,,220,456,N,Y,,,3,183,,7,600,N,HWY 183,HWY,Y,N,0,N,N,PARKING LOT,N,3,183,,7,600,N,183,HWY,,,,,,,11,1,4,,1,1,8,2:02 PM,DISPATCHED,2:29 PM,12/24/2013,Y,TX2202900,2419,4,385,59,8,2,4,10,64,3,7,9,5,33,21,220,456,,,SH,183,,,SH0183,,,,,,,,,,,,,,,N,Y,N,3,5,N,TUE,,,,,,,,,,,,,,,,,,,,,,,,,,,,,,,,,,,,,,,,,,,,,,,,,,,,,,,,0,0,1,1,0,1,0,,,,
13637160,N,N,N,N,N,N,N,12/28/2013,9:22 PM,13-28095,,68,315,N,Y,,,19,,,1,1100,W,HARRIS,ST,N,N,30,N,N,,N,19,,,1,2600,N,SECURITY,AVE,,,,,,,11,3,4,,1,1,8,9:23 PM,DISPATCHED,9:28 PM,12/28/2013,N,680200,1873,,,,8,2,4,11,21,54,1,5,2,21,21,68,315,31.86428201,-102.3944702,,,,,HARRIS ST,1198,,,,,,,,,,,,,,Y,N,N,5,8,Y,SAT,,,,,,,,,,,,,,,,,,,,,,,,,,,,,,,,,,,,,,,,,,,,,,,,,,,,,,,,0,0,0,1,1,0,0,174,,,
13637205,N,N,N,N,N,N,N,12/28/2013,11:46 PM,2013A003333,29B,57,166,N,Y,32.93098,-96.62567,3,78,,1,2000,,LAVON,DR,N,N,50,N,N,,N,19,,,1,400,E,BUCKINGHAM,RD,,,,,,,11,3,0,2,1,1,20,11:46 PM,DISPATCH,11:46 PM,12/29/2013,Y,TX0571100,1344,,,139,8,2,4,20,64,3,1,2,1,14,21,57,166,32.93164012,-96.625497,SH,78,,78.307,SH0078,,281,3,5.604,274,0.602,,,,,,,,,Y,Y,N,3,8,Y,SAT,3,0,0,0,15,3,6,100,72,72,5,1,1,1,0,0,1,0,0,1,15,4,14,23551,2014,23551,8.1,9.1,17.2,,,,,,,,,,,,,,,,,,,,,,,,,,,0,0,2,0,0,2,0,282,,,
13637362,N,N,N,N,N,N,N,12/16/2013,5:47 PM,13-350258,,71,136,N,N,31.76926,-106.30342,19,,,1,11300,,MONTWOOD,DR,N,N,35,N,N,,Y,19,,,1,1900,,LAKE OMEGA,,,,,,,,11,6,0,,1,1,5,6:00 PM,DISPATCHED,6:05 PM,12/16/2013,Y,TX0710200,1259,,,216,8,2,1,34,64,3,1,5,1,21,21,71,136,31.76940484,-106.3014404,,,,,MONTWOOD DR,11321,,,,,,,,,LAKE OMEGA ST,,,,,N,N,N,5,9,Y,MON,,,,,,,,,,,,,,,,,,,,,,,,,,,,,,,,,,,,,,,,,,,,,,,,,,,,,,,,0,0,0,2,0,0,0,66,,,
13637413,N,N,N,N,N,N,N,12/15/2013,1:55 PM,13-349112,,71,136,N,Y,31.75876,-106.48483,19,,,1,100,N,KANSAS,ST,N,N,0,N,N,,Y,19,,,1,400,,MYRTLE,AVE,,,,,,,11,1,0,,4,1,5,1:55 PM,DISPATCHED,1:58 PM,12/15/2013,Y,TX0710200,1259,,,139,8,2,1,10,64,54,1,5,1,21,21,71,136,31.75924485,-106.4847603,,,,,N KANSAS ST,,,,,,,,,,MYRTLE AVE,,,,,Y,N,N,5,9,Y,SUN,,,,,,,,,,,,,,,,,,,,,,,,,,,,,,,,,,,,,,,,,,,,,,,,,,,,,,,,0,0,0,5,0,0,0,66,,,
13637512,N,N,N,N,N,N,N,12/13/2013,6:56 PM,13-347266,,71,136,N,Y,,,1,10,,1,,,I 10 EAST,,N,N,60,N,N,BLACKTOP,N,19,,,1,,,GILES,,,,,,BLACKTOP,,11,4,98,,1,1,1,7:30 PM,DISPATCHED,7:39 PM,12/13/2013,Y,TX0710200,1259,,,160,8,2,2,21,64,9,1,1,1,21,21,71,136,,,IH,10,,,IH0010,,,,,,,,,,GILES,,,,,Y,Y,N,2,9,N,FRI,,,,,,,,,,,,,,,,,,,,,,,,,,,,,,,,,,,,,,,,,,,,,,,,,,,,,,,,0,3,0,4,0,3,0,,,,
13637865,N,Y,N,N,N,N,N,12/30/2013,12:50 PM,,,148,1713,Y,Y,36.12948,-100.0043,15,,,1,,,AA,,N,N,60,N,N,,N,2,60,,,,,NOT REPORTED,,,,,,,,11,1,2,,1,10,1,1:00 PM,DISPATCHED,1:40 PM,1/8/2014,Y,,10000,1,130,1,8,10,2,2,1,54,1,4,2,21,21,148,1713,36.12967732,-100.0035922,,,,,COUNTY ROAD AA,17110,,,,,,US,60,,US0060,,,,,Y,N,Y,5,0,Y,MON,,,,,,,,,,,,,,,,,,,,,,,,,,,,,,,,,,,,,,,,,,,,,,,,,,,,,,,,0,0,0,2,0,0,0,,,,
13637926,N,N,N,N,N,N,N,12/20/2013,1:20 PM,13-124369,,220,156,N,Y,32.667,-97.34536,19,,,1,5500,,CROWLEY,RD,N,N,40,N,N,,Y,1,820,,2,1700,SW,LOOP 820,HWY,,,,,,,12,1,4,2,1,1,5,1:30 PM,DISPATCHED,1:44 PM,12/20/2013,Y,TX2201200,1318,4,11,23,8,2,1,10,64,54,2,1,1,21,21,220,156,32.66594058,-97.34599569,IH,20,,435.381,IH0020,,8,12,7.956,436,0.26,FM,731,,FM0731,,,,,Y,Y,N,2,9,Y,FRI,5,0,10,10,22,3,7,280,124,84,5,0,0,2,20,5,2,20,5,2,2,4,11,163450,2014,163450,3.7,2.2,5.9,,,,,,,,,,,,,,,,,,,,,,,,,,,0,1,0,2,0,1,0,282,,,
13639211,N,N,N,N,N,N,N,12/21/2013,2:19 AM,13-25597,,161,442,N,Y,,,19,,,1,1900,,ALEXANDER,AVE,N,N,30,N,N,,N,19,,,1,2700,N,19TH,ST,,,,,,,2,4,0,,1,2,1,2:22 AM,DISPATCHED,2:31 AM,12/21/2013,Y,TX1551200,2372,,,100,8,4,4,1,64,24,1,5,1,21,21,161,442,31.56894259,-97.16522612,,,,,ALEXANDER DR,1935,,,,,,,,,,,,,,Y,N,N,5,8,Y,SAT,,,,,,,,,,,,,,,,,,,,,,,,,,,,,,,,,,,,,,,,,,,,,,,,,,,,,,,,0,0,0,1,0,0,0,140,,,
13639228,N,N,N,N,N,N,N,12/30/2013,6:15 PM,13-03211,,101,244,N,Y,,,19,,,1,3300,,FERNROCK,,N,N,30,N,N,,N,19,,,1,,,AVINGTON,,,,,,,,11,4,2,,1,1,1,6:27 PM,DISPATCHED,6:34 PM,12/30/2013,Y,TX1011300,1614,,,,8,8,4,1,98,10,1,5,1,21,21,101,244,29.66083111,-95.10674316,,,,,FERN ROCK DR,3301,,,,,,,,,,,,,,Y,N,N,5,6,Y,MON,,,,,,,,,,,,,,,,,,,,,,,,,,,,,,,,,,,,,,,,,,,,,,,,,,,,,,,,0,0,0,2,0,0,0,15,,,
13639352,N,N,N,N,N,N,N,12/17/2013,6:40 PM,1312170045,,101,405,N,Y,,,19,,,1,1000,,GALVESTON,ST,N,N,30,N,N,CONCRETE,N,19,,,1,1200,,GEORGIA,ST,,,,,CONCRETE,,11,4,0,,1,1,1,6:34 PM,DISPATCHED,6:40 PM,12/17/2013,Y,TX1011900,2148,,129,161,8,4,2,4,64,54,1,5,2,21,21,101,405,29.65963365,-95.24756307,,,,,GALVESTON ST,1004,,,,,,,,,GEORGIA AVE,,,,,Y,N,N,0,5,Y,TUE,,,,,,,,,,,,,,,,,,,,,,,,,,,,,,,,,,,,,,,,,,,,,,,,,,,,,,,,0,0,0,0,1,0,0,15,,,
13639463,N,N,N,N,N,N,N,12/28/2013,10:55 PM,2013-30229,3011,199,369,N,N,,,19,,,1,,,RALPH HALL,,N,N,0,N,N,,Y,19,,,1,,,HORIZON,,,,,,,,11,4,4,1,2,1,5,10:55 PM,DISPATCH,11:05 PM,12/30/2013,Y,TX1990100,2035,,70,78,8,2,2,35,64,38,1,3,1,21,21,199,369,32.88925821,-96.46842083,FM,3097,,0.245,FM3097,3001,3148,1,0.245,604,0.206,,,,W RALPH HALL PKWY,,,,,N,Y,N,5,6,Y,SAT,2,0,1,1,0,2,2,100,24,22,4,0,0,2,1,5,2,1,5,0,0,4,17,16809,2014,16809,2.8,3.6,6.4,,,,,,,,,,,,,,,,,,,,,,,,,,,0,0,0,9,0,0,0,282,,,
13639588,N,N,N,N,N,N,N,12/13/2013,4:21 PM,2013-002616,,71,403,N,Y,,,4,76,,1,9900,,NORTH LOOP,DR,N,N,45,N,N,"TWO-WAY, TWO LANE",N,19,,,1,600,,INGLEWOOD,DR,,,,,"TWO-WAY, TWO LANE",,11,1,0,1,1,1,11,4:21 PM,DISPATCHED,4:27 PM,12/13/2013,Y,TX0711600,2139,,,212,8,2,4,20,64,54,1,3,1,21,21,71,403,31.67442297,-106.2862465,FM,76,,9.331,FM0076,9971,674,1,9.529,354,-0.475,,,,,,,,,Y,Y,N,3,6,Y,FRI,2,0,3,3,0,2,2,50,30,24,4,0,0,2,3,5,2,3,5,0,0,4,14,14647,2014,14647,1.3,1.9,3.2,,,,,,,,,,,,,,,,,,,,,,,,,,,0,0,1,3,0,1,0,66,,,
13639768,N,N,N,N,N,N,N,12/23/2013,11:35 AM,13-25724,,161,442,N,Y,,,19,,,1,200,N,NEW R,RD,N,N,40,N,N,200 N. NEW RD.,N,19,,,,,,FRANKLIN,AVE,,,,,FRANKLIN AVE.,,11,1,0,,1,1,20,11:44 AM,DISPATCH,11:52 AM,12/23/2013,Y,TX1551200,2372,,,100,8,2,4,22,64,38,1,5,1,21,21,161,442,,,,,,,N NEW R RD,,,,,,,,,,,,,,,Y,N,N,5,8,N,MON,,,,,,,,,,,,,,,,,,,,,,,,,,,,,,,,,,,,,,,,,,,,,,,,,,,,,,,,0,0,0,7,0,0,0,,,,
13640432,N,N,N,N,N,N,N,12/22/2013,9:45 PM,13-125105,,220,156,N,Y,32.74079,-97.26268,19,,,1,4100,E,LANCASTER,,N,N,40,N,N,PUBLIC ROAD,N,19,,,,2600,,SARGENT,ST,,,,,PUBLIC ROAD,,11,4,4,2,1,1,5,9:51 PM,POLICE DISPATCHER,10:00 PM,12/22/2013,N,TX2201200,1318,4,9,23,8,2,2,21,64,9,1,2,1,21,21,220,156,32.74088313,-97.26346809,SH,180,,3.367,SH0180,,8,5,17.219,624,-0.763,,,,SARGENT ST,,,,,Y,Y,N,5,9,Y,SUN,3,0,0,0,46,9,6,140,74,74,6,1,1,1,0,0,1,0,0,1,46,4,14,13049,2014,13049,2.5,0.4,2.9,,,,,,,,,,,,,,,,,,,,,,,,,,,0,0,0,5,0,0,0,282,,,
13642463,N,N,N,N,N,N,N,12/23/2013,6:39 PM,14-0001,,146,79,N,N,,,4,2025,,1,100,,F M 2025,,N,N,40,N,N,ASPHALT,N,2,59,,2,1000,,US HWY 59,,,,,,ASPHALT,,11,3,98,1,4,1,20,6:40 PM,911,6:45 PM,12/23/2013,Y,TX1460100,286,,,,8,5,4,1,64,3,1,3,1,21,21,146,79,30.35313332,-95.09021652,FM,2025,,15.667,FM2025,,1459,3,1.882,430,-0.268,,,,,,,,,Y,Y,N,3,4,Y,MON,2,0,4,4,0,2,2,80,32,24,2,0,0,5,4,5,5,4,5,0,0,2,16,6191,2014,6191,1.8,6.5,8.3,1,84,9,1,0,,,,,,,,,,,,,,,,,,,,,,0,0,1,1,0,1,0,15,,,
13642987,N,Y,N,N,N,N,N,12/30/2013,8:42 AM,13-0006756,,91,397,N,Y,,,19,,,1,1500,N,GRAND,AVE,N,N,30,N,N,BRIDGE,N,19,,,1,1500,E,LEWIS,ST,,,,,,,11,1,0,,2,1,1,8:50 AM,DISPATCHED,8:54 AM,12/30/2013,Y,TX0910400,2124,,,,1,2,4,21,64,3,1,5,1,21,21,91,397,33.65369768,-96.59670938,,,,,N GRAND AVE,1519,,,,,,,,,,,,,,Y,N,N,5,6,Y,MON,,,,,,,,,,,,,,,,,,,,,,,,,,,,,,,,,,,,,,,,,,,,,,,,,,,,,,,,0,0,0,2,0,0,0,232,,,
13644332,N,N,N,N,N,N,N,12/22/2013,4:52 PM,130176564,1034738,101,1666,Y,Y,29.89761,-95.45334,15,,,1,,,ROYAL VILLAGE,DR,N,N,30,N,N,,N,3,249,,,,W,MOUNT HOUSTON,RD,,,,,,,11,1,2,,1,1,8,4:56 PM,DISPATCHED,5:08 PM,12/22/2013,Y,TX1010000,1419,74,4,5,8,2,2,19,64,38,1,2,1,21,21,101,1666,29.89758478,-95.45331306,,,,,ROYAL VILLAGE DR,11498,,,,,,,,,UNKNOWN,,,,,Y,N,Y,5,0,Y,SUN,,,,,,,,,,,,,,,,,,,,,,,,,,,,,,,,,,,,,,,,,,,,,,,,,,,,,,,,0,0,0,3,0,0,0,15,,,
13644375,N,N,N,N,N,N,N,12/22/2013,6:50 AM,130176411,3506850,101,1666,Y,Y,29.9849,-95.14009,19,,,1,9000,,ROLLING RAPIDS,RD,N,N,30,N,N,CONCRETE,N,19,,,,19000,,RED SAIL PASS,LN,,,,,CONCRETE,,12,4,0,,1,1,1,7:17 AM,DISPATCHED,7:30 AM,12/22/2013,Y,TX1014900,2744,89,5,6,8,7,4,1,31,3,1,4,2,21,21,101,1666,29.98502244,-95.14011067,,,,,ROLLING RAPIDS,9018,,,,,,,,,,,,,,Y,N,Y,5,0,Y,SUN,,,,,,,,,,,,,,,,,,,,,,,,,,,,,,,,,,,,,,,,,,,,,,,,,,,,,,,,0,0,0,1,0,0,0,15,,,
13644417,N,N,N,N,N,N,N,12/24/2013,11:23 AM,130177368,1034328,101,1666,Y,Y,29.90279,-95.31203,2,59,,2,12300,,EASTEX,FWY,N,N,50,N,N,,N,15,,,,,,ALDINE MAIL,RD,,,,,,,11,1,0,2,1,1,20,11:25 AM,DISPATCHED,11:45 AM,12/24/2013,Y,TX1010000,1419,205,33,5,8,2,3,13,64,14,2,1,1,32,21,101,1666,29.90280646,-95.31158206,IH,69,,35.528,IH0069,,177,7,2.69,135,6.833,,,,,,,,,Y,Y,Y,2,0,Y,TUE,5,1,12,12,48,3,8,310,144,96,5,0,0,2,24,5,2,24,5,2,24,4,11,160273,2014,160273,2.3,5.9,8.2,1,287,1,1,15,,,,,,,,,,,,,,,,,,,,,,0,1,1,1,0,2,0,15,,,
13644430,N,N,N,N,N,N,N,12/24/2013,10:31 AM,130177343,1036496,101,1666,Y,Y,30.02901,-95.42083,19,,,1,22820,,IMPERIAL VALLEY,DR,N,N,0,N,N,,Y,19,,,1,300,,PARRAMATTA,LN,,,,,,,11,1,0,,2,1,11,10:34 AM,DISPATCHED,10:40 AM,12/24/2013,Y,TX1010000,1419,117,4,5,8,2,1,34,64,54,1,4,1,21,21,101,1666,30.02893475,-95.42084306,,,,,IMPERIAL VALLEY DR,22910,,,,,,,,,PARRAMATTA LN,,,,,Y,N,Y,5,0,Y,TUE,,,,,,,,,,,,,,,,,,,,,,,,,,,,,,,,,,,,,,,,,,,,,,,,,,,,,,,,0,0,0,3,0,0,0,15,,,
13644449,N,N,N,N,N,N,N,12/23/2013,9:40 PM,130177180,1040340,101,1666,Y,Y,29.80099,-95.7353,15,,,1,20300,,FRANZ,RD,N,N,45,N,N,,Y,15,,,1,2300,N,WESTGREEN,BLVD,,,,,,,11,4,2,,1,1,5,9:46 PM,DISPATCHED,9:49 PM,12/23/2013,Y,TX1010000,1419,100,4,5,8,2,1,34,64,3,1,4,1,21,21,101,1666,29.80170481,-95.73542299,,,,,FRANZ RD,,,,,,,,,,N WESTGREEN BLVD,,,,,Y,N,Y,3,0,Y,MON,,,,,,,,,,,,,,,,,,,,,,,,,,,,,,,,,,,,,,,,,,,,,,,,,,,,,,,,0,0,1,1,0,1,0,15,,,
13644666,N,N,N,N,N,N,N,12/23/2013,2:26 AM,13-533748,,188,12,N,Y,,,19,,,1,300,N,WASHINGTON,ST,N,N,35,N,N,,N,19,,,1,1000,SW,3RD,AVE,,,,,,,11,3,0,,1,1,20,1:42 AM,DISPATCH,1:46 AM,12/23/2013,Y,TX1880100,33,,,93,8,2,2,20,64,54,1,5,1,21,21,188,12,35.21221699,-101.8477065,,,,,S WASHINGTON ST,304,,,,,,,,,SW 3RD AVE,,,,,Y,N,N,5,8,Y,MON,,,,,,,,,,,,,,,,,,,,,,,,,,,,,,,,,,,,,,,,,,,,,,,,,,,,,,,,0,0,0,2,0,0,0,120,,,
13644879,N,N,N,N,N,N,N,12/25/2013,8:05 PM,130177881,1030872,101,1666,Y,Y,29.80034,-95.70401,15,,,1,19000,,SAUMS,RD,N,N,40,N,N,,Y,15,,,1,2500,,GREENHOUSE,RD,,,,,,,11,4,4,,1,1,5,8:10 PM,DISPATCHED,8:18 PM,12/25/2013,Y,TX1010000,1419,125,4,5,8,2,1,10,64,3,1,4,1,21,21,101,1666,29.8003048,-95.704053,,,,,SAUMS RD,19021,,,,,,,,,GREENHOUSE RD,,,,,Y,N,Y,3,0,Y,WED,,,,,,,,,,,,,,,,,,,,,,,,,,,,,,,,,,,,,,,,,,,,,,,,,,,,,,,,0,0,2,1,0,2,0,15,,,
13645017,N,N,N,N,N,N,N,12/31/2013,6:00 PM,130180516,1036185,101,1666,Y,Y,30.02801,-95.44678,4,1960,,1,900,,CYPRESS CREEK,PKWY,N,N,40,N,N,,Y,15,,,1,17000,,RED OAK,DR,,,,,,,11,4,8,2,2,1,5,6:19 PM,DISPATCHED,7:58 PM,12/31/2013,N,TX1010000,1419,74,4,5,8,2,1,10,64,54,1,3,1,21,21,101,1666,30.01688705,-95.44364783,FM,1960,,12.46,FM1960,901,1685,1,13.724,678,0.69,,,,RED OAK DR,,,,,Y,Y,Y,5,0,Y,TUE,3,0,0,0,10,2,8,150,116,116,4,0,0,1,0,0,1,0,0,1,10,4,14,55806,2014,55806,3.5,1,4.6,,,,,,,,,,,,,,,,,,,,,,,,,,,0,0,0,1,1,0,0,15,,,
13645457,N,N,N,N,N,N,N,12/20/2013,9:55 PM,130175873,4002783,101,1666,Y,Y,29.72948,-95.62648,19,,,1,13300,,RICHMOND,AVE,N,N,35,N,N,DAMP,Y,19,,,1,3000,W,HAMPTON,DR,,,,,DAMP,,2,4,2,,1,2,5,9:59 PM,DISPATCHED,10:17 PM,12/21/2013,Y,TX1015000,2745,60,38,53,8,2,1,34,35,3,1,4,1,21,21,101,1666,29.72947482,-95.62647302,,,,,RICHMOND AVE,13501,,,,,,,,,W HAMPTON DR,,,,,Y,N,Y,3,0,Y,FRI,,,,,,,,,,,,,,,,,,,,,,,,,,,,,,,,,,,,,,,,,,,,,,,,,,,,,,,,0,0,2,2,0,2,0,15,,,
13645467,N,N,N,N,N,N,N,12/27/2013,12:30 AM,130178512,3506311,101,1666,Y,Y,30.00407,-95.60975,19,,,1,16011,,LAKESTONE,DR,N,N,0,N,N,PUBLIC ROADWAY,N,19,,,,12100,,GUERNSEY,DR,,,,,PUBLIC ROADWAY,,11,3,0,,1,1,1,10:50 AM,DISPATCHED,10:59 AM,12/27/2013,Y,TX1014900,2744,44,5,6,8,4,4,1,64,54,1,4,1,21,21,101,1666,30.00403684,-95.60964646,,,,,LAKESTONE DR,16011,,,,,,,,,,,,,,Y,N,Y,0,0,Y,FRI,,,,,,,,,,,,,,,,,,,,,,,,,,,,,,,,,,,,,,,,,,,,,,,,,,,,,,,,0,0,0,0,1,0,0,15,,,
13645476,N,N,N,N,N,N,N,12/27/2013,11:00 AM,130178533,1010133,101,1666,Y,N,29.8838,-95.64501,3,6,,1,7300,N,NOT REPORTED,,N,N,40,N,N,,N,15,,,,,,SUGAR RIDGE,DR,,,,,,,11,1,0,3,1,1,5,11:32 AM,DISPATCHED,11:37 AM,12/27/2013,Y,TX1010000,1419,2,4,5,8,2,2,22,64,38,1,2,1,21,21,101,1666,29.88382144,-95.64501767,SH,6,,484.163,SH0006,,1685,5,3.837,666,0.832,,,,SUGAR RIDGE DR,,,,,Y,Y,Y,3,0,Y,FRI,2,0,8,8,0,2,6,120,76,60,4,2,2,2,8,2,2,8,2,0,0,4,14,41363,2014,41363,3.9,1.4,5.2,1,566,0,,0,,,,,,,,,,,,,,,,,,,,,,0,0,1,1,0,1,0,15,,,
13645595,N,N,N,N,N,N,N,12/20/2013,4:13 PM,P13-185710,,188,12,N,Y,,,19,,,1,2800,S,WESTERN,ST,N,N,40,N,N,,Y,19,,,1,4100,,OLSEN,BLVD,,,,,,,12,1,0,3,1,1,5,3:47 PM,DISPATCH,3:53 PM,12/20/2013,Y,TX1880100,33,,,57,8,2,1,10,64,54,1,3,1,21,21,188,12,35.24262264,-101.8843115,FM,1719,,8.65,FM1719,2800,1624,1,14.515,102,0.704,SL,335,,SL0335,,,,,Y,Y,N,1,8,Y,FRI,2,0,10,10,0,2,4,100,70,48,4,1,1,2,10,5,2,10,5,0,0,3,16,5203,2014,5203,4.9,2.9,7.8,,,,,,,,,,,,,,,,,,,,,,,,,,,1,0,0,1,0,1,0,120,,,
13645747,N,N,N,N,N,N,N,12/24/2013,2:00 PM,130177420,1038022,101,1666,Y,Y,30.07056,-95.45442,4,2920,,1,2400,,NOT REPORTED,,N,N,40,N,N,,N,15,,,,,,HANNOVER FOREST,RD,,,,,HANNOVER WOODS,,11,1,0,3,1,1,1,2:05 PM,DISPATCHED,2:13 PM,12/24/2013,Y,TX1010000,1419,74,4,5,8,2,4,22,64,42,1,3,1,21,21,101,1666,30.07055891,-95.45689594,FM,2920,,29.523,FM2920,2560,2941,2,18.326,676,-0.565,,,,,,,,,Y,Y,Y,3,0,Y,TUE,2,0,8,8,0,3,4,120,78,62,6,0,0,2,8,5,2,8,5,0,0,4,14,31722,2014,31722,1.4,1.7,3.1,,,,,,,,,,,,,,,,,,,,,,,,,,,0,0,1,1,0,1,0,15,,,