Crash_ID,Crash_Fatal_Fl,Cmv_Involv_Fl,Schl_Bus_Fl,Rr_Relat_Fl,Medical_Advisory_Fl,Amend_Supp_Fl,Active_School_Zone_Fl,Crash_Date,Crash_Time,Case_ID,Local_Use,Rpt_CRIS_Cnty_ID,Rpt_City_ID,Rpt_Outside_City_Limit_Fl,Thousand_Damage_Fl,Rpt_Latitude,Rpt_Longitude,Rpt_Rdwy_Sys_ID,Rpt_Hwy_Num,Rpt_Hwy_Sfx,Rpt_Road_Part_ID,Rpt_Block_Num,Rpt_Street_Pfx,Rpt_Street_Name,Rpt_Street_Sfx,Private_Dr_Fl,Toll_Road_Fl,Crash_Speed_Limit,Road_Constr_Zone_Fl,Road_Constr_Zone_Wrkr_Fl,Rpt_Street_Desc,At_Intrsct_Fl,Rpt_Sec_Rdwy_Sys_ID,Rpt_Sec_Hwy_Num,Rpt_Sec_Hwy_Sfx,Rpt_Sec_Road_Part_ID,Rpt_Sec_Block_Num,Rpt_Sec_Street_Pfx,Rpt_Sec_Street_Name,Rpt_Sec_Street_Sfx,Rpt_Ref_Mark_Offset_Amt,Rpt_Ref_Mark_Dist_Uom,Rpt_Ref_Mark_Dir,Rpt_Ref_Mark_Nbr,Rpt_Sec_Street_Desc,Rpt_CrossingNumber,Wthr_Cond_ID,Light_Cond_ID,Entr_Road_ID,Road_Type_ID,Road_Algn_ID,Surf_Cond_ID,Traffic_Cntl_ID,Investigat_Notify_Time,Investigat_Notify_Meth,Investigat_Arrv_Time,Report_Date,Investigat_Comp_Fl,ORI_Number,Investigat_Agency_ID,Investigat_Area_ID,Investigat_District_ID,Investigat_Region_ID,Bridge_Detail_ID,Harm_Evnt_ID,Intrsct_Relat_ID,FHE_Collsn_ID,Obj_Struck_ID,Othr_Factr_ID,Road_Part_Adj_ID,Road_Cls_ID,Road_Relat_ID,Phys_Featr_1_ID,Phys_Featr_2_ID,Cnty_ID,City_ID,Latitude,Longitude,Hwy_Sys,Hwy_Nbr,Hwy_Sfx,Dfo,Street_Name,Street_Nbr,Control,Section,Milepoint,Ref_Mark_Nbr,Ref_Mark_Displ,Hwy_Sys_2,Hwy_Nbr_2,Hwy_Sfx_2,Street_Name_2,Street_Nbr_2,Control_2,Section_2,Milepoint_2,Txdot_Rptable_Fl,Onsys_Fl,Rural_Fl,Crash_Sev_ID,Pop_Group_ID,Located_Fl,Day_of_Week,Hwy_Dsgn_Lane_ID,Hwy_Dsgn_Hrt_ID,Hp_Shldr_Left,Hp_Shldr_Right,Hp_Median_Width,Base_Type_ID,Nbr_Of_Lane,Row_Width_Usual,Roadbed_Width,Surf_Width,Surf_Type_ID,Curb_Type_Left_ID,Curb_Type_Right_ID,Shldr_Type_Left_ID,Shldr_Width_Left,Shldr_Use_Left_ID,Shldr_Type_Right_ID,Shldr_Width_Right,Shldr_Use_Right_ID,Median_Type_ID,Median_Width,Rural_Urban_Type_ID,Func_Sys_ID,Adt_Curnt_Amt,Adt_Curnt_Year,Adt_Adj_Curnt_Amt,Pct_Single_Trk_Adt,Pct_Combo_Trk_Adt,Trk_Aadt_Pct,Curve_Type_ID,Curve_Lngth,Cd_Degr,Delta_Left_Right_ID,Dd_Degr,Feature_Crossed,Structure_Number,I_R_Min_Vert_Clear,Approach_Width,Bridge_Median_ID,Bridge_Loading_Type_ID,Bridge_Loading_In_1000_Lbs,Bridge_Srvc_Type_On_ID,Bridge_Srvc_Type_Under_ID,Culvert_Type_ID,Roadway_Width,Deck_Width,Bridge_Dir_Of_Traffic_ID,Bridge_Rte_Struct_Func_ID,Bridge_IR_Struct_Func_ID,CrossingNumber,RRCo,Poscrossing_ID,WDCode_ID,Standstop,Yield,Incap_Injry_Cnt,Nonincap_Injry_Cnt,Poss_Injry_Cnt,Non_Injry_Cnt,Unkn_Injry_Cnt,Tot_Injry_Cnt,Death_Cnt,MPO_ID,Investigat_Service_ID,Investigat_DA_ID,Investigator_Narrative
13645968,N,N,N,N,N,N,N,12/23/2013,6:32 PM,2013-00034282,,105,239,N,Y,,,19,,,1,5600,,KYLE,PKWY,N,N,45,N,N,,Y,1,35,,2,20600,E,NOT REPORTED,,,,,,,,11,4,0,2,1,1,5,6:36 PM,DISPATCHED,6:43 PM,12/23/2013,Y,TX1050700,1604,,,,8,2,1,21,64,9,2,1,1,21,21,105,239,30.03545616,-97.84551792,IH,35,,216.695,IH0035,,16,2,19.536,217,0.156,,,,KYLE XING,,,,,Y,Y,N,5,6,Y,MON,5,0,2,10,6,2,6,350,96,72,4,0,0,2,4,5,2,20,5,,2,4,11,100250,2014,100250,4.9,8,13,,,,,,,,,,,,,,,,,,,,,,,,,,,0,0,0,2,0,0,0,90,,,
13646011,N,N,N,N,N,N,N,12/28/2013,4:26 PM,13-126688,,220,156,N,Y,32.71395,-97.27257,19,,,1,3600,E,BERRY,ST,N,N,30,N,N,,Y,19,,,1,3200,,BRIGHT,ST,,,,,,,11,1,4,,4,1,8,4:30 PM,DISPATCHED,4:35 PM,12/28/2013,Y,TX2201200,1318,4,3,23,8,2,1,10,64,54,1,5,1,21,21,220,156,32.71403429,-97.27153245,,,,,E BERRY ST,3701,,,,,,,,,BRIGHT ST,,,,,Y,N,N,5,9,Y,SAT,,,,,,,,,,,,,,,,,,,,,,,,,,,,,,,,,,,,,,,,,,,,,,,,,,,,,,,,0,0,0,2,0,0,0,282,,,
13648751,N,N,N,N,N,N,N,12/29/2013,1:55 PM,130179468,1029163,101,1666,Y,Y,29.81577,-95.02421,19,,,1,2410,,FOXGLOVE,ST,N,N,30,N,N,,N,15,,,,,,OLEANDER,ST,,,,,,,11,1,0,,1,1,11,1:36 PM,DISPATCHED,2:23 PM,12/29/2013,Y,TX1010000,1419,109,4,5,8,2,3,11,64,14,1,4,1,32,21,101,1666,29.815899,-95.02424799,,,,,FOXGLOVE ST,2410,,,,,,,,,,,,,,Y,N,Y,5,0,Y,SUN,,,,,,,,,,,,,,,,,,,,,,,,,,,,,,,,,,,,,,,,,,,,,,,,,,,,,,,,0,0,0,5,0,0,0,15,,,
13648846,N,N,N,N,N,N,N,12/28/2013,1:33 PM,13-40308,,184,1356,N,Y,,,3,199,,1,100,,NOT REPORTED,,N,N,40,N,N,,Y,4,51,,1,300,,NOT REPORTED,,,,,,,,12,1,0,1,1,1,1,1:33 PM,DISPATCHED,1:35 PM,12/29/2013,Y,1840300TX,2168,,,,8,2,2,22,64,38,1,2,1,21,21,184,1356,32.96307756,-97.68329921,SH,199,,26.884,SH0199,,171,3,10.382,544,-0.525,FM,51,,FM0051,,,,,Y,Y,Y,5,3,Y,SAT,2,0,8,8,0,2,2,150,42,26,4,0,0,2,8,5,2,8,5,0,0,1,2,18284,2014,18284,2.1,1.6,3.7,,,,,,,,,,,,,,,,,,,,,,,,,,,0,0,0,2,0,0,0,282,,,
13648880,N,N,N,N,N,N,N,12/19/2013,11:00 AM,130174861,1029057,101,1666,Y,Y,30.03634,-95.49596,15,,,1,5300,,LOUETTA,RD,N,N,40,N,N,,N,15,,,,,,KLEIN CHURCH,RD,,,,,,,12,1,0,,1,1,1,11:28 AM,DISPATCHED,12:13 PM,12/19/2013,Y,TX1010000,1419,80,4,5,8,2,3,22,64,42,1,4,1,32,21,101,1666,30.03790079,-95.49309188,,,,,LOUETTA RD,5112,,,,,,,,,,,,,,Y,N,Y,5,0,Y,THU,,,,,,,,,,,,,,,,,,,,,,,,,,,,,,,,,,,,,,,,,,,,,,,,,,,,,,,,0,0,0,2,0,0,0,15,,,
13649135,N,N,N,N,N,N,N,12/16/2013,8:10 AM,130173197,1034116,101,1666,Y,Y,30.0669,-95.45182,15,,,1,2400,,SPRING CYPRESS,RD,N,N,45,N,N,,N,15,,,,,,SPRING FALLS,,,,,,,,11,1,0,,1,1,20,8:14 AM,DISPATCHED,8:24 AM,12/16/2013,Y,TX1010000,1419,205,33,5,8,2,4,22,64,42,1,4,1,21,21,101,1666,30.06695444,-95.45163618,,,,,SPRING CYPRESS RD,2400,,,,,,,,,,,,,,Y,N,Y,5,0,Y,MON,,,,,,,,,,,,,,,,,,,,,,,,,,,,,,,,,,,,,,,,,,,,,,,,,,,,,,,,0,0,0,3,0,0,0,15,,,
13649252,N,N,N,N,N,N,N,12/16/2013,4:12 PM,130173445,1032483,101,1666,Y,N,,,15,,,1,2600,,GREENHOUSE,RD,N,N,40,N,N,,Y,15,,,1,19100,,SPANISH NEEDLE,DR,,,,,,,11,1,2,,1,1,5,4:15 PM,DISPATCHED,4:22 PM,12/16/2013,Y,TX1010000,1419,100,4,5,8,5,1,1,64,54,1,4,1,21,21,101,1666,29.8053548,-95.704083,,,,,GREENHOUSE RD,,,,,,,,,,SPANISH NEEDLE DR,,,,,Y,N,Y,2,0,Y,MON,,,,,,,,,,,,,,,,,,,,,,,,,,,,,,,,,,,,,,,,,,,,,,,,,,,,,,,,0,1,0,1,0,1,0,15,,,
13649459,N,N,N,N,N,N,N,12/21/2013,6:30 AM,130175927,1031028,101,1666,Y,Y,30.07407,-95.50313,4,2920,,1,5500,,NOT REPORTED,,N,N,45,N,N,FOUR LANE PUBLIC ROADWAY,Y,15,,,1,21100,,GOSLING,,,,,,FOUR LANE PUBLIC ROADWAY,,2,4,0,1,1,2,5,6:36 AM,DISPATCHED,6:45 AM,12/21/2013,Y,TX1010000,1419,80,4,5,8,2,1,34,64,3,1,3,1,21,21,101,1666,30.074072,-95.50314304,FM,2920,,26.718,FM2920,5436,2941,2,15.479,672,0.62,,,,GOSLING RD,,,,,Y,Y,Y,5,0,Y,SAT,2,0,3,3,0,2,2,120,36,24,4,0,0,2,3,5,2,3,5,0,0,4,14,31722,2014,31722,1.4,1.7,3.1,,,,,,,,,,,,,,,,,,,,,,,,,,,0,0,0,2,0,0,0,15,,,
13649460,N,N,N,N,N,N,N,12/20/2013,8:23 PM,130175729,1039590,101,1666,Y,Y,29.69811,-95.64797,15,,,1,7410,,RANCHO MISSION,DR,N,N,30,N,N,,N,15,,,,14900,,EMPANADA,,,,,,,,12,4,98,,1,1,1,8:22 PM,DISPATCHED,8:25 PM,12/20/2013,Y,TX1010000,1419,100,4,5,8,7,4,1,31,3,1,4,2,21,21,101,1666,29.69805454,-95.64788091,,,,,RANCHO MISSION DR,7410,,,,,,,,,,,,,,Y,N,Y,3,0,Y,FRI,,,,,,,,,,,,,,,,,,,,,,,,,,,,,,,,,,,,,,,,,,,,,,,,,,,,,,,,0,0,1,0,0,1,0,15,,,
13649476,N,N,N,N,N,N,N,12/21/2013,11:00 PM,130176286,1037494,101,1666,Y,Y,29.89691,-95.52491,15,,,1,8000,,FAIRBANKS N HOUSTON,RD,N,N,45,N,N,,Y,15,,,1,8600,,RODNEY RAY,BLVD,,,,,,,12,4,0,,1,1,5,11:05 PM,DISPATCHED,11:13 PM,12/22/2013,Y,TX1010000,1419,107,4,5,8,2,2,22,64,38,1,4,1,21,21,101,1666,29.89682478,-95.52497304,,,,,FAIRBANKS N HOUSTON RD,,,,,,,,,,RODNEY RAY BLVD,,,,,Y,N,Y,2,0,Y,SAT,,,,,,,,,,,,,,,,,,,,,,,,,,,,,,,,,,,,,,,,,,,,,,,,,,,,,,,,0,1,2,3,0,3,0,15,,,
13649930,N,Y,N,N,N,N,N,12/16/2013,4:16 PM,130173484,1036713,101,1666,Y,N,,,19,,,1,217,,ALDINE MAIL,RD,Y,N,0,N,N,,N,15,,,,,,AIRLINE,DR,,,,,,,11,1,0,,1,10,1,5:03 PM,DISPATCHED,5:24 PM,12/16/2013,Y,TX1010000,1419,55,33,5,8,7,4,1,27,3,7,9,5,33,21,101,1666,,,,,,,ALDINE MAIL RD,,,,,,,,,,,,,,,N,N,Y,5,0,N,MON,,,,,,,,,,,,,,,,,,,,,,,,,,,,,,,,,,,,,,,,,,,,,,,,,,,,,,,,0,0,0,1,0,0,0,,,,
13651021,N,N,N,N,N,N,N,12/20/2013,2:08 PM,13-1200757,,21,55,N,Y,,,19,,,1,2300,,OLD KURTEN,RD,N,N,0,N,N,,Y,19,,,1,300,,WACO,ST,,,,,,,12,1,4,,1,1,8,2:10 PM,BRYAN POLICE DISPATC,2:18 PM,12/20/2013,N,TX0210100,174,,,,8,2,1,10,64,54,1,5,1,21,21,21,55,30.68875465,-96.36416279,,,,,OLD KURTEN RD,2299,,,,,,,,,WACO ST,,,,,Y,N,N,5,7,Y,FRI,,,,,,,,,,,,,,,,,,,,,,,,,,,,,,,,,,,,,,,,,,,,,,,,,,,,,,,,0,0,0,2,1,0,0,249,,,
13651088,N,N,N,N,N,N,N,12/31/2013,2:10 PM,1300025233,,15,435,N,Y,,,3,218,,1,3100,,PAT BOOKER ROADSH 218,HWY,N,N,40,N,N,,Y,19,,,1,100,,ATHENIAN,,,,,,,,11,1,0,,1,1,5,2:10 PM,DISPATCHED,2:11 PM,1/2/2014,Y,TX0151400,2328,,8,11,8,2,1,10,64,54,1,2,1,21,21,15,435,,,SH,218,,,SH0218,,,,,,,,,,ATHENIAN,,,,,Y,Y,N,5,5,N,TUE,,,,,,,,,,,,,,,,,,,,,,,,,,,,,,,,,,,,,,,,,,,,,,,,,,,,,,,,0,0,0,2,0,0,0,,,,
13652688,N,N,N,N,N,N,N,12/19/2013,8:19 PM,133531811,,227,22,N,Y,,,3,360,,1,2900,,NOT REPORTED,,N,N,55,N,N,S. CAPITAL OF TEXAS HWY,N,11,1,,,,,NOT REPORTED,,,,,,MOPAC EXPY,,12,3,0,2,1,1,1,8:22 PM,DISPATCH,9:15 PM,12/19/2013,N,TX2270100,74,1043,93,112,8,2,4,22,64,42,1,2,1,21,21,227,22,30.25021207,-97.80616125,SL,360,,12.539,SL0360,,113,13,23.551,444,0.51,,,,,,,,,Y,Y,N,5,9,Y,THU,3,0,4,10,68,2,4,350,76,48,4,0,0,2,8,5,2,20,5,3,60,4,14,69369,2014,69369,2.3,0.4,2.7,,,,,,,,,,,,,,,,,,,,,,,,,,,0,0,0,4,0,0,0,90,,,
13654681,N,N,N,N,N,N,N,12/14/2013,8:11 PM,13-00753,,152,400,N,Y,33.43813,-101.649,19,,,1,500,W,LYNN,ST,N,N,30,N,N,,N,19,,,1,100,N,13TH,ST,,,,,,,11,4,0,,1,1,1,8:11 PM,DISPATCHED,8:11 PM,12/14/2013,Y,TX1520400,2131,,,33,8,4,3,4,64,14,1,5,1,32,21,152,400,33.43806025,-101.6492143,,,,,W LYNN ST,579,,,,,,,,,,,,,,Y,N,N,5,4,Y,SAT,,,,,,,,,,,,,,,,,,,,,,,,,,,,,,,,,,,,,,,,,,,,,,,,,,,,,,,,0,0,0,2,0,0,0,,,,
13654706,N,N,N,N,N,N,N,12/14/2013,6:17 PM,C1308304,,178,97,N,Y,,,19,,,1,15200,S,PADRE ISLAND,DR,N,N,30,N,N,,Y,19,,,1,14300,,WHITECAP,BLVD,,,,,,,11,4,0,2,1,1,5,6:18 PM,DISPATCH,6:24 PM,12/14/2013,Y,TX1780200,1115,,,12,8,2,2,20,64,46,1,3,1,21,21,178,97,27.60197266,-97.22218237,PR,22,,7.081,PR0022,,617,2,7.761,626,0.538,,,,WHITECAP BLVD,,,,,Y,Y,N,5,9,Y,SAT,4,0,6,10,47,2,4,200,80,48,4,0,0,2,12,5,2,20,5,3,35,4,14,13798,2014,13798,8.2,1,9.2,,,,,,,,,,,,,,,,,,,,,,,,,,,0,0,0,4,0,0,0,96,,,
13663539,N,N,N,N,N,N,N,12/19/2013,12:37 AM,133530034,,227,22,N,Y,,,19,,,1,2600,E,2ND,ST,N,N,30,N,N,,N,19,,,,,N,PLEASANT VALLEY,RD,,,,,,,11,4,0,,1,1,11,12:37 AM,DISPATCH,12:43 AM,12/19/2013,Y,TX2270100,74,250,34,48,8,4,4,1,64,54,1,5,1,21,21,227,22,30.2543058,-97.71359841,,,,,E 2ND ST,2705,,,,,,,,,,,,,,Y,N,N,5,9,Y,THU,,,,,,,,,,,,,,,,,,,,,,,,,,,,,,,,,,,,,,,,,,,,,,,,,,,,,,,,0,0,0,1,0,0,0,90,,,
13663832,N,N,N,N,N,N,N,12/27/2013,6:40 PM,133611340,,227,22,N,Y,,,19,,,1,8600,N,LAMAR,BLVD,N,N,45,N,N,,N,19,,,,700,,BEAVER 1,ST,,,,,,,11,5,98,3,1,1,20,6:41 PM,DISPATCHED,6:41 PM,12/27/2013,Y,TX2270100,74,,114,143,8,2,3,14,64,14,1,2,1,32,21,227,22,30.26665873,-97.75621312,SL,343,,3.87,SL0343,106,113,12,5.043,568,-0.507,,,,,,,,,Y,Y,N,5,9,Y,FRI,2,0,0,7,0,2,4,74,51,44,4,0,0,1,0,0,2,7,5,0,0,4,14,29304,2014,29304,1.2,0.4,1.6,,,,,,,,,,,,,,,,,,,,,,,,,,,0,0,0,3,0,0,0,90,,,
13664375,N,N,N,N,N,N,N,12/22/2013,9:35 PM,130176660,1037905,101,1666,Y,N,29.79197,-95.17843,15,,,1,300,,FREEPORT,ST,N,N,30,Y,N,,N,15,,,,,,WOODFOREST,BLVD,,,,,,,11,4,0,,1,1,1,9:36 PM,DISPATCHED,9:42 PM,12/22/2013,Y,TX1010000,1419,347,33,5,8,2,2,22,64,49,1,4,1,20,21,101,1666,29.79206387,-95.1784303,,,,,FREEPORT ST,398,,,,,,,,,WOODFOREST BLVD,,,,,N,N,Y,5,0,Y,SUN,,,,,,,,,,,,,,,,,,,,,,,,,,,,,,,,,,,,,,,,,,,,,,,,,,,,,,,,0,0,0,2,0,0,0,15,,,
13664379,N,N,N,N,N,N,N,12/28/2013,9:30 PM,130179230,3505995,101,1666,Y,Y,30.08055,-95.52021,19,,,1,21600,,KUYKENDAHL,RD,N,N,45,N,N,,Y,19,,,1,21600,,NORTHCREST,DR,,,,,,,11,4,0,,1,1,5,9:33 PM,DISPATCHED,9:35 PM,12/28/2013,Y,TX1014900,2744,450,5,6,8,2,1,14,64,54,1,4,1,21,21,101,1666,30.08047379,-95.52014205,,,,,KUYKENDAHL RD,21656,,,,,,,,,UNKNOWN,,,,,Y,N,Y,3,0,Y,SAT,,,,,,,,,,,,,,,,,,,,,,,,,,,,,,,,,,,,,,,,,,,,,,,,,,,,,,,,0,0,1,3,0,1,0,15,,,
13664605,N,N,N,N,N,N,N,12/29/2013,11:14 AM,13-121697,,243,459,N,Y,33.85154,-98.57707,19,,,1,4900,,WHISPER WIND,DR,N,N,25,N,N,,N,19,,,7,,,WHISPER WIND,DR,,,,,,,11,6,98,,1,1,1,11:37 AM,DISPATCH,11:43 AM,12/29/2013,Y,TX2430500,2426,,,,8,4,2,1,64,54,1,5,1,21,21,243,459,33.85244413,-98.57433207,,,,,WHISPER WIND DR,4900,,,,,,,,,UNKNOWN,,,,,Y,N,N,0,8,Y,SUN,,,,,,,,,,,,,,,,,,,,,,,,,,,,,,,,,,,,,,,,,,,,,,,,,,,,,,,,0,0,0,0,1,0,0,151,,,
13684037,N,N,N,N,N,N,N,12/23/2013,10:56 AM,C1308425,,178,97,N,N,,,19,,,1,4200,,MONTEGO,DR,N,N,30,N,N,,N,19,,,1,5600,,FRESNO,DR,,,,,,,11,1,98,,1,1,8,10:59 AM,DISPATCH,11:17 AM,12/23/2013,Y,TX1780200,1115,,,19,8,7,2,3,32,54,1,5,2,21,21,178,97,27.71081112,-97.40009727,,,,,MONTEGO DR,4195,,,,,,,,,FRESNO DR,,,,,N,N,N,5,9,Y,MON,,,,,,,,,,,,,,,,,,,,,,,,,,,,,,,,,,,,,,,,,,,,,,,,,,,,,,,,0,0,0,2,0,0,0,96,,,
13691771,N,N,N,N,N,N,N,12/27/2013,2:58 PM,C13-120099,,161,995,N,Y,,,1,35,,1,321,S,IH 35,HWY,N,N,70,Y,N,,N,,,,,,,NOT REPORTED,,0.1,M,N,321MP,,,11,1,0,,1,1,20,2:58 PM,OFFICER INITIATED,2:58 PM,12/27/2013,Y,TX1550600,1693,19,81,106,8,2,4,20,64,49,1,1,1,21,21,161,995,,,IH,35,,,IH0035,,,,,,,,,,NOT REPORTED,,,,,Y,Y,Y,5,1,N,FRI,,,,,,,,,,,,,,,,,,,,,,,,,,,,,,,,,,,,,,,,,,,,,,,,,,,,,,,,0,0,0,5,0,0,0,,,,
13691835,N,N,N,N,N,N,N,12/21/2013,1:17 PM,13-46032,,152,270,N,N,,,3,82,,7,1800,,MARSHA SHARP,FWY,Y,N,20,N,N,,N,19,,,1,400,,AVENUE R,AVE,,,,,,,12,1,98,,1,1,1,1:20 PM,POLICE RADIO CALL,1:25 PM,12/21/2013,Y,TX1520200,1706,,,,8,2,4,35,64,3,7,9,5,33,21,152,270,,,SH,82,,,SH0082,,,,,,,,,,,,,,,N,Y,N,5,8,N,SAT,,,,,,,,,,,,,,,,,,,,,,,,,,,,,,,,,,,,,,,,,,,,,,,,,,,,,,,,0,0,0,3,0,0,0,,,,
13697801,N,N,N,N,N,N,N,12/15/2013,7:09 PM,130173013,1031517,101,1666,Y,Y,,,15,8100,,1,,,FAIRBANKS N HOUSTON,RD,N,N,30,N,N,,Y,15,,,1,,,BREEN,DR,,,,,,,11,4,4,,1,1,5,7:11 PM,DISPATCHED,7:15 PM,12/15/2013,Y,TX1010000,1419,237,4,5,8,2,1,34,64,54,1,4,1,21,21,101,1666,29.89794478,-95.52497304,,,,,FAIRBANKS N HOUSTON RD,,,,,,,,,,BREEN DR,,,,,Y,N,Y,5,0,Y,SUN,,,,,,,,,,,,,,,,,,,,,,,,,,,,,,,,,,,,,,,,,,,,,,,,,,,,,,,,0,0,0,3,0,0,0,15,,,
13701131,N,Y,N,N,N,N,N,12/13/2013,2:14 PM,131200442,,203,1282,N,Y,31.53243,-94.1252,3,21,,1,1000,W,STATE HWY 21 EAST,HWY,N,N,35,N,N,PAVED DIVIDED TWO WAY,Y,2,96,,1,100,S,US HWY 96 SOUTH,HWY,,,,,PAVED FOUR LANE DIVIDED,,11,1,7,1,2,1,8,2:14 PM,DISPATCH,2:14 PM,12/13/2013,N,TX2030100,2073,,,,8,2,1,23,64,8,1,2,1,21,21,203,1282,31.5325737,-94.1255188,US,96,,29.999,US0096,600,809,3,6.634,346,0.641,SH,21,,SH0021,,118,10,10.648,Y,Y,Y,5,1,Y,FRI,2,0,6,10,0,2,3,120,51,35,4,0,0,2,6,5,2,10,5,0,0,1,2,6429,2014,6429,4,22.9,26.9,,,,,,,,,,,,,,,,,,,,,,,,,,,0,0,0,2,0,0,0,,,,
13701166,N,N,N,N,N,Y,N,12/20/2013,12:00 PM,13-12-227,,227,1088,N,Y,,,19,,,1,9700,,BOCK,RD,N,N,35,N,N,,N,19,,,1,8000,,EVELYN ROAD,,,,,,,,0,0,0,,1,0,1,12:00 PM,POLICE DISPATCH,12:05 PM,2/7/2014,Y,TX2272300,1821,,,,8,7,4,5,31,54,1,5,2,21,21,227,1088,30.06592349,-97.67273239,,,,,BOCK DR,9700,,,,,,,,,,,,,,Y,N,Y,0,1,Y,FRI,,,,,,,,,,,,,,,,,,,,,,,,,,,,,,,,,,,,,,,,,,,,,,,,,,,,,,,,0,0,0,0,1,0,0,90,,,
13711772,N,N,N,N,N,N,N,12/18/2013,5:53 PM,13-1218-0028,13A1014,246,372,N,Y,,,1,35,,1,1700,S,NORTH BOUND PROPER,,N,N,70,N,N,,N,1,35,,,1700,S,NORTH BOUND PROPER,,,,,,,,11,1,0,2,1,1,20,6:23 PM,DISPATCHED,6:51 PM,12/18/2013,Y,TX2460500,2047,,,,8,2,4,20,64,54,1,1,1,21,21,246,372,30.49222248,-97.67772304,IH,35,,250.711,IH0035,,15,9,0.827,251,0.203,,,,,,,,,Y,Y,N,5,8,Y,WED,5,0,8,10,19,2,6,300,108,72,4,0,0,2,16,5,2,20,5,2,3,4,11,149741,2014,149741,3.3,9.4,12.7,,,,,,,,,,,,,,,,,,,,,,,,,,,0,0,0,5,0,0,0,90,,,
13720780,N,N,N,N,N,N,N,12/21/2013,6:47 PM,133551297,,227,22,N,Y,,,19,,,1,6253,,MCNEIL,DR,N,N,0,N,N,,N,19,,,,,,AMARILLO,AVE,,,,,,,11,4,0,,1,1,5,6:30 PM,DISPATCH,6:35 PM,12/21/2013,Y,TX2270100,74,,46,64,8,2,4,22,64,38,1,5,1,21,21,227,22,30.44181541,-97.74799402,,,,,MCNEIL DR,,,,,,,,,,,,,,,Y,N,N,2,9,Y,SAT,,,,,,,,,,,,,,,,,,,,,,,,,,,,,,,,,,,,,,,,,,,,,,,,,,,,,,,,0,2,0,0,0,2,0,90,,,
13761322,N,N,N,N,N,N,N,12/24/2013,3:50 PM,13-00795,,101,208,N,N,,,19,,,3,3100,,CLEBURNE,ST,N,N,30,N,N,TWO WAY DIVIDED,N,19,,,1,4100,,ENNIS,ST,,,,,TWO WAY DIVIDED,,11,1,2,,2,1,1,3:50 PM,DISPATCHED,3:54 PM,12/24/2013,N,1013300,2258,,,,8,2,4,31,64,3,7,9,5,33,21,101,208,,,,,,,CLEBURNE ST,,,,,,,,,,,,,,,N,N,N,5,9,N,TUE,,,,,,,,,,,,,,,,,,,,,,,,,,,,,,,,,,,,,,,,,,,,,,,,,,,,,,,,0,0,0,3,0,0,0,,,,
13763399,N,N,N,N,N,N,N,12/26/2013,1:41 PM,13-360114,,71,136,N,Y,,,19,,,1,5300,,MARCUS URIBE,DR,N,N,30,N,N,,Y,19,,,1,11300,,MANUEL GAMEROS,,,,,,,,11,1,0,,1,1,1,1:43 PM,DISPATCHED,1:56 PM,12/26/2013,Y,TX0710200,1259,,,194,8,2,1,10,64,54,1,5,1,21,21,71,136,31.93724482,-106.4187703,,,,,MARCUS URIBE DR,,,,,,,,,,MANUEL GAMEROS DR,,,,,Y,N,N,5,9,Y,THU,,,,,,,,,,,,,,,,,,,,,,,,,,,,,,,,,,,,,,,,,,,,,,,,,,,,,,,,0,0,0,2,0,0,0,66,,,
13814075,Y,N,N,N,N,Y,N,12/16/2013,4:14 AM,130173143,1039120,101,1666,Y,Y,29.93755,-95.49792,15,,,1,11100,,BAMMEL N HOUSTON,RD,N,N,35,N,N,,N,15,,,,,N,SAM HOUSTON,PKWY,,,,,,,11,4,0,,1,1,20,4:21 AM,DISPATCHED,4:25 AM,4/21/2014,Y,TX1010000,1419,347,33,5,8,1,4,1,64,54,1,4,1,21,21,101,1666,29.94012193,-95.49788154,,,,,BAMMEL NORTH HOUSTON RD,11254,,,,,,,,,,,,,,Y,N,Y,4,0,Y,MON,,,,,,,,,,,,,,,,,,,,,,,,,,,,,,,,,,,,,,,,,,,,,,,,,,,,,,,,0,0,0,1,0,0,1,15,,,
13887877,N,N,N,N,N,N,N,12/18/2013,3:02 PM,13-38921,,108,295,N,N,,,19,,,7,901,N,FRANCISCO,,N,N,0,N,N,POST OFFICE PARKING LOT,N,8,83,,,,E,9TH,ST,,,,,,,11,1,0,,1,1,1,3:02 PM,DISPATCH,3:10 PM,12/18/2013,Y,TX1081000,1791,,,,8,4,4,1,64,3,7,9,5,33,21,108,295,,,,,,,N FRANCISCO,,,,,,,,,,,,,,,N,N,N,5,7,N,WED,,,,,,,,,,,,,,,,,,,,,,,,,,,,,,,,,,,,,,,,,,,,,,,,,,,,,,,,0,0,0,3,0,0,0,,,,
14138088,N,N,N,N,N,Y,N,12/22/2013,4:00 PM,20131976,,26,62,N,Y,,,3,200,,7,200,N,GREEN,ST,Y,N,40,N,N,,N,3,36,,1,200,N,GREEN,ST,,,,,GREEN ST.,,11,1,0,,7,1,1,4:00 PM,DISPATCHED,4:02 PM,11/18/2014,Y,TX0260100,194,,,,8,7,4,4,36,12,7,9,5,33,21,26,62,,,,,,,SH0200,,,,,,,,,,,,,,,N,Y,Y,5,3,N,SUN,,,,,,,,,,,,,,,,,,,,,,,,,,,,,,,,,,,,,,,,,,,,,,,,,,,,,,,,0,0,0,1,0,0,0,,,,